# Blender 4.1.0
# www.blender.org
mtllib Flashlight.mtl
o Flashlight
v -0.000000 0.010171 0.023166
v -0.003892 0.009397 0.023166
v -0.007192 0.007192 0.023166
v -0.009397 0.003892 0.023166
v -0.010171 -0.000000 0.023166
v -0.009397 -0.003892 0.023166
v -0.007192 -0.007192 0.023166
v -0.003892 -0.009397 0.023166
v -0.000000 -0.010171 0.023166
v 0.003892 -0.009397 0.023166
v 0.007192 -0.007192 0.023166
v 0.009397 -0.003892 0.023166
v 0.010171 -0.000000 0.023166
v 0.009397 0.003892 0.023166
v 0.007192 0.007192 0.023166
v 0.003892 0.009397 0.023166
v 0.000000 -0.000000 0.025579
v 0.000000 0.009954 -0.001334
v -0.002576 0.009615 -0.001334
v -0.004977 0.008621 -0.001334
v -0.007039 0.007039 -0.001334
v -0.008621 0.004977 -0.001334
v -0.009615 0.002576 -0.001334
v -0.009954 0.000000 -0.001334
v -0.009615 -0.002576 -0.001334
v -0.008621 -0.004977 -0.001334
v -0.007039 -0.007039 -0.001334
v -0.004977 -0.008621 -0.001334
v -0.002576 -0.009615 -0.001334
v 0.000000 -0.009954 -0.001334
v 0.002576 -0.009615 -0.001334
v 0.004977 -0.008621 -0.001334
v 0.007039 -0.007039 -0.001334
v 0.008621 -0.004977 -0.001334
v 0.009615 -0.002576 -0.001334
v 0.009954 0.000000 -0.001334
v 0.009615 0.002576 -0.001334
v 0.008621 0.004977 -0.001334
v 0.007039 0.007039 -0.001334
v 0.004977 0.008621 -0.001334
v 0.002576 0.009615 -0.001334
v 0.000000 0.010255 -0.001059
v -0.002654 0.009906 -0.001059
v -0.005128 0.008881 -0.001059
v -0.007252 0.007252 -0.001059
v -0.008881 0.005128 -0.001059
v -0.009906 0.002654 -0.001059
v -0.010255 -0.000000 -0.001059
v -0.009906 -0.002654 -0.001059
v -0.008881 -0.005128 -0.001059
v -0.007252 -0.007252 -0.001059
v -0.005128 -0.008881 -0.001059
v -0.002654 -0.009906 -0.001059
v 0.000000 -0.010255 -0.001059
v 0.002654 -0.009906 -0.001059
v 0.005128 -0.008881 -0.001059
v 0.007252 -0.007252 -0.001059
v 0.008881 -0.005128 -0.001059
v 0.009906 -0.002654 -0.001059
v 0.010255 -0.000000 -0.001059
v 0.009906 0.002654 -0.001059
v 0.008881 0.005128 -0.001059
v 0.007252 0.007252 -0.001059
v 0.005128 0.008881 -0.001059
v 0.002654 0.009906 -0.001059
v 0.000000 0.010255 0.000822
v -0.002654 0.009906 0.000822
v -0.005128 0.008881 0.000822
v -0.007252 0.007252 0.000822
v -0.008881 0.005128 0.000822
v -0.009906 0.002654 0.000822
v -0.010255 -0.000000 0.000822
v -0.009906 -0.002654 0.000822
v -0.008881 -0.005128 0.000822
v -0.007252 -0.007252 0.000822
v -0.005128 -0.008881 0.000822
v -0.002654 -0.009906 0.000822
v 0.000000 -0.010255 0.000822
v 0.002654 -0.009906 0.000822
v 0.005128 -0.008881 0.000822
v 0.007252 -0.007252 0.000822
v 0.008881 -0.005128 0.000822
v 0.009906 -0.002654 0.000822
v 0.010255 -0.000000 0.000822
v 0.009906 0.002654 0.000822
v 0.008881 0.005128 0.000822
v 0.007252 0.007252 0.000822
v 0.005128 0.008881 0.000822
v 0.002654 0.009906 0.000822
v 0.000000 0.010557 0.001144
v -0.002732 0.010197 0.001144
v -0.005278 0.009142 0.001144
v -0.007465 0.007465 0.001144
v -0.009142 0.005278 0.001144
v -0.010197 0.002732 0.001144
v -0.010557 -0.000000 0.001144
v -0.010197 -0.002732 0.001144
v -0.009142 -0.005278 0.001144
v -0.007465 -0.007465 0.001144
v -0.005278 -0.009142 0.001144
v -0.002732 -0.010197 0.001144
v 0.000000 -0.010557 0.001144
v 0.002732 -0.010197 0.001144
v 0.005278 -0.009142 0.001144
v 0.007465 -0.007465 0.001144
v 0.009142 -0.005278 0.001144
v 0.010197 -0.002732 0.001144
v 0.010557 -0.000000 0.001144
v 0.010197 0.002732 0.001144
v 0.009142 0.005278 0.001144
v 0.007465 0.007465 0.001144
v 0.005278 0.009142 0.001144
v 0.002732 0.010197 0.001144
v 0.000000 0.010557 0.025000
v -0.002732 0.010197 0.025000
v -0.005278 0.009142 0.026098
v -0.007465 0.007465 0.026098
v -0.009142 0.005278 0.026098
v -0.010197 0.002732 0.025000
v -0.010557 -0.000000 0.025000
v -0.010197 -0.002732 0.025000
v -0.009142 -0.005278 0.026098
v -0.007465 -0.007465 0.026098
v -0.005278 -0.009142 0.026098
v -0.002732 -0.010197 0.025000
v 0.000000 -0.010557 0.025000
v 0.002732 -0.010197 0.025000
v 0.005278 -0.009142 0.026098
v 0.007465 -0.007465 0.026098
v 0.009142 -0.005278 0.026098
v 0.010197 -0.002732 0.025000
v 0.010557 -0.000000 0.025000
v 0.010197 0.002732 0.025000
v 0.009142 0.005278 0.026098
v 0.007465 0.007465 0.026098
v 0.005278 0.009142 0.026098
v 0.002732 0.010197 0.025000
v -0.002732 0.010197 0.026098
v -0.010197 0.002732 0.026098
v -0.010197 -0.002732 0.026098
v -0.002732 -0.010197 0.026098
v 0.002732 -0.010197 0.026098
v 0.010197 -0.002732 0.026098
v 0.010197 0.002732 0.026098
v 0.002732 0.010197 0.026098
v -0.002526 0.009427 0.026098
v -0.004880 0.008452 0.026098
v -0.006901 0.006901 0.026098
v -0.008452 0.004880 0.026098
v -0.009427 0.002526 0.026098
v -0.009427 -0.002526 0.026098
v -0.008452 -0.004880 0.026098
v -0.006901 -0.006901 0.026098
v -0.004880 -0.008452 0.026098
v -0.002526 -0.009427 0.026098
v 0.002526 -0.009427 0.026098
v 0.004880 -0.008452 0.026098
v 0.006901 -0.006901 0.026098
v 0.008452 -0.004880 0.026098
v 0.009427 -0.002526 0.026098
v 0.009427 0.002526 0.026098
v 0.008452 0.004880 0.026098
v 0.006901 0.006901 0.026098
v 0.004880 0.008452 0.026098
v 0.002526 0.009427 0.026098
v -0.002526 0.009427 0.025000
v -0.004880 0.008452 0.025000
v -0.006901 0.006901 0.025000
v -0.008452 0.004880 0.025000
v -0.009427 0.002526 0.025000
v -0.009427 -0.002526 0.025000
v -0.008452 -0.004880 0.025000
v -0.006901 -0.006901 0.025000
v -0.004880 -0.008452 0.025000
v -0.002526 -0.009427 0.025000
v 0.002526 -0.009427 0.025000
v 0.004880 -0.008452 0.025000
v 0.006901 -0.006901 0.025000
v 0.008452 -0.004880 0.025000
v 0.009427 -0.002526 0.025000
v 0.009427 0.002526 0.025000
v 0.008452 0.004880 0.025000
v 0.006901 0.006901 0.025000
v 0.004880 0.008452 0.025000
v 0.002526 0.009427 0.025000
v 0.000000 0.009713 0.025000
v -0.009713 -0.000000 0.025000
v 0.000000 -0.009713 0.025000
v 0.009713 -0.000000 0.025000
v -0.000000 0.008710 -0.001334
v -0.002254 0.008413 -0.001334
v -0.004355 0.007543 -0.001334
v -0.006159 0.006159 -0.001334
v -0.007543 0.004355 -0.001334
v -0.008413 0.002254 -0.001334
v -0.008710 0.000000 -0.001334
v -0.008413 -0.002254 -0.001334
v -0.007543 -0.004355 -0.001334
v -0.006159 -0.006159 -0.001334
v -0.004355 -0.007543 -0.001334
v -0.002254 -0.008413 -0.001334
v -0.000000 -0.008710 -0.001334
v 0.002254 -0.008413 -0.001334
v 0.004355 -0.007543 -0.001334
v 0.006159 -0.006159 -0.001334
v 0.007543 -0.004355 -0.001334
v 0.008413 -0.002254 -0.001334
v 0.008710 0.000000 -0.001334
v 0.008413 0.002254 -0.001334
v 0.007543 0.004355 -0.001334
v 0.006159 0.006159 -0.001334
v 0.004355 0.007543 -0.001334
v 0.002254 0.008413 -0.001334
v -0.000000 0.008105 -0.000722
v -0.002098 0.007829 -0.000722
v -0.004052 0.007019 -0.000722
v -0.005731 0.005731 -0.000722
v -0.007019 0.004052 -0.000722
v -0.007829 0.002098 -0.000722
v -0.008105 0.000000 -0.000722
v -0.007829 -0.002098 -0.000722
v -0.007019 -0.004052 -0.000722
v -0.005731 -0.005731 -0.000722
v -0.004052 -0.007019 -0.000722
v -0.002098 -0.007829 -0.000722
v -0.000000 -0.008105 -0.000722
v 0.002098 -0.007829 -0.000722
v 0.004052 -0.007019 -0.000722
v 0.005731 -0.005731 -0.000722
v 0.007019 -0.004052 -0.000722
v 0.007829 -0.002098 -0.000722
v 0.008105 0.000000 -0.000722
v 0.007829 0.002098 -0.000722
v 0.007019 0.004052 -0.000722
v 0.005731 0.005731 -0.000722
v 0.004052 0.007019 -0.000722
v 0.002098 0.007829 -0.000722
v -0.001872 0.006987 0.018381
v -0.003617 0.006264 0.018381
v -0.005115 0.005115 0.018381
v -0.006264 0.003617 0.018381
v -0.006987 0.001872 0.018381
v -0.006987 -0.001872 0.018381
v -0.006264 -0.003617 0.018381
v -0.005115 -0.005115 0.018381
v -0.003617 -0.006264 0.018381
v -0.001872 -0.006987 0.018381
v 0.001872 -0.006987 0.018381
v 0.003617 -0.006264 0.018381
v 0.005115 -0.005115 0.018381
v 0.006264 -0.003617 0.018381
v 0.006987 -0.001872 0.018381
v 0.006987 0.001872 0.018381
v 0.006264 0.003617 0.018381
v 0.005115 0.005115 0.018381
v 0.003617 0.006264 0.018381
v 0.001872 0.006987 0.018381
v 0.000000 0.007199 0.018381
v -0.007199 0.000000 0.018381
v 0.000000 -0.007199 0.018381
v 0.007199 0.000000 0.018381
v -0.009142 0.005278 0.025000
v -0.007465 0.007465 0.025000
v -0.005278 0.009142 0.025000
v -0.005278 -0.009142 0.025000
v -0.007465 -0.007465 0.025000
v -0.009142 -0.005278 0.025000
v 0.009142 -0.005278 0.025000
v 0.007465 -0.007465 0.025000
v 0.005278 -0.009142 0.025000
v 0.005278 0.009142 0.025000
v 0.007465 0.007465 0.025000
v 0.009142 0.005278 0.025000
v -0.000000 0.009846 -0.003237
v 0.009846 -0.000000 -0.003237
v 0.009753 0.002548 -0.003237
v 0.008527 0.004923 -0.003237
v 0.006962 0.006962 -0.003237
v 0.004923 0.008527 -0.003237
v 0.002548 0.009510 -0.003237
v 0.003685 0.010392 -0.004679
v 0.000000 0.010445 -0.003780
v 0.008299 0.007320 -0.004679
v 0.006036 0.008840 -0.003881
v 0.009837 0.005073 -0.004679
v -0.009846 -0.000000 -0.003237
v -0.009753 0.002548 -0.003237
v -0.008527 0.004923 -0.003237
v -0.006962 0.006962 -0.003237
v -0.004923 0.008527 -0.003237
v -0.002548 0.009510 -0.003237
v -0.003685 0.010392 -0.004679
v -0.008299 0.007320 -0.004679
v -0.006036 0.008840 -0.003881
v -0.009837 0.005073 -0.004679
v -0.009837 0.005073 -0.078510
v -0.006036 0.008840 -0.077712
v -0.008299 0.007320 -0.078510
v -0.003685 0.010392 -0.078510
v -0.002548 0.009510 -0.077068
v -0.004923 0.008527 -0.077068
v -0.006962 0.006962 -0.077068
v -0.008527 0.004923 -0.077068
v -0.009753 0.002548 -0.077068
v -0.009846 0.000000 -0.077068
v 0.009837 0.005073 -0.078510
v 0.006036 0.008840 -0.077712
v 0.008299 0.007320 -0.078510
v 0.000000 0.010445 -0.077611
v 0.003685 0.010392 -0.078510
v 0.002548 0.009510 -0.077068
v 0.004923 0.008527 -0.077068
v 0.006962 0.006962 -0.077068
v 0.008527 0.004923 -0.077068
v 0.009753 0.002548 -0.077068
v 0.009846 0.000000 -0.077068
v -0.000000 0.009846 -0.077068
v -0.000000 0.009846 -0.018484
v 0.009846 -0.000000 -0.018484
v 0.009753 0.002548 -0.018484
v 0.008527 0.004923 -0.018484
v 0.006962 0.006962 -0.018484
v 0.004923 0.008527 -0.018484
v 0.002548 0.009510 -0.018484
v 0.003685 0.010392 -0.017042
v 0.000000 0.010445 -0.017941
v 0.008299 0.007320 -0.017042
v 0.006036 0.008840 -0.017840
v 0.009837 0.005073 -0.017042
v -0.009846 -0.000000 -0.018484
v -0.009753 0.002548 -0.018484
v -0.008527 0.004923 -0.018484
v -0.006962 0.006962 -0.018484
v -0.004923 0.008527 -0.018484
v -0.002548 0.009510 -0.018484
v -0.003685 0.010392 -0.017042
v -0.008299 0.007320 -0.017042
v -0.006036 0.008840 -0.017840
v -0.009837 0.005073 -0.017042
v -0.000000 0.009846 -0.092118
v 0.009846 0.000000 -0.092118
v 0.009753 0.002548 -0.092118
v 0.008527 0.004923 -0.092118
v 0.006962 0.006962 -0.092118
v 0.004923 0.008527 -0.092118
v 0.002548 0.009510 -0.092118
v 0.003685 0.010392 -0.090873
v 0.000000 0.010445 -0.091772
v 0.008299 0.007320 -0.090873
v 0.006036 0.008840 -0.091671
v 0.009837 0.005073 -0.090873
v -0.009846 0.000000 -0.092118
v -0.009753 0.002548 -0.092118
v -0.008527 0.004923 -0.092118
v -0.006962 0.006962 -0.092118
v -0.004923 0.008527 -0.092118
v -0.002548 0.009510 -0.092118
v -0.003685 0.010392 -0.090873
v -0.008299 0.007320 -0.090873
v -0.006036 0.008840 -0.091671
v -0.009837 0.005073 -0.090873
v 0.000000 0.009363 -0.018647
v 0.009363 -0.000000 -0.018647
v 0.009044 0.002423 -0.018647
v 0.008108 0.004681 -0.018647
v 0.006620 0.006620 -0.018647
v 0.004681 0.008108 -0.018647
v 0.002423 0.009044 -0.018647
v -0.009363 -0.000000 -0.018647
v -0.009044 0.002423 -0.018647
v -0.008108 0.004681 -0.018647
v -0.006620 0.006620 -0.018647
v -0.004681 0.008108 -0.018647
v -0.002423 0.009044 -0.018647
v 0.000000 0.009363 -0.020158
v 0.009363 0.000000 -0.020158
v 0.009044 0.002423 -0.020158
v 0.008108 0.004681 -0.020158
v 0.006620 0.006620 -0.020158
v 0.004681 0.008108 -0.020158
v 0.002423 0.009044 -0.020158
v -0.009363 0.000000 -0.020158
v -0.009044 0.002423 -0.020158
v -0.008108 0.004681 -0.020158
v -0.006620 0.006620 -0.020158
v -0.004681 0.008108 -0.020158
v -0.002423 0.009044 -0.020158
v 0.000000 0.009795 -0.020248
v 0.009795 0.000000 -0.020248
v 0.009462 0.002535 -0.020248
v 0.008483 0.004898 -0.020248
v 0.006926 0.006926 -0.020248
v 0.004898 0.008483 -0.020248
v 0.002535 0.009462 -0.020248
v -0.009795 0.000000 -0.020248
v -0.009462 0.002535 -0.020248
v -0.008483 0.004898 -0.020248
v -0.006926 0.006926 -0.020248
v -0.004898 0.008483 -0.020248
v -0.002535 0.009462 -0.020248
v -0.000000 0.009795 -0.029405
v 0.009795 0.000000 -0.029405
v 0.009462 0.002535 -0.029405
v 0.008483 0.004898 -0.029405
v 0.006926 0.006926 -0.029405
v 0.004898 0.008483 -0.029405
v 0.002535 0.009462 -0.029405
v -0.009795 0.000000 -0.029405
v -0.009462 0.002535 -0.029405
v -0.008483 0.004898 -0.029405
v -0.006926 0.006926 -0.029405
v -0.004898 0.008483 -0.029405
v -0.002535 0.009462 -0.029405
v 0.000000 0.009296 -0.029623
v 0.009296 0.000000 -0.029623
v 0.008980 0.002406 -0.029623
v 0.008051 0.004648 -0.029623
v 0.006574 0.006574 -0.029623
v 0.004648 0.008051 -0.029623
v 0.002406 0.008980 -0.029623
v -0.009296 0.000000 -0.029623
v -0.008980 0.002406 -0.029623
v -0.008051 0.004648 -0.029623
v -0.006574 0.006574 -0.029623
v -0.004648 0.008051 -0.029623
v -0.002406 0.008980 -0.029623
v 0.000000 0.009296 -0.032139
v 0.009296 0.000000 -0.032139
v 0.008980 0.002406 -0.032139
v 0.008051 0.004648 -0.032139
v 0.006574 0.006574 -0.032139
v 0.004648 0.008051 -0.032139
v 0.002406 0.008980 -0.032139
v -0.009296 0.000000 -0.032139
v -0.008980 0.002406 -0.032139
v -0.008051 0.004648 -0.032139
v -0.006574 0.006574 -0.032139
v -0.004648 0.008051 -0.032139
v -0.002406 0.008980 -0.032139
v 0.000000 0.009689 -0.032620
v 0.009689 0.000000 -0.032620
v 0.009359 0.002508 -0.032620
v 0.008391 0.004845 -0.032620
v 0.006851 0.006851 -0.032620
v 0.004845 0.008391 -0.032620
v 0.002508 0.009359 -0.032620
v -0.009689 0.000000 -0.032620
v -0.009359 0.002508 -0.032620
v -0.008391 0.004845 -0.032620
v -0.006851 0.006851 -0.032620
v -0.004845 0.008391 -0.032620
v -0.002508 0.009359 -0.032620
v 0.009116 0.000000 -0.064182
v -0.009116 0.000000 -0.064182
v -0.000000 0.009116 -0.064182
v 0.008806 0.002359 -0.064182
v 0.007895 0.004558 -0.064182
v 0.006446 0.006446 -0.064182
v 0.004558 0.007895 -0.064182
v 0.002359 0.008806 -0.064182
v -0.008806 0.002359 -0.064182
v -0.007895 0.004558 -0.064182
v -0.006446 0.006446 -0.064182
v -0.004558 0.007895 -0.064182
v -0.002359 0.008806 -0.064182
v 0.009689 0.000000 -0.063631
v -0.009689 0.000000 -0.063631
v -0.000000 0.009689 -0.063631
v 0.009359 0.002508 -0.063631
v 0.008391 0.004845 -0.063631
v 0.006851 0.006851 -0.063631
v 0.004845 0.008391 -0.063631
v 0.002508 0.009359 -0.063631
v -0.009359 0.002508 -0.063631
v -0.008391 0.004845 -0.063631
v -0.006851 0.006851 -0.063631
v -0.004845 0.008391 -0.063631
v -0.002508 0.009359 -0.063631
v 0.009116 0.000000 -0.066894
v -0.009116 0.000000 -0.066894
v -0.000000 0.009116 -0.066894
v 0.008806 0.002359 -0.066894
v 0.007895 0.004558 -0.066894
v 0.006446 0.006446 -0.066894
v 0.004558 0.007895 -0.066894
v 0.002359 0.008806 -0.066894
v -0.008806 0.002359 -0.066894
v -0.007895 0.004558 -0.066894
v -0.006446 0.006446 -0.066894
v -0.004558 0.007895 -0.066894
v -0.002359 0.008806 -0.066894
v 0.009846 0.000000 -0.066945
v -0.009846 0.000000 -0.066945
v -0.000000 0.009846 -0.066945
v 0.009511 0.002548 -0.066945
v 0.008527 0.004923 -0.066945
v 0.006962 0.006962 -0.066945
v 0.004923 0.008527 -0.066945
v 0.002548 0.009511 -0.066945
v -0.009511 0.002548 -0.066945
v -0.008527 0.004923 -0.066945
v -0.006962 0.006962 -0.066945
v -0.004923 0.008527 -0.066945
v -0.002548 0.009511 -0.066945
v 0.000000 0.009116 -0.075940
v 0.009116 0.000000 -0.075940
v 0.008806 0.002359 -0.075940
v 0.007895 0.004558 -0.075940
v 0.006446 0.006446 -0.075940
v 0.004558 0.007895 -0.075940
v 0.002359 0.008806 -0.075940
v -0.009116 0.000000 -0.075940
v -0.008806 0.002359 -0.075940
v -0.007895 0.004558 -0.075940
v -0.006446 0.006446 -0.075940
v -0.004558 0.007895 -0.075940
v -0.002359 0.008806 -0.075940
v 0.000000 0.009846 -0.075889
v 0.009846 0.000000 -0.075889
v 0.009511 0.002548 -0.075889
v 0.008527 0.004923 -0.075889
v 0.006962 0.006962 -0.075889
v 0.004923 0.008527 -0.075889
v 0.002548 0.009511 -0.075889
v -0.009846 0.000000 -0.075889
v -0.009511 0.002548 -0.075889
v -0.008527 0.004923 -0.075889
v -0.006962 0.006962 -0.075889
v -0.004923 0.008527 -0.075889
v -0.002548 0.009511 -0.075889
v -0.002375 0.008865 -0.076832
v -0.004589 0.007948 -0.076832
v -0.006489 0.006489 -0.076832
v -0.007948 0.004589 -0.076832
v -0.008865 0.002375 -0.076832
v -0.009177 0.000000 -0.076832
v 0.002375 0.008865 -0.076832
v 0.004589 0.007948 -0.076832
v 0.006489 0.006489 -0.076832
v 0.007948 0.004589 -0.076832
v 0.008865 0.002375 -0.076832
v 0.009177 0.000000 -0.076832
v -0.000000 0.009177 -0.076832
v 0.000000 0.008292 -0.003137
v 0.008292 -0.000000 -0.003137
v 0.008009 0.002146 -0.003137
v 0.007181 0.004146 -0.003137
v 0.005863 0.005863 -0.003137
v 0.004146 0.007181 -0.003137
v 0.002146 0.008009 -0.003137
v -0.008292 -0.000000 -0.003137
v -0.008009 0.002146 -0.003137
v -0.007181 0.004146 -0.003137
v -0.005863 0.005863 -0.003137
v -0.004146 0.007181 -0.003137
v -0.002146 0.008009 -0.003137
v 0.009822 0.000684 -0.014591
v 0.009846 -0.000000 -0.014674
v 0.009809 0.001644 -0.007424
v 0.009807 0.001966 -0.014124
v 0.009809 0.002772 -0.008200
v 0.009809 0.002238 -0.007773
v 0.009810 0.003009 -0.013230
v 0.009808 0.002527 -0.013724
v 0.000000 0.008292 0.003254
v 0.008292 -0.000000 0.003254
v 0.008009 0.002146 0.003254
v 0.007181 0.004146 0.003254
v 0.005863 0.005863 0.003254
v 0.004146 0.007181 0.003254
v 0.002146 0.008009 0.003254
v -0.008292 -0.000000 0.003254
v -0.008009 0.002146 0.003254
v -0.007181 0.004146 0.003254
v -0.005863 0.005863 0.003254
v -0.004146 0.007181 0.003254
v -0.002146 0.008009 0.003254
v 0.009809 0.003395 -0.012661
v 0.009808 0.003823 -0.011359
v 0.009809 0.003757 -0.009989
v 0.009809 0.003212 -0.008728
v 0.009809 0.003542 -0.009334
v 0.009808 0.003670 -0.012031
v 0.009809 0.003852 -0.010671
v 0.009808 0.001025 -0.004097
v 0.009846 -0.000000 -0.004097
v 0.009810 0.001344 -0.014407
v 0.009809 0.001015 -0.007142
v 0.010376 0.000633 -0.014285
v 0.010398 -0.000000 -0.014362
v 0.010364 0.001521 -0.007653
v 0.010362 0.001820 -0.013853
v 0.010364 0.002565 -0.008372
v 0.010364 0.002070 -0.007976
v 0.010365 0.002784 -0.013025
v 0.010364 0.002338 -0.013483
v 0.010364 0.003142 -0.012499
v 0.010364 0.003538 -0.011294
v 0.010364 0.003476 -0.010027
v 0.010364 0.002972 -0.008860
v 0.010364 0.003277 -0.009421
v 0.010364 0.003396 -0.011916
v 0.010364 0.003564 -0.010657
v 0.010398 -0.000000 -0.004406
v 0.010366 0.001244 -0.014115
v 0.010364 0.000733 -0.007392
v -0.010266 0.000610 -0.014114
v -0.010266 -0.000000 -0.014170
v -0.010266 0.001644 -0.007919
v -0.010266 0.001697 -0.013707
v -0.010266 0.002540 -0.008657
v -0.010266 0.002124 -0.008249
v -0.010266 0.002579 -0.012953
v -0.010266 0.002171 -0.013368
v -0.010266 0.002909 -0.012472
v -0.010266 0.003296 -0.011378
v -0.010266 0.003285 -0.010218
v -0.010266 0.002878 -0.009131
v -0.010266 0.003129 -0.009656
v -0.010266 0.003150 -0.011942
v -0.010266 0.003341 -0.010797
v -0.010266 0.001172 -0.013958
v -0.010266 0.001114 -0.007678
v -0.010266 -0.000000 -0.007487
v -0.010266 0.000550 -0.007532
v -0.009869 -0.000000 -0.015026
v -0.009869 0.000767 -0.014956
v -0.009869 0.002065 -0.007173
v -0.009869 0.002132 -0.014444
v -0.009869 0.003191 -0.008100
v -0.009869 0.002668 -0.007588
v -0.009869 0.003241 -0.013497
v -0.009869 0.002728 -0.014019
v -0.009869 0.003655 -0.012894
v -0.009869 0.004141 -0.011519
v -0.009869 0.004127 -0.010061
v -0.009869 0.003616 -0.008696
v -0.009869 0.003931 -0.009356
v -0.009869 0.003958 -0.012228
v -0.009869 0.004198 -0.010790
v -0.009869 0.001472 -0.014760
v -0.009869 0.001399 -0.006870
v -0.009869 -0.000000 -0.006630
v -0.009869 0.000691 -0.006687
v -0.010535 -0.000000 -0.010828
v 0.009822 -0.000684 -0.014591
v 0.010376 -0.000633 -0.014285
v 0.010364 -0.000727 -0.004406
v 0.010364 -0.000733 -0.007392
v -0.010266 -0.000610 -0.014114
v -0.010266 -0.000550 -0.007532
v -0.009869 -0.000691 -0.006687
v -0.000000 0.009323 -0.092284
v 0.009323 0.000000 -0.092284
v 0.009005 0.002413 -0.092284
v 0.008074 0.004661 -0.092284
v 0.006592 0.006592 -0.092284
v 0.004661 0.008074 -0.092284
v 0.002413 0.009005 -0.092284
v -0.009323 0.000000 -0.092284
v -0.009005 0.002413 -0.092284
v -0.008074 0.004661 -0.092284
v -0.006592 0.006592 -0.092284
v -0.004661 0.008074 -0.092284
v -0.002413 0.009005 -0.092284
v -0.000000 0.009323 -0.093553
v 0.009323 0.000000 -0.093553
v 0.009005 0.002413 -0.093553
v 0.008074 0.004661 -0.093553
v 0.006592 0.006592 -0.093553
v 0.004661 0.008074 -0.093553
v 0.002413 0.009005 -0.093553
v -0.009323 0.000000 -0.093553
v -0.009005 0.002413 -0.093553
v -0.008074 0.004661 -0.093553
v -0.006592 0.006592 -0.093553
v -0.004661 0.008074 -0.093553
v -0.002413 0.009005 -0.093553
v -0.000000 0.009698 -0.093718
v 0.009698 0.000000 -0.093718
v 0.009367 0.002510 -0.093718
v 0.008398 0.004849 -0.093718
v 0.006857 0.006857 -0.093718
v 0.004849 0.008398 -0.093718
v 0.002510 0.009367 -0.093718
v -0.009698 0.000000 -0.093718
v -0.009367 0.002510 -0.093718
v -0.008398 0.004849 -0.093718
v -0.006857 0.006857 -0.093718
v -0.004849 0.008398 -0.093718
v -0.002510 0.009367 -0.093718
v -0.000000 0.009698 -0.099488
v 0.009698 0.000000 -0.103695
v 0.009367 0.002510 -0.103695
v 0.008398 0.004849 -0.103695
v 0.006857 0.006857 -0.102797
v 0.004849 0.008398 -0.101011
v 0.002510 0.009367 -0.099873
v -0.009698 0.000000 -0.103695
v -0.009367 0.002510 -0.103695
v -0.008398 0.004849 -0.103695
v -0.006857 0.006857 -0.102832
v -0.004849 0.008398 -0.100982
v -0.002510 0.009367 -0.099872
v 0.009225 0.002854 -0.100998
v -0.007508 0.006005 -0.103695
v 0.009225 0.002854 -0.100152
v 0.009187 0.002945 -0.100575
v 0.009367 0.002510 -0.101421
v 0.007625 0.006005 -0.103695
v 0.009698 0.000000 -0.101421
v 0.009367 0.002510 -0.099730
v 0.009698 0.000000 -0.099730
v 0.009808 -0.001025 -0.004097
v 0.009809 -0.001015 -0.007142
v -0.009869 -0.000767 -0.014956
v 0.010364 0.000727 -0.004406
v 0.000001 0.008508 -0.099492
v 0.008509 0.000000 -0.103716
v 0.008219 0.002202 -0.103716
v 0.007369 0.004254 -0.103716
v 0.006017 0.006016 -0.101948
v 0.004255 0.007368 -0.100575
v 0.002203 0.008218 -0.099704
v -0.008507 0.000000 -0.103716
v -0.008217 0.002202 -0.103716
v -0.007367 0.004254 -0.103716
v -0.006015 0.006016 -0.101977
v -0.004253 0.007368 -0.100550
v -0.002201 0.008218 -0.099703
v -0.006586 0.005268 -0.102622
v 0.006690 0.005268 -0.102622
v 0.000001 0.008508 -0.098074
v 0.008509 0.000000 -0.098074
v 0.008219 0.002202 -0.098074
v 0.007369 0.004254 -0.098074
v 0.006017 0.006016 -0.098074
v 0.004255 0.007368 -0.098074
v 0.002203 0.008218 -0.098074
v -0.008507 0.000000 -0.098074
v -0.008217 0.002202 -0.098074
v -0.007367 0.004254 -0.098074
v -0.006015 0.006016 -0.098074
v -0.004253 0.007368 -0.098074
v -0.002201 0.008218 -0.098074
v -0.006586 0.005268 -0.098074
v 0.006690 0.005268 -0.098074
v 0.000005 0.005000 -0.098074
v 0.005008 0.000004 -0.098074
v 0.004882 0.001116 -0.098074
v 0.004512 0.002173 -0.098074
v 0.003123 0.003911 -0.098074
v 0.002174 0.004506 -0.098074
v 0.001117 0.004875 -0.098074
v -0.004992 -0.000004 -0.098074
v -0.004867 0.001109 -0.098074
v -0.004498 0.002166 -0.098074
v -0.003112 0.003907 -0.098074
v -0.002164 0.004503 -0.098074
v -0.001108 0.004874 -0.098074
v -0.003903 0.003114 -0.098074
v 0.003915 0.003120 -0.098074
v -0.000000 -0.009846 -0.003237
v 0.009753 -0.002548 -0.003237
v 0.008527 -0.004923 -0.003237
v 0.006962 -0.006962 -0.003237
v 0.004923 -0.008527 -0.003237
v 0.002548 -0.009510 -0.003237
v 0.003685 -0.010392 -0.004679
v 0.000000 -0.010445 -0.003780
v 0.008299 -0.007320 -0.004679
v 0.006036 -0.008840 -0.003881
v 0.009837 -0.005073 -0.004679
v -0.009753 -0.002548 -0.003237
v -0.008527 -0.004923 -0.003237
v -0.006962 -0.006962 -0.003237
v -0.004923 -0.008527 -0.003237
v -0.002548 -0.009510 -0.003237
v -0.003685 -0.010392 -0.004679
v -0.008299 -0.007320 -0.004679
v -0.006036 -0.008840 -0.003881
v -0.009837 -0.005073 -0.004679
v -0.009837 -0.005073 -0.078510
v -0.006036 -0.008840 -0.077712
v -0.008299 -0.007320 -0.078510
v -0.003685 -0.010392 -0.078510
v -0.002548 -0.009510 -0.077068
v -0.004923 -0.008527 -0.077068
v -0.006962 -0.006962 -0.077068
v -0.008527 -0.004923 -0.077068
v -0.009753 -0.002548 -0.077068
v 0.009837 -0.005073 -0.078510
v 0.006036 -0.008840 -0.077712
v 0.008299 -0.007320 -0.078510
v 0.000000 -0.010445 -0.077611
v 0.003685 -0.010392 -0.078510
v 0.002548 -0.009510 -0.077068
v 0.004923 -0.008527 -0.077068
v 0.006962 -0.006962 -0.077068
v 0.008527 -0.004923 -0.077068
v 0.009753 -0.002548 -0.077068
v -0.000000 -0.009846 -0.077068
v -0.000000 -0.009846 -0.018484
v 0.009753 -0.002548 -0.018484
v 0.008527 -0.004923 -0.018484
v 0.006962 -0.006962 -0.018484
v 0.004923 -0.008527 -0.018484
v 0.002548 -0.009510 -0.018484
v 0.003685 -0.010392 -0.017042
v 0.000000 -0.010445 -0.017941
v 0.008299 -0.007320 -0.017042
v 0.006036 -0.008840 -0.017840
v 0.009837 -0.005073 -0.017042
v -0.009753 -0.002548 -0.018484
v -0.008527 -0.004923 -0.018484
v -0.006962 -0.006962 -0.018484
v -0.004923 -0.008527 -0.018484
v -0.002548 -0.009510 -0.018484
v -0.003685 -0.010392 -0.017042
v -0.008299 -0.007320 -0.017042
v -0.006036 -0.008840 -0.017840
v -0.009837 -0.005073 -0.017042
v -0.000000 -0.009846 -0.092118
v 0.009753 -0.002548 -0.092118
v 0.008527 -0.004923 -0.092118
v 0.006962 -0.006962 -0.092118
v 0.004923 -0.008527 -0.092118
v 0.002548 -0.009510 -0.092118
v 0.003685 -0.010392 -0.090873
v 0.000000 -0.010445 -0.091772
v 0.008299 -0.007320 -0.090873
v 0.006036 -0.008840 -0.091671
v 0.009837 -0.005073 -0.090873
v -0.009753 -0.002548 -0.092118
v -0.008527 -0.004923 -0.092118
v -0.006962 -0.006962 -0.092118
v -0.004923 -0.008527 -0.092118
v -0.002548 -0.009510 -0.092118
v -0.003685 -0.010392 -0.090873
v -0.008299 -0.007320 -0.090873
v -0.006036 -0.008840 -0.091671
v -0.009837 -0.005073 -0.090873
v 0.000000 -0.009363 -0.018647
v 0.009044 -0.002423 -0.018647
v 0.008108 -0.004681 -0.018647
v 0.006620 -0.006620 -0.018647
v 0.004681 -0.008108 -0.018647
v 0.002423 -0.009044 -0.018647
v -0.009044 -0.002423 -0.018647
v -0.008108 -0.004681 -0.018647
v -0.006620 -0.006620 -0.018647
v -0.004681 -0.008108 -0.018647
v -0.002423 -0.009044 -0.018647
v 0.000000 -0.009363 -0.020158
v 0.009044 -0.002423 -0.020158
v 0.008108 -0.004681 -0.020158
v 0.006620 -0.006620 -0.020158
v 0.004681 -0.008108 -0.020158
v 0.002423 -0.009044 -0.020158
v -0.009044 -0.002423 -0.020158
v -0.008108 -0.004681 -0.020158
v -0.006620 -0.006620 -0.020158
v -0.004681 -0.008108 -0.020158
v -0.002423 -0.009044 -0.020158
v 0.000000 -0.009795 -0.020248
v 0.009462 -0.002535 -0.020248
v 0.008483 -0.004898 -0.020248
v 0.006926 -0.006926 -0.020248
v 0.004898 -0.008483 -0.020248
v 0.002535 -0.009462 -0.020248
v -0.009462 -0.002535 -0.020248
v -0.008483 -0.004898 -0.020248
v -0.006926 -0.006926 -0.020248
v -0.004898 -0.008483 -0.020248
v -0.002535 -0.009462 -0.020248
v -0.000000 -0.009795 -0.029405
v 0.009462 -0.002535 -0.029405
v 0.008483 -0.004898 -0.029405
v 0.006926 -0.006926 -0.029405
v 0.004898 -0.008483 -0.029405
v 0.002535 -0.009462 -0.029405
v -0.009462 -0.002535 -0.029405
v -0.008483 -0.004898 -0.029405
v -0.006926 -0.006926 -0.029405
v -0.004898 -0.008483 -0.029405
v -0.002535 -0.009462 -0.029405
v 0.000000 -0.009296 -0.029623
v 0.008980 -0.002406 -0.029623
v 0.008051 -0.004648 -0.029623
v 0.006574 -0.006574 -0.029623
v 0.004648 -0.008051 -0.029623
v 0.002406 -0.008980 -0.029623
v -0.008980 -0.002406 -0.029623
v -0.008051 -0.004648 -0.029623
v -0.006574 -0.006574 -0.029623
v -0.004648 -0.008051 -0.029623
v -0.002406 -0.008980 -0.029623
v 0.000000 -0.009296 -0.032139
v 0.008980 -0.002406 -0.032139
v 0.008051 -0.004648 -0.032139
v 0.006574 -0.006574 -0.032139
v 0.004648 -0.008051 -0.032139
v 0.002406 -0.008980 -0.032139
v -0.008980 -0.002406 -0.032139
v -0.008051 -0.004648 -0.032139
v -0.006574 -0.006574 -0.032139
v -0.004648 -0.008051 -0.032139
v -0.002406 -0.008980 -0.032139
v 0.000000 -0.009689 -0.032620
v 0.009359 -0.002508 -0.032620
v 0.008391 -0.004845 -0.032620
v 0.006851 -0.006851 -0.032620
v 0.004845 -0.008391 -0.032620
v 0.002508 -0.009359 -0.032620
v -0.009359 -0.002508 -0.032620
v -0.008391 -0.004845 -0.032620
v -0.006851 -0.006851 -0.032620
v -0.004845 -0.008391 -0.032620
v -0.002508 -0.009359 -0.032620
v -0.000000 -0.009116 -0.064182
v 0.008806 -0.002359 -0.064182
v 0.007895 -0.004558 -0.064182
v 0.006446 -0.006446 -0.064182
v 0.004558 -0.007895 -0.064182
v 0.002359 -0.008806 -0.064182
v -0.008806 -0.002359 -0.064182
v -0.007895 -0.004558 -0.064182
v -0.006446 -0.006446 -0.064182
v -0.004558 -0.007895 -0.064182
v -0.002359 -0.008806 -0.064182
v -0.000000 -0.009689 -0.063631
v 0.009359 -0.002508 -0.063631
v 0.008391 -0.004845 -0.063631
v 0.006851 -0.006851 -0.063631
v 0.004845 -0.008391 -0.063631
v 0.002508 -0.009359 -0.063631
v -0.009359 -0.002508 -0.063631
v -0.008391 -0.004845 -0.063631
v -0.006851 -0.006851 -0.063631
v -0.004845 -0.008391 -0.063631
v -0.002508 -0.009359 -0.063631
v -0.000000 -0.009116 -0.066894
v 0.008806 -0.002359 -0.066894
v 0.007895 -0.004558 -0.066894
v 0.006446 -0.006446 -0.066894
v 0.004558 -0.007895 -0.066894
v 0.002359 -0.008806 -0.066894
v -0.008806 -0.002359 -0.066894
v -0.007895 -0.004558 -0.066894
v -0.006446 -0.006446 -0.066894
v -0.004558 -0.007895 -0.066894
v -0.002359 -0.008806 -0.066894
v -0.000000 -0.009846 -0.066945
v 0.009511 -0.002548 -0.066945
v 0.008527 -0.004923 -0.066945
v 0.006962 -0.006962 -0.066945
v 0.004923 -0.008527 -0.066945
v 0.002548 -0.009511 -0.066945
v -0.009511 -0.002548 -0.066945
v -0.008527 -0.004923 -0.066945
v -0.006962 -0.006962 -0.066945
v -0.004923 -0.008527 -0.066945
v -0.002548 -0.009511 -0.066945
v 0.000000 -0.009116 -0.075940
v 0.008806 -0.002359 -0.075940
v 0.007895 -0.004558 -0.075940
v 0.006446 -0.006446 -0.075940
v 0.004558 -0.007895 -0.075940
v 0.002359 -0.008806 -0.075940
v -0.008806 -0.002359 -0.075940
v -0.007895 -0.004558 -0.075940
v -0.006446 -0.006446 -0.075940
v -0.004558 -0.007895 -0.075940
v -0.002359 -0.008806 -0.075940
v 0.000000 -0.009846 -0.075889
v 0.009511 -0.002548 -0.075889
v 0.008527 -0.004923 -0.075889
v 0.006962 -0.006962 -0.075889
v 0.004923 -0.008527 -0.075889
v 0.002548 -0.009511 -0.075889
v -0.009511 -0.002548 -0.075889
v -0.008527 -0.004923 -0.075889
v -0.006962 -0.006962 -0.075889
v -0.004923 -0.008527 -0.075889
v -0.002548 -0.009511 -0.075889
v -0.002375 -0.008865 -0.076832
v -0.004589 -0.007948 -0.076832
v -0.006489 -0.006489 -0.076832
v -0.007948 -0.004589 -0.076832
v -0.008865 -0.002375 -0.076832
v 0.002375 -0.008865 -0.076832
v 0.004589 -0.007948 -0.076832
v 0.006489 -0.006489 -0.076832
v 0.007948 -0.004589 -0.076832
v 0.008865 -0.002375 -0.076832
v -0.000000 -0.009177 -0.076832
v 0.000000 -0.008292 -0.003137
v 0.008009 -0.002146 -0.003137
v 0.007181 -0.004146 -0.003137
v 0.005863 -0.005863 -0.003137
v 0.004146 -0.007181 -0.003137
v 0.002146 -0.008009 -0.003137
v -0.008009 -0.002146 -0.003137
v -0.007181 -0.004146 -0.003137
v -0.005863 -0.005863 -0.003137
v -0.004146 -0.007181 -0.003137
v -0.002146 -0.008009 -0.003137
v 0.009809 -0.001644 -0.007424
v 0.009807 -0.001966 -0.014124
v 0.009809 -0.002772 -0.008200
v 0.009809 -0.002238 -0.007773
v 0.009810 -0.003009 -0.013230
v 0.009808 -0.002527 -0.013724
v 0.000000 -0.008292 0.003254
v 0.008009 -0.002146 0.003254
v 0.007181 -0.004146 0.003254
v 0.005863 -0.005863 0.003254
v 0.004146 -0.007181 0.003254
v 0.002146 -0.008009 0.003254
v -0.008009 -0.002146 0.003254
v -0.007181 -0.004146 0.003254
v -0.005863 -0.005863 0.003254
v -0.004146 -0.007181 0.003254
v -0.002146 -0.008009 0.003254
v 0.009809 -0.003395 -0.012661
v 0.009808 -0.003823 -0.011359
v 0.009809 -0.003757 -0.009989
v 0.009809 -0.003212 -0.008728
v 0.009809 -0.003542 -0.009334
v 0.009808 -0.003670 -0.012031
v 0.009809 -0.003852 -0.010671
v 0.009810 -0.001344 -0.014407
v 0.010364 -0.001521 -0.007653
v 0.010362 -0.001820 -0.013853
v 0.010364 -0.002565 -0.008372
v 0.010364 -0.002070 -0.007976
v 0.010365 -0.002784 -0.013025
v 0.010364 -0.002338 -0.013483
v 0.010364 -0.003142 -0.012499
v 0.010364 -0.003538 -0.011294
v 0.010364 -0.003476 -0.010027
v 0.010364 -0.002972 -0.008860
v 0.010364 -0.003277 -0.009421
v 0.010364 -0.003396 -0.011916
v 0.010364 -0.003564 -0.010657
v 0.010366 -0.001244 -0.014115
v -0.010266 -0.001644 -0.007919
v -0.010266 -0.001697 -0.013707
v -0.010266 -0.002540 -0.008657
v -0.010266 -0.002124 -0.008249
v -0.010266 -0.002579 -0.012953
v -0.010266 -0.002171 -0.013368
v -0.010266 -0.002909 -0.012472
v -0.010266 -0.003296 -0.011378
v -0.010266 -0.003285 -0.010218
v -0.010266 -0.002878 -0.009131
v -0.010266 -0.003129 -0.009656
v -0.010266 -0.003150 -0.011942
v -0.010266 -0.003341 -0.010797
v -0.010266 -0.001172 -0.013958
v -0.010266 -0.001114 -0.007678
v -0.009869 -0.002065 -0.007173
v -0.009869 -0.002132 -0.014444
v -0.009869 -0.003191 -0.008100
v -0.009869 -0.002668 -0.007588
v -0.009869 -0.003241 -0.013497
v -0.009869 -0.002728 -0.014019
v -0.009869 -0.003655 -0.012894
v -0.009869 -0.004141 -0.011519
v -0.009869 -0.004127 -0.010061
v -0.009869 -0.003616 -0.008696
v -0.009869 -0.003931 -0.009356
v -0.009869 -0.003958 -0.012228
v -0.009869 -0.004198 -0.010790
v -0.009869 -0.001472 -0.014760
v -0.009869 -0.001399 -0.006870
v -0.000000 -0.009323 -0.092284
v 0.009005 -0.002413 -0.092284
v 0.008074 -0.004661 -0.092284
v 0.006592 -0.006592 -0.092284
v 0.004661 -0.008074 -0.092284
v 0.002413 -0.009005 -0.092284
v -0.009005 -0.002413 -0.092284
v -0.008074 -0.004661 -0.092284
v -0.006592 -0.006592 -0.092284
v -0.004661 -0.008074 -0.092284
v -0.002413 -0.009005 -0.092284
v -0.000000 -0.009323 -0.093553
v 0.009005 -0.002413 -0.093553
v 0.008074 -0.004661 -0.093553
v 0.006592 -0.006592 -0.093553
v 0.004661 -0.008074 -0.093553
v 0.002413 -0.009005 -0.093553
v -0.009005 -0.002413 -0.093553
v -0.008074 -0.004661 -0.093553
v -0.006592 -0.006592 -0.093553
v -0.004661 -0.008074 -0.093553
v -0.002413 -0.009005 -0.093553
v -0.000000 -0.009698 -0.093718
v 0.009367 -0.002510 -0.093718
v 0.008398 -0.004849 -0.093718
v 0.006857 -0.006857 -0.093718
v 0.004849 -0.008398 -0.093718
v 0.002510 -0.009367 -0.093718
v -0.009367 -0.002510 -0.093718
v -0.008398 -0.004849 -0.093718
v -0.006857 -0.006857 -0.093718
v -0.004849 -0.008398 -0.093718
v -0.002510 -0.009367 -0.093718
v -0.000000 -0.009698 -0.099488
v 0.009367 -0.002510 -0.103695
v 0.008398 -0.004849 -0.103695
v 0.006857 -0.006857 -0.102797
v 0.004849 -0.008398 -0.101011
v 0.002510 -0.009367 -0.099873
v -0.009367 -0.002510 -0.103695
v -0.008398 -0.004849 -0.103695
v -0.006857 -0.006857 -0.102832
v -0.004849 -0.008398 -0.100982
v -0.002510 -0.009367 -0.099872
v 0.009225 -0.002854 -0.100998
v -0.007508 -0.006005 -0.103695
v 0.009225 -0.002854 -0.100152
v 0.009187 -0.002945 -0.100575
v 0.009367 -0.002510 -0.101421
v 0.007625 -0.006005 -0.103695
v 0.009367 -0.002510 -0.099730
v 0.000001 -0.008508 -0.099492
v 0.008219 -0.002202 -0.103716
v 0.007369 -0.004254 -0.103716
v 0.006017 -0.006016 -0.101948
v 0.004255 -0.007368 -0.100575
v 0.002203 -0.008218 -0.099704
v -0.008217 -0.002202 -0.103716
v -0.007367 -0.004254 -0.103716
v -0.006015 -0.006016 -0.101977
v -0.004253 -0.007368 -0.100550
v -0.002201 -0.008218 -0.099703
v -0.006586 -0.005268 -0.102622
v 0.006690 -0.005268 -0.102622
v 0.000001 -0.008508 -0.098074
v 0.008219 -0.002202 -0.098074
v 0.007369 -0.004254 -0.098074
v 0.006017 -0.006016 -0.098074
v 0.004255 -0.007368 -0.098074
v 0.002203 -0.008218 -0.098074
v -0.008217 -0.002202 -0.098074
v -0.007367 -0.004254 -0.098074
v -0.006015 -0.006016 -0.098074
v -0.004253 -0.007368 -0.098074
v -0.002201 -0.008218 -0.098074
v -0.006586 -0.005268 -0.098074
v 0.006690 -0.005268 -0.098074
v 0.000012 -0.005000 -0.098074
v 0.004884 -0.001109 -0.098074
v 0.004515 -0.002166 -0.098074
v 0.003129 -0.003907 -0.098074
v 0.002181 -0.004503 -0.098074
v 0.001125 -0.004874 -0.098074
v -0.004865 -0.001116 -0.098074
v -0.004495 -0.002173 -0.098074
v -0.003106 -0.003911 -0.098074
v -0.002158 -0.004506 -0.098074
v -0.001101 -0.004875 -0.098074
v -0.003898 -0.003120 -0.098074
v 0.003920 -0.003114 -0.098074
v 0.000005 0.005000 -0.101072
v 0.005008 0.000004 -0.101072
v 0.004882 0.001116 -0.101072
v 0.004512 0.002173 -0.101072
v 0.003123 0.003911 -0.101072
v 0.002174 0.004506 -0.101072
v 0.001117 0.004875 -0.101072
v -0.004992 -0.000004 -0.101072
v -0.004867 0.001109 -0.101072
v -0.004498 0.002166 -0.101072
v -0.003112 0.003907 -0.101072
v -0.002164 0.004503 -0.101072
v -0.001108 0.004874 -0.101072
v -0.003903 0.003114 -0.101072
v 0.003915 0.003120 -0.101072
v 0.000012 -0.005000 -0.101072
v 0.004884 -0.001109 -0.101072
v 0.004515 -0.002166 -0.101072
v 0.003129 -0.003907 -0.101072
v 0.002181 -0.004503 -0.101072
v 0.001125 -0.004874 -0.101072
v -0.004865 -0.001116 -0.101072
v -0.004495 -0.002173 -0.101072
v -0.003106 -0.003911 -0.101072
v -0.002158 -0.004506 -0.101072
v -0.001101 -0.004875 -0.101072
v -0.003898 -0.003120 -0.101072
v 0.003920 -0.003114 -0.101072
v 0.000006 0.002648 -0.102004
v 0.002657 0.000002 -0.102004
v 0.002590 0.000591 -0.102004
v 0.002394 0.001151 -0.102004
v 0.001658 0.002072 -0.102004
v 0.001156 0.002387 -0.102004
v 0.000596 0.002583 -0.102004
v -0.002640 -0.000002 -0.102004
v -0.002574 0.000587 -0.102004
v -0.002379 0.001147 -0.102004
v -0.001645 0.002069 -0.102004
v -0.001143 0.002385 -0.102004
v -0.000583 0.002582 -0.102004
v -0.002064 0.001650 -0.102004
v 0.002078 0.001653 -0.102004
v 0.000010 -0.002648 -0.102004
v 0.002591 -0.000587 -0.102004
v 0.002395 -0.001147 -0.102004
v 0.001661 -0.002069 -0.102004
v 0.001159 -0.002385 -0.102004
v 0.000600 -0.002582 -0.102004
v -0.002573 -0.000591 -0.102004
v -0.002377 -0.001151 -0.102004
v -0.001641 -0.002072 -0.102004
v -0.001139 -0.002387 -0.102004
v -0.000579 -0.002582 -0.102004
v -0.002061 -0.001653 -0.102004
v 0.002080 -0.001650 -0.102004
v 0.000008 0.000000 -0.102057
v 0.008036 0.002854 -0.100998
v 0.008036 0.002854 -0.100152
v 0.007998 0.002945 -0.100575
v 0.008178 0.002202 -0.101421
v 0.008509 0.000000 -0.101421
v 0.008178 0.002202 -0.099730
v 0.008509 0.000000 -0.099730
v 0.008100 -0.002559 -0.101189
v 0.008100 -0.002559 -0.099961
v 0.008038 -0.002639 -0.100575
v 0.008178 -0.002202 -0.101421
v 0.008178 -0.002202 -0.099730
v 0.008770 0.002011 -0.101295
v 0.009052 0.000006 -0.101295
v 0.008770 -0.002000 -0.101295
v 0.008676 -0.002298 -0.101016
v 0.008634 -0.002371 -0.100575
v 0.008677 -0.002298 -0.100134
v 0.008770 -0.002000 -0.099856
v 0.009052 0.000006 -0.099856
v 0.008770 0.002011 -0.099856
v 0.008649 0.002435 -0.100215
v 0.008617 0.002512 -0.100575
v 0.008649 0.002435 -0.100935
v -0.009498 0.001516 -0.101540
v -0.009468 0.001746 -0.099533
v -0.009277 0.002726 -0.101298
v -0.009219 0.002868 -0.100058
v -0.009166 0.002997 -0.100702
v -0.009413 0.002161 -0.101618
v -0.009383 0.002390 -0.099611
v -0.008331 0.001335 -0.101512
v -0.008308 0.001505 -0.099583
v -0.008097 0.002491 -0.101244
v -0.008053 0.002597 -0.100052
v -0.007996 0.002736 -0.100665
v -0.008249 0.001956 -0.101567
v -0.008227 0.002127 -0.099639
v -0.008831 0.001453 -0.101255
v -0.008765 0.001907 -0.101308
v -0.008706 0.002305 -0.101081
v -0.008678 0.002495 -0.100661
v -0.008692 0.002405 -0.100208
v -0.008741 0.002068 -0.099895
v -0.008808 0.001614 -0.099842
v -0.008866 0.001216 -0.100069
v -0.008894 0.001025 -0.100490
v -0.008881 0.001116 -0.100943
v -0.009561 0.001038 -0.101093
v -0.009578 0.000910 -0.100449
v -0.009542 0.001180 -0.099853
v -0.008393 0.000865 -0.101099
v -0.008411 0.000725 -0.100486
v -0.008379 0.000970 -0.099907
v -0.009512 -0.001410 -0.099611
v -0.009482 -0.001640 -0.101618
v -0.009321 -0.002620 -0.099853
v -0.009263 -0.002762 -0.101093
v -0.009209 -0.002891 -0.100449
v -0.009427 -0.002055 -0.099533
v -0.009397 -0.002284 -0.101540
v -0.008345 -0.001229 -0.099639
v -0.008322 -0.001399 -0.101567
v -0.008141 -0.002385 -0.099907
v -0.008097 -0.002491 -0.101099
v -0.008035 -0.002630 -0.100486
v -0.008263 -0.001850 -0.099583
v -0.008241 -0.002021 -0.101512
v -0.008831 -0.001347 -0.099895
v -0.008765 -0.001801 -0.099842
v -0.008706 -0.002199 -0.100069
v -0.008678 -0.002389 -0.100490
v -0.008692 -0.002299 -0.100943
v -0.008741 -0.001962 -0.101255
v -0.008808 -0.001508 -0.101308
v -0.008866 -0.001110 -0.101081
v -0.008894 -0.000919 -0.100661
v -0.008881 -0.001010 -0.100208
v -0.009575 -0.000932 -0.100058
v -0.009592 -0.000804 -0.100702
v -0.009556 -0.001074 -0.101298
v -0.008407 -0.000759 -0.100052
v -0.008425 -0.000619 -0.100665
v -0.008393 -0.000864 -0.101243
vn 0.0883 0.2133 0.9730
vn -0.0000 -0.0000 1.0000
vn 0.1632 0.1632 0.9730
vn -0.0000 -0.2308 0.9730
vn -0.0883 -0.2133 0.9730
vn -0.0883 0.2133 0.9730
vn -0.0000 0.2308 0.9730
vn 0.0883 -0.2133 0.9730
vn -0.1632 0.1632 0.9730
vn 0.1632 -0.1632 0.9730
vn -0.2133 0.0883 0.9730
vn 0.2133 -0.0883 0.9730
vn -0.2308 -0.0000 0.9730
vn 0.2308 -0.0000 0.9730
vn -0.2133 -0.0883 0.9730
vn 0.2133 0.0883 0.9730
vn -0.1632 -0.1632 0.9730
vn 0.4767 -0.4767 -0.7385
vn 0.3371 -0.5839 -0.7385
vn -0.5839 -0.3371 -0.7385
vn -0.6512 -0.1745 -0.7385
vn 0.1745 0.6512 -0.7385
vn 0.3371 0.5839 -0.7385
vn -0.1745 0.6512 -0.7385
vn -0.0000 0.6742 -0.7385
vn 0.5839 -0.3371 -0.7385
vn -0.4767 -0.4767 -0.7385
vn -0.3371 0.5839 -0.7385
vn 0.6512 -0.1745 -0.7385
vn -0.3371 -0.5839 -0.7385
vn -0.4767 0.4767 -0.7385
vn 0.6742 -0.0000 -0.7385
vn -0.1745 -0.6512 -0.7385
vn -0.5839 0.3371 -0.7385
vn 0.6512 0.1745 -0.7385
vn -0.0000 -0.6742 -0.7385
vn -0.6512 0.1745 -0.7385
vn 0.5839 0.3371 -0.7385
vn 0.1745 -0.6512 -0.7385
vn -0.6742 -0.0000 -0.7385
vn 0.4767 0.4767 -0.7385
vn 0.2588 -0.9659 -0.0000
vn -0.0000 -1.0000 -0.0000
vn -1.0000 -0.0000 -0.0000
vn -0.9659 0.2588 -0.0000
vn 0.7071 0.7071 -0.0000
vn 0.8660 0.5000 -0.0000
vn 0.5000 -0.8660 -0.0000
vn -0.9659 -0.2588 -0.0000
vn 0.5000 0.8660 -0.0000
vn 0.7071 -0.7071 -0.0000
vn -0.8660 -0.5000 -0.0000
vn 0.2588 0.9659 -0.0000
vn -0.2588 0.9659 -0.0000
vn -0.0000 1.0000 -0.0000
vn 0.8660 -0.5000 -0.0000
vn -0.7071 -0.7071 -0.0000
vn -0.5000 0.8660 -0.0000
vn 0.9659 -0.2588 -0.0000
vn -0.5000 -0.8660 -0.0000
vn -0.7071 0.7071 -0.0000
vn 1.0000 -0.0000 -0.0000
vn -0.2588 -0.9659 -0.0000
vn -0.8660 0.5000 -0.0000
vn 0.9659 0.2588 -0.0000
vn -0.3655 0.6330 -0.6825
vn -0.1892 0.7060 -0.6825
vn 0.7060 -0.1892 -0.6825
vn 0.6330 -0.3655 -0.6825
vn -0.3655 -0.6330 -0.6825
vn -0.5168 -0.5168 -0.6825
vn -0.5168 0.5168 -0.6825
vn 0.7309 -0.0000 -0.6825
vn -0.1892 -0.7060 -0.6825
vn -0.6330 0.3655 -0.6825
vn 0.7060 0.1892 -0.6825
vn -0.0000 -0.7309 -0.6825
vn -0.7060 0.1892 -0.6825
vn 0.6330 0.3655 -0.6825
vn 0.1892 -0.7060 -0.6825
vn -0.7309 -0.0000 -0.6825
vn 0.5168 0.5168 -0.6825
vn 0.3655 -0.6330 -0.6825
vn -0.7060 -0.1892 -0.6825
vn 0.3655 0.6330 -0.6825
vn 0.5168 -0.5168 -0.6825
vn -0.6330 -0.3655 -0.6825
vn 0.1892 0.7060 -0.6825
vn -0.0000 0.7309 -0.6825
vn 0.9537 -0.3009 -0.0000
vn -0.9537 -0.3009 -0.0000
vn -0.3827 -0.9239 -0.0000
vn -0.3009 -0.9536 -0.0000
vn -0.3009 0.9536 -0.0000
vn -0.9239 0.3827 -0.0000
vn -0.9536 0.3009 -0.0000
vn 0.9239 0.3827 -0.0000
vn 0.3827 -0.9239 -0.0000
vn 0.9536 0.3009 -0.0000
vn 0.3827 0.9239 -0.0000
vn 0.3009 0.9536 -0.0000
vn 0.3009 -0.9537 -0.0000
vn 0.4920 0.8521 0.1787
vn -0.4920 -0.8521 0.1787
vn 0.2898 0.9269 0.2385
vn 0.4920 -0.8521 0.1787
vn -0.2898 -0.9269 0.2385
vn -0.4920 0.8521 0.1787
vn -0.3827 0.9239 -0.0000
vn 0.6957 -0.6957 0.1787
vn -0.6957 0.6957 0.1787
vn 0.8521 -0.4920 0.1787
vn -0.8521 0.4920 0.1787
vn 0.9269 -0.2898 0.2385
vn 0.9239 -0.3827 -0.0000
vn -0.9269 0.2898 0.2385
vn 0.9269 0.2898 0.2385
vn -0.8521 -0.4920 0.1787
vn -0.9239 -0.3827 -0.0000
vn 0.6957 0.6957 0.1787
vn -0.6957 -0.6957 0.1787
vn -0.0000 -0.0000 -1.0000
vn -0.0000 -0.7106 -0.7036
vn 0.1839 -0.6864 -0.7036
vn -0.5025 0.5025 -0.7036
vn -0.6154 0.3553 -0.7036
vn 0.6154 0.3553 -0.7036
vn 0.5025 0.5025 -0.7036
vn -0.1839 -0.6864 -0.7036
vn 0.3553 -0.6154 -0.7036
vn -0.6864 0.1839 -0.7036
vn 0.3553 0.6154 -0.7036
vn 0.5025 -0.5025 -0.7036
vn -0.7106 -0.0000 -0.7036
vn 0.1839 0.6864 -0.7036
vn 0.6154 -0.3553 -0.7036
vn -0.6864 -0.1839 -0.7036
vn -0.0000 0.7106 -0.7036
vn 0.6864 -0.1839 -0.7036
vn -0.6154 -0.3553 -0.7036
vn -0.1839 0.6864 -0.7036
vn 0.7106 -0.0000 -0.7036
vn -0.5025 -0.5025 -0.7036
vn -0.3553 0.6154 -0.7036
vn 0.6864 0.1839 -0.7036
vn -0.3553 -0.6154 -0.7036
vn 0.8091 0.4671 0.3566
vn 0.8521 0.4920 0.1787
vn -0.0000 0.9348 0.3551
vn 0.2334 0.9047 0.3566
vn 0.4671 0.8091 0.3566
vn -0.2334 0.9047 0.3566
vn -0.2898 0.9269 0.2385
vn -0.4671 0.8091 0.3566
vn -0.9348 -0.0000 0.3551
vn -0.9047 0.2334 0.3566
vn -0.8091 0.4671 0.3566
vn -0.9047 -0.2334 0.3566
vn -0.9269 -0.2898 0.2385
vn -0.0000 -0.9348 0.3551
vn -0.2334 -0.9047 0.3566
vn -0.8091 -0.4671 0.3566
vn 0.4671 -0.8091 0.3566
vn 0.2898 -0.9269 0.2385
vn -0.4671 -0.8091 0.3566
vn 0.9348 -0.0000 0.3551
vn 0.9047 -0.2334 0.3566
vn 0.2334 -0.9047 0.3566
vn 0.8091 -0.4671 0.3566
vn 0.9047 0.2334 0.3566
vn 0.2009 0.7444 0.6368
vn -0.0000 0.7121 0.7021
vn -0.0000 0.6716 0.7409
vn 0.2747 0.6222 0.7331
vn 0.2316 0.7250 0.6486
vn 0.3583 0.5477 0.7560
vn 0.5985 0.4671 0.6509
vn 0.5452 0.4792 0.6878
vn 0.6453 0.4067 0.6467
vn 0.6753 0.3487 0.6500
vn 0.6582 0.3972 0.6395
vn -0.2009 0.7444 0.6368
vn -0.2747 0.6222 0.7331
vn -0.2316 0.7250 0.6486
vn -0.3583 0.5477 0.7560
vn -0.5985 0.4671 0.6509
vn -0.5452 0.4792 0.6878
vn -0.6453 0.4067 0.6467
vn -0.6582 0.3972 0.6395
vn -0.6753 0.3487 0.6500
vn -0.9998 -0.0035 0.0202
vn -0.9998 0.0033 0.0206
vn -0.9997 0.0096 0.0239
vn -0.8253 0.5647 -0.0000
vn -0.6926 0.7213 -0.0000
vn -0.5541 0.8324 -0.0000
vn -0.5508 0.8346 -0.0000
vn -0.0143 0.9999 -0.0000
vn 0.1528 0.5673 0.8092
vn 0.5541 0.8324 -0.0000
vn 0.6926 0.7213 -0.0000
vn 0.0143 0.9999 -0.0000
vn 0.8253 0.5647 -0.0000
vn 0.5508 0.8346 -0.0000
vn -0.9994 0.0352 -0.0000
vn -0.9998 -0.0042 -0.0200
vn -0.9997 0.0226 -0.0021
vn -0.0000 0.7121 -0.7021
vn 0.2009 0.7444 -0.6368
vn -0.0000 0.6716 -0.7409
vn 0.2747 0.6222 -0.7331
vn 0.2316 0.7250 -0.6486
vn 0.3583 0.5477 -0.7560
vn 0.5985 0.4671 -0.6509
vn 0.5452 0.4792 -0.6878
vn 0.6453 0.4067 -0.6467
vn 0.6582 0.3972 -0.6395
vn 0.6753 0.3487 -0.6500
vn -0.2009 0.7444 -0.6368
vn -0.2747 0.6222 -0.7331
vn -0.2316 0.7250 -0.6486
vn -0.3583 0.5477 -0.7560
vn -0.5985 0.4671 -0.6509
vn -0.5452 0.4792 -0.6878
vn -0.6453 0.4067 -0.6467
vn -0.6753 0.3487 -0.6500
vn -0.6582 0.3972 -0.6395
vn 0.4122 0.3760 0.8299
vn 0.2291 0.4767 0.8487
vn 0.4882 0.3018 0.8189
vn 0.6753 0.3487 0.6499
vn -0.4882 0.3018 0.8189
vn -0.4122 0.3760 0.8299
vn -0.2291 0.4767 0.8487
vn -0.6753 0.3487 0.6499
vn -0.1528 0.5673 0.8092
vn 0.9999 0.0112 0.0099
vn 0.9999 0.0060 0.0096
vn 0.9993 0.0365 -0.0000
vn -1.0000 0.0076 -0.0000
vn -0.9994 -0.0332 -0.0000
vn 0.9994 -0.0332 -0.0000
vn 1.0000 0.0076 -0.0000
vn -1.0000 0.0085 -0.0000
vn -0.0000 0.5725 -0.8199
vn 0.2008 0.6833 -0.7020
vn -0.0000 0.4999 -0.8661
vn 0.2079 0.5508 -0.8083
vn 0.2165 0.6688 -0.7112
vn 0.2907 0.4562 -0.8411
vn 0.5637 0.4262 -0.7075
vn 0.5109 0.4228 -0.7485
vn 0.6040 0.3808 -0.7001
vn 0.6170 0.3706 -0.6943
vn 0.6312 0.3259 -0.7038
vn -0.2008 0.6833 -0.7020
vn -0.2079 0.5508 -0.8083
vn -0.2165 0.6688 -0.7112
vn -0.2907 0.4562 -0.8411
vn -0.5637 0.4262 -0.7075
vn -0.5109 0.4228 -0.7485
vn -0.6040 0.3808 -0.7001
vn -0.6312 0.3259 -0.7038
vn -0.6170 0.3706 -0.6943
vn 1.0000 0.0085 -0.0000
vn -0.2690 0.1574 -0.9502
vn -0.2263 0.2263 -0.9474
vn -0.2771 0.1600 -0.9474
vn -0.1600 0.2771 -0.9474
vn 0.3019 -0.0000 -0.9533
vn 0.2251 0.0626 -0.9723
vn 0.2148 0.0542 -0.9751
vn -0.0828 0.3091 -0.9474
vn 0.2690 0.1574 -0.9502
vn 0.2771 0.1600 -0.9474
vn -0.0000 0.3200 -0.9474
vn 0.2263 0.2263 -0.9474
vn 0.1600 0.2771 -0.9474
vn 0.0828 0.3091 -0.9474
vn -0.2251 0.0626 -0.9723
vn -0.3019 -0.0000 -0.9533
vn -0.2148 0.0542 -0.9751
vn -0.0529 0.1976 0.9789
vn -0.1023 0.1771 0.9789
vn 0.1446 0.1446 0.9789
vn 0.1023 0.1771 0.9789
vn -0.0000 0.2045 0.9789
vn 0.0529 0.1976 0.9789
vn -0.1976 0.0529 0.9789
vn -0.2045 -0.0000 0.9789
vn -0.1771 0.1023 0.9789
vn 0.2045 -0.0000 0.9789
vn 0.1976 0.0529 0.9789
vn -0.1446 0.1446 0.9789
vn 0.1771 0.1023 0.9789
vn -0.1037 0.3869 -0.9163
vn -0.2003 0.3469 -0.9163
vn 0.2832 0.2832 -0.9163
vn 0.2003 0.3469 -0.9163
vn -0.0000 0.4006 -0.9163
vn 0.1037 0.3869 -0.9163
vn -0.3869 0.1037 -0.9163
vn -0.4006 -0.0000 -0.9163
vn -0.3469 0.2003 -0.9163
vn 0.4006 -0.0000 -0.9163
vn 0.3869 0.1037 -0.9163
vn -0.2832 0.2832 -0.9163
vn 0.3469 0.2003 -0.9163
vn 0.3870 0.6702 0.6333
vn 0.5472 0.5472 0.6333
vn -0.0000 0.7739 0.6333
vn -0.2003 0.7475 0.6333
vn 0.2003 0.7475 0.6333
vn -0.7475 0.2003 0.6333
vn -0.7739 -0.0000 0.6333
vn -0.6702 0.3870 0.6333
vn 0.7739 -0.0000 0.6333
vn 0.7475 0.2003 0.6333
vn -0.5472 0.5472 0.6333
vn 0.6702 0.3870 0.6333
vn -0.3870 0.6702 0.6333
vn -0.6695 0.1794 -0.7209
vn -0.6931 -0.0000 -0.7209
vn -0.6002 0.3465 -0.7209
vn 0.6695 0.1794 -0.7209
vn 0.6931 -0.0000 -0.7209
vn -0.4901 0.4901 -0.7209
vn 0.6002 0.3465 -0.7209
vn -0.3465 0.6002 -0.7209
vn 0.4901 0.4901 -0.7209
vn -0.1794 0.6695 -0.7209
vn 0.3465 0.6002 -0.7209
vn -0.0000 0.6931 -0.7209
vn 0.1794 0.6695 -0.7209
vn -0.0668 0.0179 0.9976
vn -0.0691 -0.0000 0.9976
vn -0.0598 0.0346 0.9976
vn 0.0691 -0.0000 0.9976
vn 0.0668 0.0179 0.9976
vn -0.0489 0.0489 0.9976
vn 0.0598 0.0346 0.9976
vn -0.0346 0.0599 0.9976
vn 0.0489 0.0489 0.9976
vn -0.0179 0.0668 0.9976
vn 0.0346 0.0598 0.9976
vn -0.0179 0.0667 0.9976
vn -0.0000 0.0691 0.9976
vn 0.0179 0.0668 0.9976
vn -0.0179 0.0668 -0.9976
vn -0.0000 0.0691 -0.9976
vn 0.0346 0.0599 -0.9976
vn 0.0179 0.0668 -0.9976
vn -0.0691 -0.0000 -0.9976
vn -0.0668 0.0179 -0.9976
vn -0.0598 0.0346 -0.9976
vn 0.0668 0.0179 -0.9976
vn 0.0691 -0.0000 -0.9976
vn -0.0489 0.0489 -0.9976
vn 0.0598 0.0345 -0.9976
vn -0.0346 0.0598 -0.9976
vn 0.0489 0.0489 -0.9976
vn 0.2353 0.2353 0.9430
vn 0.2566 0.0706 0.9639
vn 0.2449 0.0623 0.9676
vn -0.2353 0.2353 0.9430
vn -0.2566 0.0706 0.9639
vn -0.2882 0.1664 0.9430
vn -0.3145 -0.0000 0.9493
vn -0.2449 0.0623 0.9676
vn 0.1664 0.2882 0.9430
vn -0.0861 0.3215 0.9430
vn 0.3145 -0.0000 0.9493
vn 0.3328 -0.0000 0.9430
vn -0.1664 0.2882 0.9430
vn -0.0000 0.3328 0.9430
vn 0.0861 0.3215 0.9430
vn 0.2882 0.1664 0.9430
vn -0.9977 -0.0000 0.0682
vn -0.9637 0.2582 0.0682
vn -0.8640 0.4988 0.0682
vn -0.7055 0.7055 0.0682
vn -0.4988 0.8640 0.0682
vn -0.2582 0.9637 0.0682
vn -0.0000 0.9977 0.0682
vn 0.2582 0.9637 0.0682
vn 0.4988 0.8640 0.0682
vn 0.7055 0.7055 0.0682
vn 0.8640 0.4988 0.0682
vn 0.9637 0.2582 0.0682
vn 0.9977 -0.0000 0.0682
vn 0.0452 0.0452 0.9980
vn 0.0320 0.0554 0.9980
vn 0.0166 0.0618 0.9980
vn -0.0607 -0.0000 0.9982
vn -0.0564 0.0152 0.9983
vn -0.0538 0.0139 0.9985
vn -0.0000 0.0640 0.9980
vn -0.0536 0.0321 0.9980
vn -0.0554 0.0320 0.9980
vn -0.0452 0.0452 0.9980
vn -0.0320 0.0554 0.9980
vn 0.0607 -0.0000 0.9982
vn 0.0564 0.0152 0.9983
vn 0.0640 -0.0000 0.9980
vn -0.0166 0.0618 0.9980
vn 0.0536 0.0321 0.9980
vn 0.0538 0.0139 0.9985
vn 0.0554 0.0320 0.9980
vn 1.0000 -0.0000 -0.0024
vn 0.9998 0.0174 -0.0053
vn 0.9997 0.0236 0.0019
vn 0.9998 -0.0194 0.0007
vn 0.9999 -0.0103 0.0028
vn 0.9998 -0.0189 -0.0084
vn 0.4879 0.1825 -0.8536
vn 0.4862 0.3040 -0.8193
vn 0.4880 0.1819 -0.8537
vn 0.4405 0.7437 0.5029
vn 0.4464 0.8206 0.3568
vn 0.4465 0.8222 0.3529
vn 0.4733 0.3125 0.8236
vn 0.4453 0.3911 0.8054
vn 0.4239 0.4154 0.8048
vn 0.4648 0.8773 -0.1192
vn 0.4705 0.8389 -0.2736
vn 0.4706 0.8377 -0.2772
vn 0.4754 0.7712 -0.4233
vn 0.4755 0.7697 -0.4260
vn 0.4268 0.5142 0.7439
vn 0.4333 0.6289 0.6455
vn 0.4335 0.6326 0.6418
vn 0.4852 0.4373 -0.7572
vn 0.4862 0.3040 -0.8192
vn 0.4525 0.8692 0.1992
vn 0.4585 0.8875 0.0455
vn 0.4587 0.8877 0.0410
vn 0.4523 0.8683 0.2035
vn 0.4793 0.6805 -0.5543
vn 0.4793 0.6789 -0.5562
vn 0.4647 0.8780 -0.1149
vn 0.4825 0.5706 -0.6645
vn 0.4825 0.5688 -0.6660
vn 0.4852 0.4384 -0.7566
vn 0.4919 -0.0000 -0.8707
vn 0.4403 0.7412 0.5068
vn 0.4267 0.5118 0.7457
vn -0.9073 0.3661 -0.2069
vn -0.9073 0.3247 -0.2673
vn -0.9999 0.0126 0.0039
vn -0.9999 0.0090 0.0048
vn -0.9998 0.0109 0.0175
vn -0.9999 -0.0000 0.0132
vn -0.9073 0.3197 0.2733
vn -0.9073 0.3623 0.2136
vn -0.9073 0.3939 0.1475
vn -1.0000 -0.0000 0.0069
vn -0.9073 0.4135 0.0769
vn -0.9073 0.4205 0.0039
vn -0.9073 0.4148 -0.0692
vn -0.9998 0.0210 0.0024
vn -0.9073 0.2136 -0.3623
vn -0.9073 0.1475 -0.3939
vn -0.9997 0.0098 -0.0234
vn -0.9998 0.0033 -0.0198
vn -0.9073 0.2733 -0.3197
vn -0.9995 0.0102 0.0288
vn -0.9073 0.2069 0.3661
vn -0.9073 0.2673 0.3247
vn -0.9073 0.2069 0.3662
vn -0.9073 0.3965 -0.1402
vn -1.0000 0.0069 0.0057
vn -1.0000 0.0055 0.0067
vn -0.9073 0.0758 -0.4137
vn -0.9073 -0.0000 -0.4206
vn -0.9073 0.0759 -0.4137
vn -0.9998 0.0110 -0.0175
vn -0.9999 -0.0000 -0.0135
vn -1.0000 -0.0000 -0.0068
vn -0.9073 0.0702 0.4147
vn -0.9073 0.1402 0.3965
vn -0.9999 0.0130 -0.0037
vn -0.9999 0.0092 -0.0047
vn -0.9073 -0.0000 0.4206
vn -1.0000 0.0071 -0.0055
vn -1.0000 0.0056 -0.0065
vn -0.9968 0.0619 -0.0510
vn -0.9968 0.0698 -0.0394
vn -0.9968 0.0691 0.0407
vn -0.9968 0.0609 0.0521
vn -0.9968 0.0751 0.0281
vn -0.9968 0.0802 0.0007
vn -0.9968 0.0788 0.0147
vn -0.9968 0.0791 -0.0132
vn -0.9968 0.0281 -0.0751
vn -0.9968 0.0407 -0.0691
vn -0.9995 0.0107 -0.0281
vn -0.9968 0.0521 -0.0609
vn -0.9968 0.0510 0.0619
vn -0.9968 0.0394 0.0698
vn -0.9968 0.0756 -0.0267
vn -0.9968 0.0145 -0.0789
vn -0.9968 -0.0000 -0.0802
vn -0.9968 0.0267 0.0756
vn -0.9968 0.0134 0.0791
vn -0.9968 -0.0000 0.0802
vn 0.9997 -0.0236 0.0019
vn 0.4880 -0.1819 -0.8537
vn 0.4879 -0.1825 -0.8536
vn -0.9998 -0.0109 0.0175
vn -0.9073 -0.0702 0.4147
vn -0.9968 -0.0145 -0.0789
vn -0.9968 -0.0134 0.0791
vn 0.9998 -0.0171 0.0089
vn 1.0000 -0.0038 0.0068
vn 0.9999 0.0075 -0.0094
vn 1.0000 -0.0031 -0.0057
vn 0.9998 -0.0217 -0.0002
vn 1.0000 -0.0038 -0.0056
vn 1.0000 -0.0048 -0.0048
vn 1.0000 -0.0061 0.0039
vn 1.0000 -0.0055 0.0041
vn 1.0000 -0.0064 -0.0039
vn 1.0000 -0.0087 -0.0031
vn 1.0000 -0.0060 0.0040
vn 0.9999 -0.0125 -0.0021
vn -0.1517 0.2628 -0.9529
vn -0.0785 0.2931 -0.9529
vn 0.2550 0.1494 -0.9553
vn 0.2180 0.0605 -0.9741
vn 0.2628 0.1517 -0.9529
vn -0.0000 0.3034 -0.9529
vn 0.1517 0.2628 -0.9529
vn 0.2145 0.2146 -0.9529
vn 0.0785 0.2931 -0.9529
vn -0.2180 0.0605 -0.9741
vn -0.2862 -0.0000 -0.9582
vn -0.2080 0.0526 -0.9767
vn -0.2550 0.1494 -0.9553
vn -0.3485 0.2012 0.9154
vn -0.2846 0.2846 0.9155
vn -0.2145 0.2146 -0.9529
vn 0.2862 -0.0000 -0.9582
vn 0.2080 0.0526 -0.9767
vn 0.2846 0.2846 0.9154
vn 0.3485 0.2012 0.9155
vn 0.1042 0.3887 0.9154
vn -0.0000 0.4024 0.9155
vn -0.3887 0.1042 0.9155
vn -0.4024 -0.0000 0.9155
vn 0.4024 -0.0000 0.9155
vn 0.3887 0.1042 0.9155
vn -0.2012 0.3485 0.9155
vn -0.2628 0.1517 -0.9529
vn -0.1042 0.3887 0.9154
vn 0.2012 0.3485 0.9155
vn 0.8818 0.4717 -0.0000
vn -0.7072 0.7071 -0.0001
vn -0.5350 0.8449 -0.0000
vn -0.7453 0.6668 -0.0000
vn 0.8674 0.4975 0.0042
vn 0.8008 0.5989 0.0009
vn -0.2798 0.9601 -0.0000
vn 0.7051 0.7091 0.0042
vn 0.5350 0.8448 -0.0000
vn -0.7932 0.6089 -0.0000
vn -0.8667 0.4988 -0.0016
vn 0.2801 0.9600 -0.0000
vn 0.9583 0.2858 -0.0000
vn 0.9583 0.2857 -0.0000
vn 1.0000 0.0026 -0.0033
vn 0.9989 0.0475 0.0002
vn 1.0000 -0.0000 -0.0016
vn 0.4557 -0.8902 0.0013
vn 0.4693 -0.8830 -0.0022
vn 0.4713 -0.8820 -0.0028
vn 0.4908 -0.0198 0.8711
vn 0.4898 -0.0000 0.8718
vn 0.4927 -0.0180 0.8700
vn 1.0000 0.0002 0.0002
vn -0.9073 -0.0758 -0.4137
vn -0.9998 -0.0110 -0.0175
vn 1.0000 -0.0026 -0.0031
vn 0.9999 -0.0112 -0.0004
vn 0.9999 -0.0074 0.0131
vn 1.0000 0.0027 -0.0006
vn 1.0000 0.0005 0.0001
vn 1.0000 0.0010 -0.0005
vn 0.0174 -0.0000 -0.9998
vn 0.0168 0.0045 -0.9998
vn 0.0162 0.0067 -0.9998
vn -0.7182 -0.0169 -0.6956
vn -0.7548 0.0461 -0.6543
vn -0.6844 -0.0226 -0.7287
vn -0.6164 0.0528 -0.7857
vn -0.4514 0.0765 -0.8890
vn -0.5629 -0.0474 -0.8251
vn -0.5253 -0.0392 -0.8500
vn -0.2996 -0.0752 -0.9511
vn -0.2728 -0.0511 -0.9607
vn -0.0001 -0.0298 -0.9996
vn -0.0002 0.0038 -1.0000
vn -0.0167 0.0045 -0.9998
vn -0.0173 -0.0000 -0.9998
vn -0.0150 0.0087 -0.9998
vn 0.7332 0.0124 -0.6799
vn 0.7607 0.0517 -0.6470
vn 0.7766 0.0591 -0.6272
vn 0.5651 -0.0413 -0.8240
vn 0.6975 -0.0002 -0.7166
vn 0.7797 0.0704 -0.6221
vn 0.2949 -0.0762 -0.9525
vn 0.5257 -0.0348 -0.8500
vn 0.2681 -0.0520 -0.9620
vn 0.7931 -0.6091 -0.0000
vn 0.8656 -0.5007 -0.0000
vn 0.8842 -0.4671 -0.0000
vn -0.9314 -0.3616 0.0423
vn -0.8958 -0.4444 0.0048
vn -0.9695 -0.2440 0.0247
vn 0.7416 -0.6708 -0.0000
vn 0.7935 -0.6085 -0.0000
vn -0.9042 -0.4272 -0.0004
vn -0.9280 -0.3725 -0.0105
vn -0.8766 -0.4811 -0.0118
vn 0.5315 -0.8471 -0.0000
vn 0.7079 -0.7063 -0.0000
vn -0.8066 -0.5911 -0.0000
vn -0.7891 -0.6142 -0.0000
vn 0.2759 -0.9612 -0.0000
vn -0.5315 -0.8471 -0.0000
vn -0.6788 -0.7344 -0.0000
vn -0.2762 -0.9611 -0.0000
vn -0.7027 -0.7115 -0.0000
vn -0.0000 -0.7121 0.7021
vn 0.2009 -0.7444 0.6368
vn -0.0000 -0.6716 0.7409
vn 0.2747 -0.6222 0.7331
vn 0.2316 -0.7250 0.6486
vn 0.3583 -0.5477 0.7560
vn 0.5985 -0.4671 0.6509
vn 0.5452 -0.4792 0.6878
vn 0.6453 -0.4067 0.6467
vn 0.6582 -0.3972 0.6395
vn 0.6753 -0.3487 0.6500
vn -0.2009 -0.7444 0.6368
vn -0.2747 -0.6222 0.7331
vn -0.2316 -0.7250 0.6486
vn -0.3583 -0.5477 0.7560
vn -0.5985 -0.4671 0.6509
vn -0.5452 -0.4792 0.6878
vn -0.6453 -0.4067 0.6467
vn -0.6753 -0.3487 0.6500
vn -0.6582 -0.3972 0.6395
vn -0.9998 0.0035 0.0202
vn -0.9997 -0.0096 0.0239
vn -0.9998 -0.0033 0.0206
vn -0.6926 -0.7213 -0.0000
vn -0.8253 -0.5647 -0.0000
vn -0.5541 -0.8324 -0.0000
vn -0.5508 -0.8346 -0.0000
vn -0.0143 -0.9999 -0.0000
vn 0.1528 -0.5673 0.8092
vn 0.5541 -0.8324 -0.0000
vn 0.6926 -0.7213 -0.0000
vn 0.0143 -0.9999 -0.0000
vn 0.8253 -0.5647 -0.0000
vn 0.5508 -0.8346 -0.0000
vn -0.9994 -0.0352 -0.0000
vn -0.9997 -0.0226 -0.0021
vn -0.9998 0.0042 -0.0200
vn 0.2009 -0.7444 -0.6368
vn -0.0000 -0.7121 -0.7021
vn -0.0000 -0.6716 -0.7409
vn 0.2747 -0.6222 -0.7331
vn 0.2316 -0.7250 -0.6486
vn 0.3583 -0.5477 -0.7560
vn 0.5985 -0.4671 -0.6509
vn 0.5452 -0.4792 -0.6878
vn 0.6453 -0.4067 -0.6467
vn 0.6753 -0.3487 -0.6500
vn 0.6582 -0.3972 -0.6395
vn -0.2009 -0.7444 -0.6368
vn -0.2747 -0.6222 -0.7331
vn -0.2316 -0.7250 -0.6486
vn -0.3583 -0.5477 -0.7560
vn -0.5985 -0.4671 -0.6509
vn -0.5452 -0.4792 -0.6878
vn -0.6453 -0.4067 -0.6467
vn -0.6582 -0.3972 -0.6395
vn -0.6753 -0.3487 -0.6500
vn 0.4122 -0.3760 0.8299
vn 0.2291 -0.4767 0.8487
vn 0.4882 -0.3018 0.8189
vn -0.4882 -0.3018 0.8189
vn -0.4122 -0.3760 0.8299
vn -0.2291 -0.4767 0.8487
vn -0.1528 -0.5673 0.8092
vn 0.9999 -0.0112 0.0099
vn 0.9993 -0.0365 -0.0000
vn 0.9999 -0.0060 0.0096
vn -1.0000 -0.0076 -0.0000
vn -0.9994 0.0332 -0.0000
vn -1.0000 -0.0085 -0.0000
vn 1.0000 -0.0076 -0.0000
vn 0.9994 0.0332 -0.0000
vn 0.2008 -0.6833 -0.7020
vn -0.0000 -0.5725 -0.8199
vn -0.0000 -0.4999 -0.8661
vn 0.2079 -0.5508 -0.8083
vn 0.2165 -0.6688 -0.7112
vn 0.2907 -0.4562 -0.8411
vn 0.5637 -0.4262 -0.7075
vn 0.5109 -0.4228 -0.7485
vn 0.6040 -0.3808 -0.7001
vn 0.6312 -0.3259 -0.7038
vn 0.6170 -0.3706 -0.6943
vn -0.2008 -0.6833 -0.7020
vn -0.2079 -0.5508 -0.8083
vn -0.2165 -0.6688 -0.7112
vn -0.2907 -0.4562 -0.8411
vn -0.5637 -0.4262 -0.7075
vn -0.5109 -0.4228 -0.7485
vn -0.6040 -0.3808 -0.7001
vn -0.6170 -0.3706 -0.6943
vn -0.6312 -0.3259 -0.7038
vn 1.0000 -0.0085 -0.0000
vn -0.2690 -0.1574 -0.9502
vn -0.2263 -0.2263 -0.9474
vn -0.1600 -0.2771 -0.9474
vn 0.2251 -0.0626 -0.9723
vn 0.2148 -0.0542 -0.9751
vn -0.0828 -0.3091 -0.9474
vn 0.2690 -0.1574 -0.9502
vn -0.0000 -0.3200 -0.9474
vn 0.2263 -0.2263 -0.9474
vn 0.1600 -0.2771 -0.9474
vn 0.0828 -0.3091 -0.9474
vn -0.2251 -0.0626 -0.9723
vn -0.2148 -0.0542 -0.9751
vn -0.1023 -0.1771 0.9789
vn -0.0529 -0.1976 0.9789
vn 0.1023 -0.1771 0.9789
vn 0.1446 -0.1446 0.9789
vn -0.0000 -0.2045 0.9789
vn 0.0529 -0.1976 0.9789
vn -0.1976 -0.0529 0.9789
vn -0.1771 -0.1023 0.9789
vn 0.1976 -0.0529 0.9789
vn -0.1446 -0.1446 0.9789
vn 0.1771 -0.1023 0.9789
vn -0.2003 -0.3469 -0.9163
vn -0.1037 -0.3869 -0.9163
vn 0.2003 -0.3469 -0.9163
vn 0.2832 -0.2832 -0.9163
vn -0.0000 -0.4006 -0.9163
vn 0.1037 -0.3869 -0.9163
vn -0.3869 -0.1037 -0.9163
vn -0.3469 -0.2003 -0.9163
vn 0.3869 -0.1037 -0.9163
vn -0.2832 -0.2832 -0.9163
vn 0.3469 -0.2003 -0.9163
vn 0.3870 -0.6702 0.6333
vn 0.5472 -0.5472 0.6333
vn -0.2003 -0.7475 0.6333
vn -0.0000 -0.7739 0.6333
vn 0.2003 -0.7475 0.6333
vn -0.7475 -0.2003 0.6333
vn -0.6702 -0.3870 0.6333
vn 0.7475 -0.2003 0.6333
vn -0.5472 -0.5472 0.6333
vn 0.6702 -0.3870 0.6333
vn -0.3870 -0.6702 0.6333
vn -0.6695 -0.1794 -0.7209
vn -0.6002 -0.3465 -0.7209
vn 0.6695 -0.1794 -0.7209
vn -0.4901 -0.4901 -0.7209
vn 0.6002 -0.3465 -0.7209
vn -0.3465 -0.6002 -0.7209
vn 0.4901 -0.4901 -0.7209
vn -0.1794 -0.6695 -0.7209
vn 0.3465 -0.6002 -0.7209
vn -0.0000 -0.6931 -0.7209
vn 0.1794 -0.6695 -0.7209
vn -0.0668 -0.0179 0.9976
vn -0.0598 -0.0346 0.9976
vn 0.0668 -0.0179 0.9976
vn -0.0489 -0.0489 0.9976
vn 0.0598 -0.0346 0.9976
vn -0.0346 -0.0598 0.9976
vn 0.0489 -0.0489 0.9976
vn -0.0179 -0.0668 0.9976
vn -0.0179 -0.0667 0.9976
vn 0.0346 -0.0598 0.9976
vn -0.0000 -0.0691 0.9976
vn 0.0179 -0.0668 0.9976
vn -0.0000 -0.0691 -0.9976
vn -0.0179 -0.0668 -0.9976
vn 0.0346 -0.0599 -0.9976
vn 0.0179 -0.0668 -0.9976
vn -0.0668 -0.0179 -0.9976
vn -0.0598 -0.0346 -0.9976
vn 0.0668 -0.0179 -0.9976
vn -0.0489 -0.0489 -0.9976
vn 0.0598 -0.0345 -0.9976
vn -0.0346 -0.0598 -0.9976
vn 0.0489 -0.0489 -0.9976
vn 0.2353 -0.2353 0.9430
vn 0.2566 -0.0706 0.9639
vn 0.2449 -0.0623 0.9676
vn -0.2353 -0.2353 0.9430
vn -0.2566 -0.0706 0.9639
vn -0.2449 -0.0623 0.9676
vn -0.3328 -0.0000 0.9430
vn 0.0861 -0.3215 0.9430
vn -0.1664 -0.2882 0.9430
vn -0.0000 -0.3328 0.9430
vn -0.9637 -0.2582 0.0682
vn -0.8640 -0.4988 0.0682
vn -0.7055 -0.7055 0.0682
vn -0.4988 -0.8640 0.0682
vn -0.2582 -0.9637 0.0682
vn -0.0000 -0.9977 0.0682
vn 0.2582 -0.9637 0.0682
vn 0.4988 -0.8640 0.0682
vn 0.7055 -0.7055 0.0682
vn 0.8640 -0.4988 0.0682
vn 0.9637 -0.2582 0.0682
vn 0.0452 -0.0452 0.9980
vn 0.0320 -0.0554 0.9980
vn 0.0166 -0.0618 0.9980
vn -0.0564 -0.0152 0.9983
vn -0.0640 -0.0000 0.9980
vn -0.0000 -0.0640 0.9980
vn -0.0536 -0.0321 0.9980
vn -0.0538 -0.0139 0.9985
vn -0.0452 -0.0452 0.9980
vn -0.0320 -0.0554 0.9980
vn 0.0564 -0.0152 0.9983
vn 0.0538 -0.0139 0.9985
vn -0.0166 -0.0618 0.9980
vn 0.0536 -0.0321 0.9980
vn 0.9998 -0.0174 -0.0053
vn 0.9998 0.0194 0.0007
vn 0.9998 0.0189 -0.0084
vn 0.9999 0.0103 0.0028
vn 1.0000 -0.0000 -0.0001
vn 0.4862 -0.3040 -0.8193
vn 0.4862 -0.3040 -0.8192
vn 0.4464 -0.8206 0.3568
vn 0.4405 -0.7437 0.5029
vn 0.4465 -0.8222 0.3529
vn 0.4453 -0.3911 0.8054
vn 0.4733 -0.3125 0.8236
vn 0.4239 -0.4154 0.8048
vn 0.4705 -0.8389 -0.2736
vn 0.4648 -0.8773 -0.1192
vn 0.4706 -0.8377 -0.2772
vn 0.4908 0.0198 0.8711
vn 0.4927 0.0180 0.8700
vn 0.4754 -0.7712 -0.4233
vn 0.4755 -0.7697 -0.4260
vn 0.4333 -0.6289 0.6455
vn 0.4268 -0.5142 0.7439
vn 0.4335 -0.6326 0.6418
vn 0.4852 -0.4373 -0.7572
vn 0.4585 -0.8875 0.0455
vn 0.4525 -0.8692 0.1992
vn 0.4587 -0.8877 0.0410
vn 0.4523 -0.8683 0.2035
vn 0.4793 -0.6805 -0.5543
vn 0.4793 -0.6789 -0.5562
vn 0.4647 -0.8780 -0.1149
vn 0.4825 -0.5706 -0.6645
vn 0.4825 -0.5688 -0.6660
vn 0.4852 -0.4384 -0.7566
vn 1.0000 -0.0003 -0.0002
vn 0.4403 -0.7412 0.5068
vn 0.4267 -0.5118 0.7457
vn -0.9073 -0.3247 -0.2673
vn -0.9073 -0.3661 -0.2069
vn -0.9999 -0.0090 0.0048
vn -0.9999 -0.0126 0.0039
vn -0.9073 -0.3623 0.2136
vn -0.9073 -0.3197 0.2733
vn -0.9073 -0.3939 0.1475
vn -0.9073 -0.4135 0.0769
vn -0.9073 -0.4205 0.0039
vn -0.9073 -0.4148 -0.0692
vn -0.9998 -0.0210 0.0024
vn -0.9073 -0.2136 -0.3623
vn -0.9073 -0.1475 -0.3939
vn -0.9997 -0.0098 -0.0234
vn -0.9998 -0.0033 -0.0198
vn -0.9073 -0.2733 -0.3197
vn -0.9995 -0.0102 0.0288
vn -0.9073 -0.2673 0.3247
vn -0.9073 -0.2069 0.3661
vn -0.9073 -0.2069 0.3662
vn -0.9073 -0.3965 -0.1402
vn -1.0000 -0.0055 0.0067
vn -1.0000 -0.0069 0.0057
vn -0.9073 -0.0759 -0.4137
vn -0.9073 -0.1402 0.3965
vn -0.9073 -0.0701 0.4147
vn -0.9999 -0.0130 -0.0037
vn -0.9999 -0.0092 -0.0047
vn -1.0000 -0.0071 -0.0055
vn -1.0000 -0.0056 -0.0065
vn -0.9968 -0.0619 -0.0510
vn -0.9968 -0.0698 -0.0394
vn -0.9968 -0.0691 0.0407
vn -0.9968 -0.0609 0.0521
vn -0.9968 -0.0751 0.0281
vn -0.9968 -0.0802 0.0007
vn -0.9968 -0.0788 0.0147
vn -0.9968 -0.0791 -0.0132
vn -0.9968 -0.0281 -0.0751
vn -0.9968 -0.0407 -0.0691
vn -0.9995 -0.0107 -0.0281
vn -0.9968 -0.0521 -0.0609
vn -0.9968 -0.0510 0.0619
vn -0.9968 -0.0394 0.0698
vn -0.9968 -0.0756 -0.0267
vn -0.9968 -0.0267 0.0756
vn 1.0000 -0.0002 0.0002
vn 1.0000 -0.0001 0.0001
vn 1.0000 0.0015 -0.0001
vn 1.0000 0.0055 -0.0014
vn 0.9998 0.0171 0.0089
vn 1.0000 0.0038 0.0068
vn 0.9999 -0.0075 -0.0094
vn 1.0000 0.0031 -0.0057
vn 0.9998 0.0217 -0.0002
vn 1.0000 0.0038 -0.0056
vn 1.0000 0.0048 -0.0048
vn 1.0000 0.0061 0.0039
vn 1.0000 0.0055 0.0041
vn 1.0000 0.0064 -0.0039
vn 1.0000 0.0087 -0.0031
vn 1.0000 0.0060 0.0040
vn 0.9999 0.0125 -0.0021
vn -0.1517 -0.2628 -0.9529
vn -0.0785 -0.2931 -0.9529
vn 0.2550 -0.1494 -0.9553
vn 0.2180 -0.0605 -0.9741
vn 0.2080 -0.0526 -0.9767
vn -0.0000 -0.3034 -0.9529
vn 0.1517 -0.2628 -0.9529
vn 0.2145 -0.2146 -0.9529
vn 0.0785 -0.2931 -0.9529
vn -0.2180 -0.0605 -0.9741
vn -0.2080 -0.0526 -0.9767
vn -0.2550 -0.1494 -0.9553
vn -0.3485 -0.2012 0.9155
vn -0.2846 -0.2846 0.9154
vn -0.2145 -0.2146 -0.9529
vn 0.2628 -0.1517 -0.9529
vn 0.2846 -0.2846 0.9154
vn 0.3485 -0.2012 0.9155
vn -0.0000 -0.4024 0.9155
vn 0.1042 -0.3887 0.9154
vn -0.3887 -0.1042 0.9155
vn 0.3887 -0.1042 0.9155
vn -0.2012 -0.3485 0.9155
vn -0.1042 -0.3887 0.9154
vn 0.2012 -0.3485 0.9155
vn 0.8818 -0.4717 -0.0000
vn -0.7072 -0.7071 -0.0001
vn -0.5350 -0.8449 -0.0000
vn 0.8674 -0.4975 0.0042
vn 0.7051 -0.7091 0.0042
vn 0.8008 -0.5989 0.0009
vn -0.2798 -0.9601 -0.0000
vn 0.5350 -0.8448 -0.0000
vn -0.8687 -0.4954 -0.0052
vn -0.8656 -0.5007 -0.0000
vn -0.7932 -0.6089 -0.0000
vn 0.2801 -0.9600 -0.0000
vn 0.9583 -0.2858 -0.0000
vn 0.9583 -0.2857 -0.0000
vn -0.7453 -0.6668 -0.0000
vn 0.4557 0.8902 0.0013
vn 0.4693 0.8830 -0.0022
vn 0.4536 0.8912 0.0018
vn 1.0000 0.0001 0.0001
vn 0.0168 -0.0045 -0.9998
vn 0.0162 -0.0067 -0.9998
vn -0.7182 0.0169 -0.6956
vn -0.7548 -0.0461 -0.6543
vn -0.6164 -0.0528 -0.7857
vn -0.4514 -0.0765 -0.8890
vn 0.0145 -0.0097 -0.9998
vn -0.5629 0.0474 -0.8251
vn -0.6844 0.0226 -0.7287
vn -0.2996 0.0752 -0.9511
vn -0.5253 0.0392 -0.8500
vn -0.0001 0.0298 -0.9996
vn -0.2728 0.0511 -0.9607
vn -0.0167 -0.0045 -0.9998
vn -0.0161 -0.0067 -0.9998
vn 0.7607 -0.0517 -0.6470
vn 0.7332 -0.0124 -0.6799
vn 0.6249 -0.0508 -0.7791
vn 0.6975 0.0002 -0.7166
vn 0.5651 0.0413 -0.8240
vn 0.4257 -0.0451 -0.9037
vn -0.0139 -0.0107 -0.9998
vn 0.5257 0.0348 -0.8500
vn 0.2949 0.0762 -0.9525
vn 0.2681 0.0520 -0.9620
vn -0.2762 0.9611 -0.0000
vn 0.8657 0.5005 0.0004
vn 0.7931 0.6091 -0.0000
vn 0.8843 0.4670 -0.0003
vn -0.9648 -0.2627 -0.0125
vn 0.7935 0.6085 -0.0000
vn 0.7416 0.6708 -0.0000
vn 0.7079 0.7063 -0.0000
vn 0.5315 0.8471 -0.0000
vn -0.8066 0.5911 -0.0000
vn -0.8805 0.4740 -0.0018
vn -0.8941 0.4479 0.0024
vn 0.2759 0.9612 -0.0000
vn -0.5315 0.8471 -0.0000
vn -0.6788 0.7344 -0.0000
vn -0.7027 0.7115 -0.0000
vn -0.7891 0.6142 -0.0000
vn 0.6229 0.7823 -0.0000
vn 0.4332 0.9013 -0.0000
vn 0.2233 -0.9748 -0.0000
vn 0.4346 -0.9006 -0.0000
vn 0.2218 0.9751 -0.0000
vn 0.0008 -1.0000 -0.0000
vn -1.0000 -0.0008 -0.0000
vn -0.9748 -0.2233 -0.0000
vn -0.0008 1.0000 -0.0000
vn -0.9006 -0.4346 -0.0000
vn -0.9751 0.2218 -0.0000
vn -0.9013 0.4332 -0.0000
vn -0.7814 -0.6241 -0.0000
vn -0.6229 -0.7823 -0.0000
vn -0.6241 0.7814 -0.0000
vn -0.7823 0.6229 -0.0000
vn -0.4332 -0.9013 -0.0000
vn -0.4346 0.9006 -0.0000
vn -0.2218 -0.9751 -0.0000
vn -0.2233 0.9748 -0.0000
vn 0.6241 -0.7814 -0.0000
vn 0.7823 -0.6229 -0.0000
vn 0.7814 0.6241 -0.0000
vn 0.9751 -0.2218 -0.0000
vn 1.0000 0.0008 -0.0000
vn 0.9748 0.2233 -0.0000
vn 0.9013 -0.4332 -0.0000
vn 0.9006 0.4346 -0.0000
vn 0.2300 -0.2879 -0.9296
vn 0.0911 -0.1887 -0.9778
vn 0.1308 -0.1637 -0.9778
vn 0.0817 0.3593 -0.9296
vn 0.0908 0.1889 -0.9778
vn 0.0465 0.2043 -0.9778
vn 0.1601 -0.3319 -0.9296
vn 0.0468 -0.2043 -0.9778
vn -0.0002 0.2096 -0.9778
vn -0.0003 0.3685 -0.9296
vn 0.0823 -0.3592 -0.9296
vn 0.0002 -0.2096 -0.9778
vn -0.2043 0.0465 -0.9778
vn -0.3685 -0.0003 -0.9296
vn -0.3593 0.0817 -0.9296
vn -0.2043 -0.0468 -0.9778
vn -0.3592 -0.0823 -0.9296
vn -0.3321 0.1596 -0.9296
vn -0.1887 -0.0911 -0.9778
vn -0.3319 -0.1601 -0.9296
vn -0.2883 0.2295 -0.9296
vn -0.1308 0.1637 -0.9778
vn -0.1639 0.1305 -0.9778
vn -0.2295 -0.2883 -0.9296
vn -0.1637 -0.1308 -0.9778
vn -0.1305 -0.1639 -0.9778
vn -0.1601 0.3319 -0.9296
vn -0.2300 0.2879 -0.9296
vn -0.1596 -0.3321 -0.9296
vn -0.0908 -0.1889 -0.9778
vn -0.0823 0.3592 -0.9296
vn -0.0911 0.1887 -0.9778
vn -0.0817 -0.3593 -0.9296
vn -0.0465 -0.2043 -0.9778
vn -0.0468 0.2043 -0.9778
vn 0.0003 -0.3685 -0.9296
vn 0.2879 0.2300 -0.9296
vn 0.1305 0.1639 -0.9778
vn 0.2295 0.2883 -0.9296
vn 0.1639 -0.1305 -0.9778
vn 0.2883 -0.2295 -0.9296
vn -0.1889 0.0908 -0.9778
vn 0.3592 0.0823 -0.9296
vn 0.2096 0.0002 -0.9778
vn 0.2043 0.0468 -0.9778
vn -0.2879 -0.2300 -0.9296
vn 0.3685 0.0003 -0.9296
vn 0.2043 -0.0465 -0.9778
vn 0.3319 0.1601 -0.9296
vn 0.1887 0.0911 -0.9778
vn 0.3321 -0.1596 -0.9296
vn 0.3593 -0.0817 -0.9296
vn 0.1637 0.1308 -0.9778
vn 0.1889 -0.0908 -0.9778
vn 0.1596 0.3321 -0.9296
vn -0.2096 -0.0002 -0.9778
vn 0.0380 -0.2437 0.9691
vn 0.1903 -0.0001 0.9817
vn 0.4140 -0.3409 0.8440
vn 0.0412 0.2566 0.9656
vn 0.0008 -0.0000 1.0000
vn 0.1097 0.8418 0.5285
vn 0.4379 0.3427 0.8311
vn 0.1499 0.9887 -0.0003
vn 0.6509 0.6459 0.3990
vn 0.6507 0.6456 -0.3999
vn 0.7201 0.6938 -0.0004
vn 0.1096 0.8412 -0.5294
vn 0.4375 0.3422 -0.8315
vn 0.0411 0.2562 -0.9658
vn 0.1901 -0.0001 -0.9818
vn 0.0379 -0.2432 -0.9692
vn 0.0008 -0.0000 -1.0000
vn 0.0296 -0.8201 -0.5714
vn 0.4136 -0.3405 -0.8444
vn -0.0153 -0.9999 -0.0004
vn 0.5598 -0.7022 -0.4399
vn 0.5599 -0.7026 0.4390
vn 0.6048 -0.7964 -0.0004
vn 0.0296 -0.8209 0.5704
vn -0.3562 -0.4141 0.8376
vn -0.5526 -0.7554 0.3522
vn -0.5731 -0.8195 -0.0002
vn -0.5525 -0.7552 -0.3527
vn -0.3559 -0.4135 -0.8381
vn -0.2245 0.0002 -0.9745
vn -0.3722 0.4166 -0.8294
vn -0.4671 0.7931 -0.3909
vn -0.4104 0.9119 -0.0001
vn -0.4672 0.7933 0.3904
vn -0.3725 0.4173 0.8289
vn -0.2247 0.0002 0.9744
vn -0.1220 -0.7146 0.6888
vn -0.4717 -0.1076 0.8752
vn 0.0035 -0.1767 0.9843
vn -0.2157 -0.9693 0.1178
vn -0.6185 -0.5002 0.6060
vn -0.6633 -0.5960 -0.4526
vn -0.7170 -0.6878 0.1133
vn -0.1681 -0.8464 -0.5053
vn -0.5181 -0.2797 -0.8083
vn 0.4857 0.2795 0.8282
vn 0.1047 0.4255 0.8989
vn -0.0381 -0.3967 -0.9172
vn -0.3788 0.2085 -0.9017
vn 0.4313 -0.4452 -0.7847
vn 0.3531 -0.8465 -0.3984
vn 0.3320 -0.9412 0.0626
vn 0.3603 -0.7652 0.5335
vn 0.4352 -0.2952 0.8506
vn -0.3230 0.4153 0.8504
vn 0.4847 0.1263 -0.8655
vn -0.2031 0.8563 0.4749
vn 0.1784 0.8591 0.4796
vn -0.1719 0.9785 -0.1138
vn 0.1964 0.9741 -0.1117
vn 0.1488 0.7294 -0.6677
vn -0.2448 0.7192 -0.6503
vn 0.0585 0.2132 -0.9753
vn 0.5104 0.6128 -0.6033
vn 0.5216 0.8493 -0.0807
vn 0.5143 0.7153 0.4731
vn -0.0954 0.7204 -0.6870
vn -0.4626 0.1219 -0.8781
vn 0.0141 0.1788 -0.9838
vn -0.1812 0.9765 -0.1168
vn -0.5936 0.5284 -0.6070
vn -0.6366 0.6276 0.4482
vn -0.6864 0.7179 -0.1157
vn -0.1408 0.8532 0.5022
vn -0.5086 0.2952 0.8088
vn 0.4963 -0.2762 -0.8231
vn 0.1143 -0.4234 -0.8987
vn -0.0272 0.3988 0.9167
vn -0.3721 -0.2088 0.9044
vn 0.4457 0.4352 0.7823
vn 0.3753 0.8354 0.4015
vn 0.3497 0.9348 -0.0615
vn 0.3839 0.7533 -0.5340
vn 0.4498 0.2855 -0.8462
vn -0.3171 -0.4161 -0.8522
vn 0.4951 -0.1240 0.8600
vn -0.1992 -0.8570 -0.4752
vn 0.1874 -0.8572 -0.4797
vn -0.1686 -0.9791 0.1138
vn 0.2052 -0.9723 0.1118
vn 0.1580 -0.7273 0.6679
vn -0.2401 -0.7201 0.6510
vn 0.0685 -0.2109 0.9751
vn 0.5213 -0.6073 0.5995
vn 0.5328 -0.8424 0.0802
vn 0.5254 -0.7092 -0.4702
vn 0.9351 -0.3543 -0.0039
vn 0.9794 -0.2018 -0.0083
vn 0.9659 -0.2588 -0.0012
vn 0.9659 -0.2589 0.0009
vn 0.9271 -0.3749 0.0018
vn 0.9670 -0.2546 0.0061
vn 0.9914 -0.1305 -0.0000
vn 1.0000 0.0001 -0.0094
vn 0.9989 0.0474 0.0010
vn 0.9914 0.1305 -0.0000
vn 0.9990 -0.0440 -0.0007
vn 0.9999 -0.0065 0.0150
vn 0.9980 -0.0626 0.0035
vn 0.9994 0.0332 0.0036
vn 0.9998 -0.0122 -0.0143
vn 0.9659 0.2587 0.0021
vn 0.9999 -0.0007 0.0160
vn 0.9852 0.1710 0.0096
vn 0.9756 0.2192 -0.0075
vn 0.9659 0.2588 -0.0008
vn 0.9302 0.3670 -0.0058
vn 0.9233 0.3840 0.0005
vn 0.9391 0.3435 0.0075
vn -0.0139 0.0107 -0.9998
vn -0.0153 0.0081 -0.9998
vn -0.8656 0.5007 -0.0000
vn -0.9294 0.3690 0.0050
vn -0.9655 0.2604 -0.0027
vn -0.9648 0.2631 0.0075
vn -0.9659 0.2588 0.0014
vn -0.9395 0.3427 0.0042
vn -0.9969 0.0791 -0.0015
vn -0.9997 0.0016 0.0238
vn -0.9993 -0.0379 -0.0018
vn -0.9839 0.1783 0.0082
vn -0.9914 -0.1305 -0.0000
vn -0.9785 -0.2059 0.0081
vn -0.9996 0.0094 -0.0257
vn -0.9932 -0.0080 -0.1160
vn -0.9998 0.0102 0.0184
vn -0.9984 -0.0528 0.0195
vn -0.9971 0.0750 0.0160
vn -0.9862 0.0085 0.1654
vn -0.9951 0.0031 0.0989
vn -1.0000 0.0001 -0.0059
vn -0.9642 -0.2651 -0.0108
vn -0.9803 -0.1957 0.0264
vn -0.9465 -0.3216 0.0256
vn -0.9333 -0.3590 0.0027
vn -0.9659 -0.2588 0.0009
vn 1.0000 0.0003 -0.0002
vn 1.0000 -0.0005 0.0001
vn 1.0000 -0.0027 -0.0006
vn 1.0000 -0.0010 -0.0005
vn 1.0000 -0.0055 -0.0013
vn 1.0000 -0.0015 -0.0001
vn 0.9999 -0.0081 -0.0108
vn 0.9992 -0.0216 -0.0341
vn 0.9615 -0.0000 0.2748
vn 0.9999 0.0081 0.0148
vn 1.0000 0.0095 0.0013
vn 0.9992 0.0216 -0.0341
vn 0.9999 0.0081 -0.0108
vn 0.9989 -0.0475 0.0002
vn -0.9838 -0.1774 0.0241
vn -0.9694 -0.2452 -0.0060
vn -0.9147 0.4040 0.0014
vn -0.9253 0.3787 -0.0218
vn -0.9835 0.1799 -0.0174
vn -0.9671 0.2545 -0.0002
vn -0.9676 0.2523 0.0024
vn -0.9277 0.3727 0.0213
vn -0.9838 0.1774 0.0241
vn -1.0000 -0.0000 0.0100
vn -1.0000 -0.0000 -0.0090
vn 0.7053 0.7089 -0.0000
vn 0.7053 -0.7089 -0.0000
vn 0.6606 0.6606 0.3566
vn -0.6606 0.6606 0.3566
vn -0.6606 -0.6606 0.3566
vn 0.6606 -0.6606 0.3566
vn 0.3200 -0.0000 -0.9474
vn -0.3200 -0.0000 -0.9474
vn 0.5064 0.2710 0.8186
vn -0.9073 0.0701 0.4147
vn -0.3034 -0.0000 -0.9529
vn 0.3034 -0.0000 -0.9529
vn 0.4536 -0.8912 0.0018
vn 0.4873 -0.0000 0.8732
vn 0.0145 0.0097 -0.9998
vn -0.2771 -0.1600 -0.9474
vn 0.2771 -0.1600 -0.9474
vn 0.1664 -0.2882 0.9430
vn 0.2882 -0.1664 0.9430
vn -0.2882 -0.1664 0.9430
vn -0.0861 -0.3215 0.9430
vn -0.0554 -0.0320 0.9980
vn 0.0554 -0.0320 0.9980
vn 0.5064 -0.2710 0.8186
vn -0.2628 -0.1517 -0.9529
vn 0.4713 0.8820 -0.0028
vn -0.0002 -0.0038 -1.0000
vt 0.866272 0.781742
vt 0.794507 0.733790
vt 0.842459 0.805555
vt 0.709854 0.716951
vt 0.722742 0.685838
vt 0.879159 0.716951
vt 0.879159 0.750628
vt 0.709854 0.750628
vt 0.866272 0.685838
vt 0.722742 0.781742
vt 0.842458 0.662025
vt 0.746555 0.805555
vt 0.811345 0.649137
vt 0.777668 0.818442
vt 0.777668 0.649137
vt 0.811345 0.818442
vt 0.746555 0.662025
vt 0.257569 0.353718
vt 0.254160 0.330065
vt 0.257569 0.330065
vt 0.257569 0.188774
vt 0.254160 0.165122
vt 0.257569 0.165122
vt 0.254160 0.542313
vt 0.257569 0.518661
vt 0.257569 0.542313
vt 0.254160 0.023830
vt 0.257569 0.000488
vt 0.257569 0.023830
vt 0.254160 0.377370
vt 0.257569 0.377370
vt 0.257569 0.212426
vt 0.254160 0.188774
vt 0.254160 0.565655
vt 0.257569 0.565655
vt 0.254160 0.047482
vt 0.257569 0.047482
vt 0.254160 0.401022
vt 0.257569 0.401022
vt 0.254160 0.236078
vt 0.257569 0.236078
vt 0.257569 0.071134
vt 0.257569 0.424363
vt 0.254160 0.259730
vt 0.257569 0.259730
vt 0.254160 0.094786
vt 0.257569 0.094786
vt 0.257569 0.447705
vt 0.254160 0.424363
vt 0.254160 0.283072
vt 0.257569 0.283072
vt 0.257569 0.118438
vt 0.254160 0.471357
vt 0.257569 0.471357
vt 0.254160 0.306413
vt 0.257569 0.306413
vt 0.254160 0.141780
vt 0.257569 0.141780
vt 0.257569 0.495009
vt 0.254160 0.518661
vt 0.230211 0.309403
vt 0.246099 0.285833
vt 0.246099 0.309403
vt 0.230211 0.143161
vt 0.246099 0.119591
vt 0.246099 0.143161
vt 0.230211 0.499842
vt 0.246099 0.475959
vt 0.246099 0.499842
vt 0.230211 0.333287
vt 0.246099 0.333287
vt 0.230211 0.166731
vt 0.246099 0.166731
vt 0.230211 0.523725
vt 0.246099 0.523725
vt 0.230211 0.357170
vt 0.246099 0.357170
vt 0.230211 0.190614
vt 0.246099 0.190614
vt 0.230211 0.547609
vt 0.246099 0.547609
vt 0.230211 0.024058
vt 0.246099 0.000488
vt 0.246099 0.024058
vt 0.230211 0.381053
vt 0.246099 0.381053
vt 0.230211 0.214497
vt 0.246099 0.214497
vt 0.230211 0.571178
vt 0.246099 0.571178
vt 0.230211 0.047941
vt 0.246099 0.047941
vt 0.230211 0.404936
vt 0.246099 0.404936
vt 0.230211 0.238380
vt 0.246099 0.238380
vt 0.230211 0.071825
vt 0.246099 0.071825
vt 0.230211 0.428506
vt 0.246099 0.428506
vt 0.230211 0.262264
vt 0.246099 0.262264
vt 0.230211 0.095708
vt 0.246099 0.095708
vt 0.230211 0.452076
vt 0.246099 0.452076
vt 0.230211 0.285833
vt 0.230211 0.475959
vt 0.224735 0.048193
vt 0.228484 0.024183
vt 0.228484 0.048193
vt 0.224735 0.407085
vt 0.228484 0.383075
vt 0.228484 0.407085
vt 0.224735 0.239644
vt 0.228484 0.215634
vt 0.228484 0.239644
vt 0.228484 0.072204
vt 0.224735 0.430780
vt 0.228484 0.430780
vt 0.224735 0.263654
vt 0.228484 0.263654
vt 0.228484 0.096214
vt 0.224735 0.072204
vt 0.228484 0.454475
vt 0.224735 0.287349
vt 0.228484 0.287349
vt 0.224735 0.120224
vt 0.228484 0.120224
vt 0.224735 0.478485
vt 0.228484 0.478485
vt 0.224735 0.311044
vt 0.228484 0.311044
vt 0.224735 0.143919
vt 0.228484 0.143919
vt 0.224735 0.502495
vt 0.228484 0.502495
vt 0.224735 0.335055
vt 0.228484 0.335055
vt 0.228484 0.167614
vt 0.224735 0.526505
vt 0.228484 0.526505
vt 0.228484 0.359065
vt 0.224735 0.191624
vt 0.228484 0.191624
vt 0.224735 0.550515
vt 0.228484 0.550515
vt 0.224735 0.024183
vt 0.228484 0.000488
vt 0.224735 0.359065
vt 0.224735 0.215634
vt 0.224735 0.574211
vt 0.228484 0.574211
vt 0.213597 0.434720
vt 0.009142 0.458632
vt 0.009142 0.434720
vt 0.223008 0.072860
vt 0.213597 0.097090
vt 0.213597 0.072860
vt 0.213597 0.169144
vt 0.223008 0.193374
vt 0.213597 0.193374
vt 0.213597 0.410808
vt 0.009142 0.410808
vt 0.223008 0.048630
vt 0.213597 0.048630
vt 0.223008 0.217604
vt 0.213597 0.241834
vt 0.213597 0.217604
vt 0.223008 0.313888
vt 0.213597 0.338118
vt 0.213597 0.313888
vt 0.213597 0.555551
vt 0.009142 0.579463
vt 0.009142 0.555551
vt 0.223008 0.362348
vt 0.213597 0.386578
vt 0.213597 0.362348
vt 0.213597 0.000488
vt 0.009142 0.024400
vt 0.009142 0.000488
vt 0.223008 0.458632
vt 0.213597 0.482861
vt 0.213597 0.458632
vt 0.223008 0.121320
vt 0.223008 0.097090
vt 0.223008 0.338118
vt 0.223008 0.507092
vt 0.213597 0.531321
vt 0.213597 0.507092
vt 0.213597 0.145232
vt 0.009142 0.169144
vt 0.009142 0.145232
vt 0.223008 0.266064
vt 0.223008 0.241834
vt 0.223008 0.482861
vt 0.213597 0.121320
vt 0.009142 0.121320
vt 0.213597 0.289976
vt 0.009142 0.313888
vt 0.009142 0.289976
vt 0.223008 0.386578
vt 0.223008 0.024400
vt 0.213597 0.024400
vt 0.213597 0.266064
vt 0.009142 0.266064
vt 0.007415 0.447461
vt 0.000488 0.437458
vt 0.007415 0.437458
vt 0.007415 0.346056
vt 0.000488 0.336054
vt 0.007415 0.336054
vt 0.007415 0.189549
vt 0.000488 0.179546
vt 0.007415 0.179546
vt 0.000488 0.235250
vt 0.007415 0.212399
vt 0.007415 0.235250
vt 0.007415 0.548265
vt 0.000488 0.525414
vt 0.007415 0.525414
vt 0.000488 0.258100
vt 0.007415 0.258100
vt 0.000488 0.571115
vt 0.007415 0.571115
vt 0.000488 0.280951
vt 0.007415 0.280951
vt 0.007415 0.055892
vt 0.000488 0.033041
vt 0.007415 0.033041
vt 0.000488 0.593966
vt 0.007415 0.593966
vt 0.007415 0.368907
vt 0.000488 0.346056
vt 0.007415 0.078742
vt 0.000488 0.055892
vt 0.007415 0.391757
vt 0.000488 0.368907
vt 0.000488 0.101593
vt 0.007415 0.101593
vt 0.000488 0.414608
vt 0.007415 0.414608
vt 0.000488 0.124443
vt 0.007415 0.124443
vt 0.000488 0.189549
vt 0.000488 0.502564
vt 0.007415 0.502564
vt 0.744900 0.272073
vt 0.735371 0.291563
vt 0.735371 0.272073
vt 0.744900 0.039213
vt 0.735371 0.058703
vt 0.735371 0.039213
vt 0.744900 0.252583
vt 0.735371 0.252583
vt 0.744900 0.427484
vt 0.735371 0.446974
vt 0.735371 0.427484
vt 0.744900 0.019723
vt 0.735371 0.019723
vt 0.744900 0.194624
vt 0.735371 0.214114
vt 0.735371 0.194624
vt 0.744900 0.407993
vt 0.735371 0.407993
vt 0.744900 0.175133
vt 0.735371 0.175133
vt 0.744900 0.388503
vt 0.735371 0.388503
vt 0.744900 0.155643
vt 0.735371 0.155643
vt 0.744900 0.369013
vt 0.735371 0.369013
vt 0.744900 0.136153
vt 0.735371 0.136153
vt 0.735371 0.311054
vt 0.744900 0.330544
vt 0.735371 0.330544
vt 0.744900 0.078194
vt 0.735371 0.097684
vt 0.735371 0.078194
vt 0.744900 0.291563
vt 0.744900 0.058703
vt 0.000488 0.134445
vt 0.007415 0.156996
vt 0.000488 0.156996
vt 0.000488 0.290953
vt 0.007415 0.313504
vt 0.000488 0.313504
vt 0.007415 0.290953
vt 0.000488 0.447461
vt 0.007415 0.470011
vt 0.000488 0.470011
vt 0.000488 0.492562
vt 0.007415 0.492562
vt 0.000488 0.603968
vt 0.007415 0.626519
vt 0.000488 0.626519
vt 0.007415 0.603968
vt 0.000488 0.023039
vt 0.007415 0.023039
vt 0.007415 0.000488
vt 0.259296 0.249133
vt 0.269281 0.271521
vt 0.259296 0.271521
vt 0.269281 0.090932
vt 0.259296 0.113617
vt 0.259296 0.090932
vt 0.259296 0.429424
vt 0.269281 0.452110
vt 0.259296 0.452110
vt 0.259296 0.293908
vt 0.269281 0.136004
vt 0.259296 0.136004
vt 0.259296 0.474795
vt 0.269281 0.316593
vt 0.259296 0.316593
vt 0.259296 0.158392
vt 0.269281 0.474795
vt 0.259296 0.497480
vt 0.259296 0.339279
vt 0.269281 0.181077
vt 0.259296 0.181077
vt 0.269281 0.497480
vt 0.259296 0.520165
vt 0.269281 0.000488
vt 0.259296 0.022876
vt 0.259296 0.000488
vt 0.269281 0.361964
vt 0.259296 0.361964
vt 0.259296 0.203763
vt 0.269281 0.542553
vt 0.259296 0.542553
vt 0.269281 0.045561
vt 0.259296 0.045561
vt 0.259296 0.384649
vt 0.269281 0.203763
vt 0.259296 0.226448
vt 0.259296 0.068246
vt 0.269281 0.407037
vt 0.259296 0.407037
vt 0.269281 0.226448
vt 0.600828 0.000488
vt 0.594261 0.021784
vt 0.594261 0.000488
vt 0.600828 0.322754
vt 0.594261 0.344332
vt 0.594261 0.322754
vt 0.600828 0.172269
vt 0.594261 0.193848
vt 0.594261 0.172269
vt 0.594261 0.494817
vt 0.600828 0.516113
vt 0.594261 0.516113
vt 0.600828 0.021784
vt 0.594261 0.043363
vt 0.600828 0.344332
vt 0.594261 0.365911
vt 0.600828 0.193848
vt 0.594261 0.215426
vt 0.600828 0.043363
vt 0.594261 0.064941
vt 0.600828 0.365911
vt 0.594261 0.387207
vt 0.600828 0.215426
vt 0.594261 0.237005
vt 0.600828 0.086520
vt 0.594261 0.086520
vt 0.600828 0.387207
vt 0.594261 0.408502
vt 0.600828 0.258301
vt 0.594261 0.258301
vt 0.594261 0.108099
vt 0.600828 0.430081
vt 0.594261 0.430081
vt 0.594261 0.279596
vt 0.600828 0.129394
vt 0.594261 0.129394
vt 0.594261 0.451660
vt 0.600828 0.301175
vt 0.594261 0.301175
vt 0.594261 0.150690
vt 0.600828 0.451660
vt 0.594261 0.473239
vt 0.600828 0.473239
vt 0.806371 0.311054
vt 0.744900 0.311054
vt 0.744900 0.233348
vt 0.806371 0.252583
vt 0.806371 0.272073
vt 0.806371 0.214114
vt 0.744900 0.214114
vt 0.806371 0.194624
vt 0.744900 0.116918
vt 0.806371 0.136153
vt 0.806371 0.155643
vt 0.806371 0.097684
vt 0.744900 0.097684
vt 0.744900 0.000488
vt 0.806371 0.019723
vt 0.806371 0.078194
vt 0.806371 0.427484
vt 0.744900 0.446974
vt 0.806371 0.039213
vt 0.744900 0.349778
vt 0.806371 0.369013
vt 0.806371 0.446974
vt 0.744900 0.466208
vt 0.806371 0.388503
vt 0.806371 0.330544
vt 0.896624 0.896820
vt 0.910666 0.772897
vt 0.965606 0.841880
vt 0.952656 0.795824
vt 0.940883 0.784469
vt 0.926572 0.776548
vt 0.878626 0.777415
vt 0.894346 0.772897
vt 0.864611 0.785848
vt 0.841683 0.827837
vt 0.853256 0.797620
vt 0.845335 0.811931
vt 0.846201 0.859877
vt 0.841683 0.844158
vt 0.854634 0.873893
vt 0.866407 0.885248
vt 0.880717 0.893168
vt 0.928664 0.892302
vt 0.912944 0.896820
vt 0.942679 0.883869
vt 0.954034 0.872097
vt 0.961955 0.857786
vt 0.961088 0.809839
vt 0.965606 0.825559
vt 0.007415 0.134445
vt 0.009142 0.531321
vt 0.009142 0.507092
vt 0.009142 0.482861
vt 0.009142 0.386578
vt 0.009142 0.362348
vt 0.009142 0.338118
vt 0.009142 0.241834
vt 0.009142 0.217604
vt 0.009142 0.193374
vt 0.009142 0.097090
vt 0.009142 0.072860
vt 0.009142 0.048630
vt 0.223008 0.555551
vt 0.223008 0.531321
vt 0.614807 0.635567
vt 0.616421 0.611645
vt 0.622698 0.614748
vt 0.610515 0.657414
vt 0.597402 0.638437
vt 0.600838 0.663563
vt 0.595466 0.687575
vt 0.610872 0.679675
vt 0.615419 0.701470
vt 0.622698 0.723445
vt 0.601092 0.710479
vt 0.573894 0.319375
vt 0.572280 0.295453
vt 0.580170 0.316272
vt 0.567988 0.273607
vt 0.554874 0.292583
vt 0.558310 0.267457
vt 0.552938 0.243445
vt 0.568344 0.251345
vt 0.572891 0.229550
vt 0.558564 0.220542
vt 0.580170 0.207575
vt 0.865864 0.480440
vt 0.839801 0.502050
vt 0.843993 0.467935
vt 0.491537 0.928718
vt 0.598633 0.905134
vt 0.598633 0.928718
vt 0.605540 0.881518
vt 0.491537 0.857117
vt 0.598633 0.857117
vt 0.890695 0.115607
vt 0.858775 0.000724
vt 0.890695 0.008511
vt 0.088552 0.949598
vt 0.112474 0.951212
vt 0.109371 0.957488
vt 0.116565 0.881305
vt 0.230569 0.904922
vt 0.123473 0.904921
vt 0.890688 0.298916
vt 0.858768 0.413798
vt 0.858768 0.306702
vt 0.123473 0.928506
vt 0.230569 0.856904
vt 0.123473 0.856904
vt 0.858273 0.533376
vt 0.865864 0.587538
vt 0.857779 0.539696
vt 0.491537 0.905134
vt 0.907660 0.414895
vt 0.909274 0.438817
vt 0.901384 0.417998
vt 0.913566 0.460663
vt 0.926680 0.441687
vt 0.923244 0.466813
vt 0.928616 0.490825
vt 0.913210 0.482925
vt 0.908663 0.504720
vt 0.922990 0.513729
vt 0.901384 0.526695
vt 0.934181 0.088552
vt 0.932567 0.112474
vt 0.926291 0.109371
vt 0.938473 0.066706
vt 0.951587 0.085683
vt 0.948151 0.060556
vt 0.953523 0.036544
vt 0.938117 0.044444
vt 0.933570 0.022650
vt 0.926291 0.000674
vt 0.947897 0.013641
vt 0.036544 0.930256
vt 0.060556 0.935628
vt 0.044444 0.945662
vt 0.085683 0.932192
vt 0.066706 0.945306
vt 0.022649 0.950209
vt 0.000674 0.957488
vt 0.013641 0.935882
vt 0.942378 0.516791
vt 0.928051 0.507782
vt 0.948004 0.493887
vt 0.932598 0.485987
vt 0.942632 0.469876
vt 0.946068 0.444749
vt 0.932954 0.463726
vt 0.920772 0.529757
vt 0.928662 0.441879
vt 0.927048 0.417957
vt 0.920772 0.421060
vt 0.677349 0.802629
vt 0.711179 0.789343
vt 0.703728 0.802543
vt 0.863569 0.166589
vt 0.841683 0.284465
vt 0.841683 0.177369
vt 0.834598 0.898547
vt 0.941694 0.922131
vt 0.834598 0.922131
vt 0.827690 0.945747
vt 0.941694 0.970149
vt 0.834598 0.970149
vt 0.924342 0.115607
vt 0.892422 0.000724
vt 0.924342 0.008511
vt 0.717804 0.942034
vt 0.603800 0.918419
vt 0.710896 0.918419
vt 0.826786 0.820169
vt 0.708910 0.842055
vt 0.719691 0.820169
vt 0.867591 0.541733
vt 0.899512 0.426851
vt 0.899512 0.533947
vt 0.710896 0.894834
vt 0.603801 0.966436
vt 0.710896 0.966436
vt 0.885657 0.166589
vt 0.863569 0.296953
vt 0.213018 0.935652
vt 0.189612 0.939382
vt 0.210015 0.930469
vt 0.167890 0.944263
vt 0.186940 0.955639
vt 0.161713 0.953048
vt 0.137564 0.957764
vt 0.145630 0.943802
vt 0.123980 0.938609
vt 0.114856 0.951392
vt 0.102309 0.930469
vt 0.237595 0.941251
vt 0.214190 0.937521
vt 0.217193 0.932338
vt 0.259318 0.946132
vt 0.240267 0.957508
vt 0.265495 0.954916
vt 0.289644 0.959633
vt 0.281577 0.945671
vt 0.303227 0.940477
vt 0.324898 0.932338
vt 0.312351 0.953261
vt 0.839275 0.842055
vt 0.708910 0.864143
vt 0.271008 0.090988
vt 0.275561 0.068340
vt 0.275561 0.090988
vt 0.271008 0.068340
vt 0.275561 0.045693
vt 0.271008 0.406320
vt 0.275561 0.427086
vt 0.271008 0.427086
vt 0.271008 0.045693
vt 0.275561 0.023045
vt 0.271008 0.449850
vt 0.275561 0.449850
vt 0.271008 0.000488
vt 0.271008 0.023045
vt 0.275561 0.472498
vt 0.271008 0.472498
vt 0.275561 0.495146
vt 0.271008 0.495146
vt 0.275561 0.517794
vt 0.271008 0.517794
vt 0.275561 0.113752
vt 0.271008 0.136389
vt 0.271008 0.113752
vt 0.275561 0.540350
vt 0.271008 0.540350
vt 0.647373 0.106346
vt 0.634287 0.127518
vt 0.634287 0.106346
vt 0.634287 0.085175
vt 0.634287 0.381577
vt 0.647373 0.402749
vt 0.634287 0.402749
vt 0.634287 0.064003
vt 0.647373 0.085175
vt 0.647373 0.423920
vt 0.634287 0.423920
vt 0.634287 0.042832
vt 0.647373 0.064003
vt 0.647373 0.445092
vt 0.634287 0.445092
vt 0.634287 0.021660
vt 0.647373 0.042832
vt 0.647373 0.466263
vt 0.634287 0.466263
vt 0.634287 0.000488
vt 0.647373 0.021660
vt 0.647373 0.487435
vt 0.634287 0.487435
vt 0.647373 0.508606
vt 0.634287 0.508606
vt 0.582312 0.022180
vt 0.586116 0.043958
vt 0.582312 0.043958
vt 0.582312 0.454385
vt 0.586116 0.476164
vt 0.582312 0.476164
vt 0.586116 0.000488
vt 0.586116 0.022180
vt 0.586116 0.497942
vt 0.582312 0.497942
vt 0.582312 0.519633
vt 0.586116 0.519633
vt 0.586116 0.109406
vt 0.582312 0.131174
vt 0.582312 0.109406
vt 0.582312 0.087515
vt 0.582312 0.390747
vt 0.586116 0.410716
vt 0.582312 0.410716
vt 0.582312 0.065737
vt 0.586116 0.087515
vt 0.582312 0.432606
vt 0.586116 0.432606
vt 0.586116 0.065737
vt 0.586116 0.454385
vt 0.484258 0.443496
vt 0.404940 0.421346
vt 0.484258 0.421346
vt 0.484258 0.133391
vt 0.404940 0.111240
vt 0.484258 0.111240
vt 0.484258 0.465647
vt 0.404940 0.443496
vt 0.404940 0.089090
vt 0.484258 0.089090
vt 0.484258 0.487797
vt 0.404940 0.465647
vt 0.404940 0.066940
vt 0.484258 0.066940
vt 0.484258 0.509948
vt 0.404940 0.487797
vt 0.404940 0.044789
vt 0.484258 0.044789
vt 0.404940 0.532098
vt 0.404940 0.509948
vt 0.404940 0.022639
vt 0.484258 0.022639
vt 0.404940 0.000488
vt 0.484258 0.000488
vt 0.484258 0.399196
vt 0.592534 0.496226
vt 0.587843 0.474523
vt 0.592534 0.474523
vt 0.592534 0.065512
vt 0.587843 0.043808
vt 0.592534 0.043808
vt 0.592534 0.517842
vt 0.587843 0.496226
vt 0.587843 0.022105
vt 0.592534 0.022105
vt 0.587843 0.000488
vt 0.592534 0.000488
vt 0.587843 0.409300
vt 0.592534 0.387607
vt 0.592534 0.409300
vt 0.592534 0.431116
vt 0.592534 0.128930
vt 0.587843 0.109030
vt 0.592534 0.109030
vt 0.587843 0.452819
vt 0.587843 0.431116
vt 0.587843 0.087215
vt 0.592534 0.087215
vt 0.592534 0.452819
vt 0.587843 0.065512
vt 0.683616 0.420927
vt 0.661817 0.399905
vt 0.683616 0.399905
vt 0.683616 0.126620
vt 0.661817 0.105598
vt 0.683616 0.105598
vt 0.683616 0.441948
vt 0.661817 0.420927
vt 0.661817 0.084576
vt 0.683616 0.084576
vt 0.683616 0.462970
vt 0.661817 0.441948
vt 0.661817 0.063554
vt 0.683616 0.063554
vt 0.683616 0.483992
vt 0.661817 0.462970
vt 0.661817 0.042532
vt 0.683616 0.042532
vt 0.683616 0.505014
vt 0.661817 0.483992
vt 0.661817 0.021510
vt 0.683616 0.021510
vt 0.661817 0.000488
vt 0.683616 0.000488
vt 0.661817 0.378883
vt 0.683616 0.378883
vt 0.607918 0.043567
vt 0.602555 0.065150
vt 0.602555 0.043567
vt 0.607918 0.514967
vt 0.602555 0.493471
vt 0.607918 0.493471
vt 0.607918 0.021985
vt 0.602555 0.021985
vt 0.602555 0.000488
vt 0.607918 0.000488
vt 0.602555 0.407028
vt 0.607918 0.385456
vt 0.607918 0.407028
vt 0.602555 0.428722
vt 0.607918 0.128217
vt 0.602555 0.108427
vt 0.607918 0.108427
vt 0.607918 0.450305
vt 0.607918 0.428722
vt 0.607918 0.086733
vt 0.602555 0.086733
vt 0.607918 0.471888
vt 0.602555 0.450305
vt 0.607918 0.065150
vt 0.602555 0.471888
vt 0.632560 0.107402
vt 0.625697 0.128769
vt 0.625697 0.107402
vt 0.632560 0.085914
vt 0.625697 0.085914
vt 0.632560 0.403168
vt 0.625697 0.383566
vt 0.632560 0.383566
vt 0.625697 0.064536
vt 0.632560 0.064536
vt 0.632560 0.424656
vt 0.625697 0.403168
vt 0.625697 0.043158
vt 0.632560 0.043158
vt 0.625697 0.446034
vt 0.625697 0.424656
vt 0.625697 0.021780
vt 0.632560 0.021780
vt 0.632560 0.467412
vt 0.632560 0.446034
vt 0.632560 0.000488
vt 0.625697 0.000488
vt 0.625697 0.488790
vt 0.625697 0.467412
vt 0.632560 0.510082
vt 0.632560 0.488790
vt 0.440115 0.581190
vt 0.462026 0.849821
vt 0.440116 0.849821
vt 0.462026 0.581190
vt 0.483936 0.849821
vt 0.483936 0.581190
vt 0.505847 0.849821
vt 0.505846 0.581190
vt 0.527757 0.849821
vt 0.527757 0.581190
vt 0.549667 0.849821
vt 0.023819 0.849821
vt 0.045730 0.581190
vt 0.045729 0.849821
vt 0.067640 0.849821
vt 0.067640 0.581190
vt 0.089550 0.849821
vt 0.089550 0.581190
vt 0.111461 0.849821
vt 0.111461 0.581190
vt 0.133371 0.849821
vt 0.133371 0.581190
vt 0.155281 0.849821
vt 0.418205 0.581190
vt 0.418205 0.849821
vt 0.710150 0.103563
vt 0.733644 0.124177
vt 0.710150 0.124177
vt 0.710150 0.082948
vt 0.733644 0.103563
vt 0.733644 0.371555
vt 0.710150 0.392170
vt 0.710150 0.371555
vt 0.710150 0.062333
vt 0.733644 0.082948
vt 0.733644 0.412785
vt 0.710150 0.412785
vt 0.710150 0.041718
vt 0.733644 0.062333
vt 0.710150 0.433400
vt 0.733644 0.433400
vt 0.710150 0.021103
vt 0.733644 0.041718
vt 0.710150 0.454015
vt 0.733644 0.454015
vt 0.710150 0.000488
vt 0.733644 0.021103
vt 0.733644 0.474630
vt 0.710150 0.474630
vt 0.710150 0.495244
vt 0.733644 0.495244
vt 0.615938 0.406538
vt 0.609645 0.384992
vt 0.615938 0.384992
vt 0.615938 0.428206
vt 0.609645 0.406538
vt 0.609645 0.128063
vt 0.615938 0.108297
vt 0.615938 0.128063
vt 0.615938 0.449762
vt 0.609645 0.428206
vt 0.609645 0.086629
vt 0.615938 0.086629
vt 0.615938 0.471319
vt 0.609645 0.449762
vt 0.615938 0.065072
vt 0.609645 0.065072
vt 0.609645 0.492876
vt 0.609645 0.471319
vt 0.609645 0.043515
vt 0.615938 0.043515
vt 0.615938 0.492876
vt 0.609645 0.514346
vt 0.615938 0.021959
vt 0.609645 0.021959
vt 0.609645 0.000488
vt 0.615938 0.000488
vt 0.623970 0.021915
vt 0.617665 0.000488
vt 0.623970 0.000488
vt 0.623970 0.470372
vt 0.617665 0.491885
vt 0.617665 0.470372
vt 0.623970 0.491885
vt 0.617665 0.513313
vt 0.617665 0.129583
vt 0.623970 0.108080
vt 0.623970 0.129583
vt 0.617665 0.086456
vt 0.623970 0.086456
vt 0.623970 0.405721
vt 0.617665 0.385995
vt 0.623970 0.385995
vt 0.617665 0.064942
vt 0.623970 0.064942
vt 0.617665 0.427345
vt 0.617665 0.405721
vt 0.617665 0.043429
vt 0.623970 0.043429
vt 0.623970 0.448859
vt 0.623970 0.427345
vt 0.617665 0.021915
vt 0.617665 0.448859
vt 0.277288 0.111816
vt 0.354769 0.134081
vt 0.277288 0.134081
vt 0.277288 0.089550
vt 0.354769 0.111816
vt 0.277288 0.067285
vt 0.354769 0.089550
vt 0.354769 0.045019
vt 0.354769 0.067285
vt 0.277288 0.022754
vt 0.277288 0.045019
vt 0.354769 0.000488
vt 0.354769 0.022754
vt 0.277288 0.512595
vt 0.354769 0.534861
vt 0.277288 0.534861
vt 0.277288 0.490330
vt 0.354769 0.512595
vt 0.277288 0.468064
vt 0.354769 0.490330
vt 0.277288 0.445799
vt 0.354769 0.468064
vt 0.277288 0.423533
vt 0.354769 0.445799
vt 0.277288 0.401268
vt 0.354769 0.423533
vt 0.485985 0.044817
vt 0.492250 0.067026
vt 0.485985 0.067026
vt 0.485985 0.089235
vt 0.492250 0.111558
vt 0.485985 0.111558
vt 0.485985 0.441144
vt 0.492250 0.463353
vt 0.485985 0.463353
vt 0.492250 0.418821
vt 0.492250 0.441144
vt 0.485985 0.396623
vt 0.485985 0.418821
vt 0.485985 0.022608
vt 0.492250 0.044817
vt 0.485985 0.485562
vt 0.492250 0.507771
vt 0.485985 0.507771
vt 0.485985 0.131922
vt 0.492250 0.131922
vt 0.492250 0.485562
vt 0.485985 0.529890
vt 0.492250 0.529890
vt 0.485985 0.000488
vt 0.492250 0.022608
vt 0.492250 0.089235
vt 0.700666 0.125278
vt 0.708423 0.104492
vt 0.708423 0.125278
vt 0.700666 0.104492
vt 0.708423 0.083589
vt 0.700666 0.083589
vt 0.708423 0.062793
vt 0.700666 0.062793
vt 0.708423 0.041997
vt 0.700666 0.041997
vt 0.708423 0.021201
vt 0.700666 0.000488
vt 0.700666 0.021201
vt 0.700666 0.475500
vt 0.708423 0.496213
vt 0.700666 0.496213
vt 0.700666 0.454704
vt 0.708423 0.475500
vt 0.700666 0.433908
vt 0.708423 0.454704
vt 0.700666 0.413112
vt 0.708423 0.433908
vt 0.700666 0.392208
vt 0.708423 0.413112
vt 0.700666 0.373140
vt 0.708423 0.392208
vt 0.698939 0.433701
vt 0.685343 0.454548
vt 0.685343 0.433701
vt 0.698939 0.475394
vt 0.698939 0.454548
vt 0.698939 0.127387
vt 0.685343 0.106602
vt 0.698939 0.106602
vt 0.685343 0.497813
vt 0.685343 0.475394
vt 0.698939 0.085446
vt 0.685343 0.085446
vt 0.685343 0.064600
vt 0.698939 0.064600
vt 0.698939 0.043753
vt 0.685343 0.043753
vt 0.698939 0.376049
vt 0.685343 0.391700
vt 0.685343 0.376049
vt 0.698939 0.022907
vt 0.685343 0.022907
vt 0.698939 0.412855
vt 0.698939 0.391700
vt 0.698939 0.000488
vt 0.685343 0.000488
vt 0.685343 0.412855
vt 0.403213 0.400440
vt 0.356496 0.422660
vt 0.356496 0.400440
vt 0.579095 0.811432
vt 0.614407 0.799778
vt 0.612816 0.805501
vt 0.403213 0.444879
vt 0.356496 0.444879
vt 0.640816 0.778303
vt 0.634996 0.779629
vt 0.591584 0.767471
vt 0.356496 0.111586
vt 0.403213 0.133806
vt 0.356496 0.133806
vt 0.403213 0.467099
vt 0.356496 0.467099
vt 0.356496 0.089366
vt 0.403213 0.111586
vt 0.403213 0.489318
vt 0.356496 0.489318
vt 0.356496 0.067147
vt 0.403213 0.089366
vt 0.403213 0.511538
vt 0.356496 0.511538
vt 0.356496 0.044927
vt 0.403213 0.067147
vt 0.403213 0.533757
vt 0.356496 0.533757
vt 0.356496 0.022708
vt 0.403213 0.044927
vt 0.356496 0.000488
vt 0.403213 0.022708
vt 0.711179 0.811426
vt 0.703728 0.811426
vt 0.612099 0.811429
vt 0.000488 0.717061
vt 0.005797 0.711215
vt 0.005797 0.717061
vt 0.000488 0.652532
vt 0.005797 0.658416
vt 0.000488 0.658416
vt 0.000488 0.628246
vt 0.005797 0.634973
vt 0.000488 0.634973
vt 0.000488 0.676034
vt 0.005797 0.681908
vt 0.000488 0.681908
vt 0.005797 0.687768
vt 0.000488 0.687768
vt 0.000488 0.640841
vt 0.005797 0.646676
vt 0.000488 0.646676
vt 0.000488 0.705390
vt 0.000488 0.711215
vt 0.000488 0.664293
vt 0.005797 0.670160
vt 0.000488 0.670160
vt 0.005797 0.664293
vt 0.005797 0.693633
vt 0.000488 0.693633
vt 0.005797 0.676034
vt 0.005797 0.699521
vt 0.000488 0.699521
vt 0.005797 0.705390
vt 0.000488 0.722938
vt 0.005797 0.722938
vt 0.005797 0.652532
vt 0.005797 0.640841
vt 0.009142 0.718086
vt 0.017293 0.712395
vt 0.017293 0.718086
vt 0.855966 0.520959
vt 0.853234 0.515239
vt 0.827893 0.497840
vt 0.821910 0.467947
vt 0.009142 0.757928
vt 0.017293 0.752237
vt 0.017293 0.757928
vt 0.009142 0.752237
vt 0.017293 0.746545
vt 0.821910 0.497346
vt 0.017293 0.740853
vt 0.009142 0.735161
vt 0.017293 0.735161
vt 0.009142 0.729470
vt 0.017293 0.729470
vt 0.857663 0.527067
vt 0.009142 0.701011
vt 0.017293 0.695320
vt 0.017293 0.701011
vt 0.009142 0.740853
vt 0.843993 0.600042
vt 0.840383 0.565038
vt 0.009142 0.712395
vt 0.017293 0.706703
vt 0.834031 0.499424
vt 0.009142 0.769312
vt 0.017293 0.763620
vt 0.017293 0.769312
vt 0.017293 0.723778
vt 0.849551 0.510080
vt 0.845027 0.505638
vt 0.017293 0.689628
vt 0.009142 0.683637
vt 0.017293 0.683637
vt 0.009142 0.706703
vt 0.009142 0.689628
vt 0.828555 0.569467
vt 0.821910 0.600030
vt 0.821911 0.570078
vt 0.017293 0.780695
vt 0.009142 0.775003
vt 0.017293 0.775003
vt 0.856196 0.545834
vt 0.853570 0.551604
vt 0.009142 0.786084
vt 0.017293 0.786084
vt 0.849983 0.556830
vt 0.845542 0.561354
vt 0.418821 0.983101
vt 0.435125 0.959127
vt 0.423231 0.985568
vt 0.452078 0.982647
vt 0.455905 0.979346
vt 0.447736 0.985233
vt 0.438046 0.987972
vt 0.443011 0.987027
vt 0.432993 0.988041
vt 0.409017 0.971737
vt 0.411604 0.976079
vt 0.834663 0.567770
vt 0.414905 0.979905
vt 0.459100 0.975430
vt 0.461567 0.971019
vt 0.428004 0.987231
vt 0.407224 0.967011
vt 0.406254 0.961782
vt 0.463231 0.966247
vt 0.464040 0.961258
vt 0.463996 0.956473
vt 0.612818 0.817358
vt 0.005797 0.728815
vt 0.000488 0.728815
vt 0.815927 0.497840
vt 0.017293 0.586580
vt 0.009142 0.581190
vt 0.017293 0.581190
vt 0.406254 0.956463
vt 0.463167 0.951760
vt 0.698687 0.767471
vt 0.674906 0.797183
vt 0.579091 0.789348
vt 0.616857 0.794390
vt 0.646779 0.778058
vt 0.671886 0.792041
vt 0.668179 0.787413
vt 0.620324 0.789537
vt 0.624610 0.785361
vt 0.663610 0.783600
vt 0.658358 0.780741
vt 0.629538 0.782010
vt 0.652684 0.778881
vt 0.252433 0.524767
vt 0.247826 0.545359
vt 0.247826 0.524767
vt 0.252433 0.092983
vt 0.247826 0.118697
vt 0.247826 0.092983
vt 0.252433 0.545359
vt 0.247826 0.570617
vt 0.649099 0.443207
vt 0.660091 0.422125
vt 0.660091 0.443207
vt 0.252433 0.046359
vt 0.247826 0.067531
vt 0.247826 0.046359
vt 0.252433 0.025746
vt 0.247826 0.025746
vt 0.247826 0.452361
vt 0.252433 0.427014
vt 0.252433 0.452361
vt 0.252433 0.000488
vt 0.247826 0.000488
vt 0.252433 0.478075
vt 0.081735 0.855177
vt 0.059389 0.851548
vt 0.081735 0.851548
vt 0.247826 0.503528
vt 0.252433 0.503528
vt 0.252433 0.141950
vt 0.252433 0.118697
vt 0.252433 0.067531
vt 0.649099 0.401044
vt 0.649099 0.422125
vt 0.649099 0.042652
vt 0.660091 0.063734
vt 0.649099 0.063734
vt 0.442170 0.855177
vt 0.419824 0.851548
vt 0.442170 0.851548
vt 0.649099 0.021570
vt 0.660091 0.042652
vt 0.660091 0.464289
vt 0.649100 0.464289
vt 0.660091 0.000488
vt 0.660091 0.021570
vt 0.649100 0.485371
vt 0.660091 0.485371
vt 0.660091 0.506453
vt 0.649100 0.506453
vt 0.660091 0.105898
vt 0.649100 0.126979
vt 0.649099 0.105898
vt 0.649100 0.084816
vt 0.649100 0.379962
vt 0.660091 0.401044
vt 0.478854 0.855177
vt 0.501029 0.851548
vt 0.501029 0.855177
vt 0.104310 0.851548
vt 0.126564 0.855177
vt 0.104310 0.855177
vt 0.376834 0.855177
vt 0.397249 0.851548
vt 0.397249 0.855177
vt 0.419824 0.855177
vt 0.059389 0.855177
vt 0.040742 0.851548
vt 0.247826 0.478075
vt 0.040742 0.855177
vt 0.022663 0.851548
vt 0.460757 0.851548
vt 0.460757 0.855177
vt 0.022663 0.855177
vt 0.000488 0.851548
vt 0.478854 0.851548
vt 0.553443 0.421010
vt 0.557124 0.420172
vt 0.580486 0.438946
vt 0.494027 0.066322
vt 0.556946 0.044343
vt 0.572982 0.066263
vt 0.494064 0.438908
vt 0.580484 0.450995
vt 0.494011 0.044390
vt 0.547309 0.022418
vt 0.494047 0.460837
vt 0.557202 0.482832
vt 0.494024 0.482766
vt 0.580469 0.075550
vt 0.494044 0.088254
vt 0.493995 0.022458
vt 0.543963 0.000489
vt 0.547315 0.504751
vt 0.494001 0.504695
vt 0.543956 0.526676
vt 0.493978 0.526623
vt 0.660091 0.084816
vt 0.560868 0.416998
vt 0.580509 0.395068
vt 0.580533 0.417008
vt 0.494069 0.394997
vt 0.546094 0.416947
vt 0.494055 0.416950
vt 0.386419 0.967047
vt 0.410113 0.977434
vt 0.407592 0.983216
vt 0.000488 0.959842
vt 0.005943 0.983538
vt 0.000488 0.986218
vt 0.006036 0.929975
vt 0.000816 0.936277
vt 0.000533 0.927396
vt 0.379130 0.939821
vt 0.382525 0.944189
vt 0.386420 0.954409
vt 0.017293 0.677647
vt 0.815266 0.569467
vt 0.381339 0.978689
vt 0.326195 0.959457
vt 0.326963 0.954014
vt 0.365156 0.931262
vt 0.370304 0.933261
vt 0.348801 0.931250
vt 0.819729 0.952223
vt 0.806918 0.933149
vt 0.816867 0.930482
vt 0.799557 0.915375
vt 0.808476 0.910221
vt 0.751522 0.602963
vt 0.738218 0.607188
vt 0.740376 0.596891
vt 0.749422 0.615434
vt 0.735127 0.621074
vt 0.753234 0.576117
vt 0.742382 0.574312
vt 0.751060 0.552112
vt 0.740742 0.553661
vt 0.744538 0.530855
vt 0.735127 0.535121
vt 0.073899 0.950359
vt 0.052157 0.957815
vt 0.052157 0.947497
vt 0.094159 0.958750
vt 0.071231 0.960326
vt 0.958789 0.536672
vt 0.945135 0.533225
vt 0.956251 0.525018
vt 0.960350 0.563784
vt 0.947661 0.542778
vt 0.942307 0.518921
vt 0.958219 0.587635
vt 0.949525 0.565572
vt 0.951700 0.608835
vt 0.947920 0.586098
vt 0.820485 0.000500
vt 0.808183 0.019724
vt 0.808200 0.000489
vt 0.847552 0.396329
vt 0.808161 0.385252
vt 0.857018 0.385244
vt 0.833451 0.090916
vt 0.856997 0.077522
vt 0.837146 0.096686
vt 0.841969 0.404479
vt 0.808163 0.396336
vt 0.829793 0.090066
vt 0.826136 0.090915
vt 0.808134 0.077480
vt 0.829610 0.423714
vt 0.808164 0.404485
vt 0.847538 0.066945
vt 0.808143 0.066911
vt 0.822281 0.442948
vt 0.808167 0.423717
vt 0.829833 0.038979
vt 0.808150 0.058195
vt 0.808167 0.038960
vt 0.820457 0.462181
vt 0.808170 0.442950
vt 0.822302 0.019737
vt 0.841701 0.058224
vt 0.259296 0.569045
vt 0.282551 0.544280
vt 0.282551 0.569045
vt 0.681690 0.569045
vt 0.662712 0.544280
vt 0.681690 0.544280
vt 0.643219 0.569045
vt 0.633023 0.544280
vt 0.643219 0.544280
vt 0.704945 0.569045
vt 0.704945 0.544280
vt 0.341822 0.569045
vt 0.330923 0.544280
vt 0.341822 0.544280
vt 0.353700 0.544280
vt 0.365578 0.569045
vt 0.353700 0.569045
vt 0.588638 0.569045
vt 0.610046 0.544280
vt 0.610046 0.569045
vt 0.321065 0.569045
vt 0.330923 0.569045
vt 0.621925 0.544280
vt 0.621925 0.569045
vt 0.301510 0.569045
vt 0.321065 0.544280
vt 0.633023 0.569045
vt 0.301510 0.544280
vt 0.662712 0.569045
vt 0.629959 0.668258
vt 0.639114 0.646098
vt 0.636961 0.668258
vt 0.644948 0.624612
vt 0.624782 0.635812
vt 0.638998 0.614811
vt 0.644824 0.590905
vt 0.655133 0.604814
vt 0.668868 0.587292
vt 0.660017 0.572866
vt 0.685132 0.570818
vt 0.639114 0.690418
vt 0.644948 0.711904
vt 0.624782 0.700704
vt 0.638998 0.721705
vt 0.644824 0.745611
vt 0.655133 0.731702
vt 0.668868 0.749224
vt 0.685132 0.765698
vt 0.660017 0.763649
vt 0.777956 0.480440
vt 0.799827 0.467936
vt 0.804019 0.502051
vt 0.114527 0.880488
vt 0.007431 0.856904
vt 0.114527 0.856904
vt 0.121434 0.904104
vt 0.007431 0.928506
vt 0.000523 0.904104
vt 0.904991 0.534388
vt 0.873071 0.649270
vt 0.873071 0.542174
vt 0.658575 0.667567
vt 0.667730 0.645407
vt 0.665577 0.667567
vt 0.360184 0.881306
vt 0.246181 0.904922
vt 0.239273 0.881306
vt 0.936912 0.649270
vt 0.904991 0.657056
vt 0.353277 0.928506
vt 0.353277 0.904922
vt 0.246181 0.856904
vt 0.353277 0.856904
vt 0.785547 0.533376
vt 0.786041 0.539696
vt 0.777956 0.587537
vt 0.007431 0.880488
vt 0.593465 0.690418
vt 0.584310 0.668258
vt 0.591312 0.668258
vt 0.599299 0.711904
vt 0.579134 0.700704
vt 0.593349 0.721705
vt 0.599175 0.745611
vt 0.609484 0.731702
vt 0.623219 0.749224
vt 0.639483 0.765698
vt 0.614368 0.763649
vt 0.593465 0.646098
vt 0.599299 0.624612
vt 0.579134 0.635812
vt 0.593349 0.614811
vt 0.599175 0.590905
vt 0.609484 0.604814
vt 0.623219 0.587292
vt 0.614368 0.572866
vt 0.639483 0.570818
vt 0.673440 0.590214
vt 0.683749 0.604123
vt 0.667614 0.614120
vt 0.653399 0.635121
vt 0.673564 0.623921
vt 0.697484 0.586601
vt 0.688634 0.572176
vt 0.713748 0.570127
vt 0.688634 0.762958
vt 0.673440 0.744920
vt 0.697484 0.748534
vt 0.667614 0.721015
vt 0.683749 0.731011
vt 0.653399 0.700013
vt 0.673564 0.711213
vt 0.713748 0.765007
vt 0.667730 0.689727
vt 0.677350 0.820226
vt 0.703729 0.820310
vt 0.711181 0.833509
vt 0.907746 0.166589
vt 0.929631 0.284465
vt 0.907746 0.296953
vt 0.909210 0.658962
vt 0.885626 0.766058
vt 0.885626 0.658962
vt 0.932826 0.652055
vt 0.957228 0.766058
vt 0.932826 0.772966
vt 0.930102 0.415976
vt 0.962022 0.301094
vt 0.962022 0.408190
vt 0.482892 0.881306
vt 0.368889 0.904922
vt 0.361981 0.881306
vt 0.708910 0.886232
vt 0.826786 0.908117
vt 0.719691 0.908117
vt 0.898181 0.301094
vt 0.930102 0.293308
vt 0.475985 0.928506
vt 0.475985 0.904921
vt 0.368889 0.856904
vt 0.475985 0.856904
vt 0.909210 0.766058
vt 0.721977 0.577820
vt 0.730484 0.599942
vt 0.724494 0.599942
vt 0.715310 0.556578
vt 0.734704 0.567357
vt 0.719814 0.546829
vt 0.711787 0.523569
vt 0.703751 0.537549
vt 0.688403 0.521420
vt 0.670496 0.506750
vt 0.694889 0.507117
vt 0.721977 0.622063
vt 0.715310 0.643306
vt 0.734704 0.632526
vt 0.719814 0.653054
vt 0.711787 0.676314
vt 0.703751 0.662334
vt 0.688403 0.678463
vt 0.694889 0.692767
vt 0.670496 0.693133
vt 0.839275 0.886232
vt 0.271008 0.181790
vt 0.275561 0.204438
vt 0.271008 0.204438
vt 0.271008 0.227085
vt 0.275561 0.385554
vt 0.271008 0.385554
vt 0.275561 0.249733
vt 0.271008 0.249733
vt 0.271008 0.362790
vt 0.271008 0.272290
vt 0.275561 0.340142
vt 0.271008 0.340142
vt 0.275561 0.317494
vt 0.271008 0.317494
vt 0.275561 0.294847
vt 0.271008 0.294847
vt 0.275561 0.159026
vt 0.271008 0.159026
vt 0.275561 0.272290
vt 0.647373 0.148690
vt 0.634287 0.148690
vt 0.634287 0.169861
vt 0.647373 0.360405
vt 0.634287 0.360405
vt 0.647373 0.169861
vt 0.634287 0.191033
vt 0.647373 0.339234
vt 0.634287 0.339234
vt 0.647373 0.191033
vt 0.634287 0.212204
vt 0.647373 0.318062
vt 0.634287 0.318062
vt 0.647373 0.212204
vt 0.634287 0.233376
vt 0.647373 0.296891
vt 0.634287 0.296891
vt 0.647373 0.233376
vt 0.634287 0.254547
vt 0.647373 0.275719
vt 0.634287 0.275719
vt 0.647373 0.254547
vt 0.586116 0.218390
vt 0.582312 0.240169
vt 0.582312 0.218390
vt 0.586116 0.305330
vt 0.582312 0.327108
vt 0.582312 0.305330
vt 0.586116 0.261860
vt 0.582312 0.261860
vt 0.582312 0.283551
vt 0.586116 0.152942
vt 0.582312 0.152942
vt 0.582312 0.174833
vt 0.586116 0.370777
vt 0.582312 0.370777
vt 0.586116 0.196611
vt 0.582312 0.196611
vt 0.582312 0.348887
vt 0.586116 0.327108
vt 0.404940 0.377045
vt 0.484258 0.354895
vt 0.484258 0.377045
vt 0.404940 0.155541
vt 0.484258 0.155541
vt 0.404940 0.354895
vt 0.484258 0.332744
vt 0.404940 0.177692
vt 0.484258 0.177692
vt 0.404940 0.332744
vt 0.484258 0.310594
vt 0.484258 0.199842
vt 0.404940 0.310594
vt 0.484258 0.288444
vt 0.484258 0.221992
vt 0.404940 0.199842
vt 0.404940 0.288444
vt 0.484258 0.266293
vt 0.404940 0.244143
vt 0.484258 0.244143
vt 0.404940 0.266293
vt 0.587843 0.300692
vt 0.592534 0.278989
vt 0.592534 0.300692
vt 0.592534 0.214053
vt 0.587843 0.192349
vt 0.592534 0.192349
vt 0.587843 0.278989
vt 0.592534 0.257372
vt 0.587843 0.235756
vt 0.592534 0.235756
vt 0.587843 0.257372
vt 0.587843 0.365914
vt 0.592534 0.365914
vt 0.587843 0.344099
vt 0.592534 0.344099
vt 0.587843 0.148831
vt 0.592534 0.148831
vt 0.592534 0.322396
vt 0.592534 0.170646
vt 0.661817 0.357861
vt 0.683616 0.336839
vt 0.683616 0.357861
vt 0.661817 0.147642
vt 0.683616 0.147642
vt 0.661817 0.336839
vt 0.683616 0.315817
vt 0.661817 0.168664
vt 0.683616 0.168664
vt 0.661817 0.315817
vt 0.683616 0.294795
vt 0.661817 0.189685
vt 0.683616 0.189685
vt 0.661817 0.294795
vt 0.683616 0.273773
vt 0.661817 0.210707
vt 0.683616 0.210707
vt 0.661817 0.273773
vt 0.683616 0.252751
vt 0.661817 0.231729
vt 0.683616 0.231729
vt 0.661817 0.252751
vt 0.607918 0.212866
vt 0.602555 0.191283
vt 0.607918 0.191283
vt 0.607918 0.277441
vt 0.602555 0.255945
vt 0.607918 0.255945
vt 0.602555 0.234449
vt 0.607918 0.234449
vt 0.602555 0.363884
vt 0.607918 0.363884
vt 0.602555 0.342190
vt 0.607918 0.342190
vt 0.602555 0.148006
vt 0.607918 0.148006
vt 0.607918 0.320607
vt 0.602555 0.169700
vt 0.607918 0.169700
vt 0.602555 0.320607
vt 0.607918 0.299024
vt 0.602555 0.299024
vt 0.625697 0.150137
vt 0.632560 0.128769
vt 0.632560 0.150137
vt 0.625697 0.171625
vt 0.632560 0.171625
vt 0.632560 0.363965
vt 0.625697 0.363965
vt 0.625697 0.193003
vt 0.632560 0.193003
vt 0.625697 0.342477
vt 0.632560 0.342477
vt 0.625697 0.214381
vt 0.632560 0.214381
vt 0.632560 0.321099
vt 0.625697 0.235759
vt 0.632560 0.235759
vt 0.625697 0.321099
vt 0.632560 0.299721
vt 0.625697 0.257051
vt 0.632560 0.257051
vt 0.625697 0.278343
vt 0.632560 0.278343
vt 0.374385 0.849821
vt 0.396295 0.581190
vt 0.396295 0.849821
vt 0.352474 0.849821
vt 0.374385 0.581190
vt 0.330564 0.849821
vt 0.352474 0.581190
vt 0.308654 0.849821
vt 0.330564 0.581190
vt 0.286743 0.849821
vt 0.308653 0.581190
vt 0.264833 0.849821
vt 0.286743 0.581190
vt 0.242923 0.849821
vt 0.264833 0.581190
vt 0.221012 0.849821
vt 0.242923 0.581190
vt 0.199102 0.849821
vt 0.221012 0.581190
vt 0.177191 0.849821
vt 0.199102 0.581190
vt 0.155281 0.581190
vt 0.177191 0.581190
vt 0.710150 0.144792
vt 0.733644 0.165407
vt 0.710150 0.165407
vt 0.710150 0.350941
vt 0.710150 0.186022
vt 0.733644 0.330326
vt 0.710150 0.330326
vt 0.733644 0.206637
vt 0.710150 0.206637
vt 0.733644 0.309711
vt 0.710150 0.309711
vt 0.710150 0.227252
vt 0.733644 0.289096
vt 0.710150 0.289096
vt 0.733644 0.227252
vt 0.710150 0.247866
vt 0.710150 0.268481
vt 0.733644 0.268481
vt 0.615938 0.363446
vt 0.609645 0.341778
vt 0.615938 0.341778
vt 0.615938 0.147828
vt 0.609645 0.320221
vt 0.615938 0.320221
vt 0.609645 0.169496
vt 0.615938 0.169496
vt 0.609645 0.298664
vt 0.615938 0.298664
vt 0.615938 0.191053
vt 0.609645 0.277107
vt 0.615938 0.277107
vt 0.609645 0.212610
vt 0.615938 0.212610
vt 0.609645 0.255637
vt 0.615938 0.255637
vt 0.609645 0.234167
vt 0.615938 0.234167
vt 0.617665 0.258677
vt 0.623970 0.237250
vt 0.623970 0.258677
vt 0.617665 0.301618
vt 0.623970 0.280104
vt 0.623970 0.301618
vt 0.623970 0.151086
vt 0.617665 0.172710
vt 0.623970 0.172710
vt 0.623970 0.366269
vt 0.617665 0.194223
vt 0.623970 0.194223
vt 0.617665 0.344645
vt 0.623970 0.344645
vt 0.617665 0.215737
vt 0.623970 0.215737
vt 0.623970 0.323131
vt 0.617665 0.237250
vt 0.617665 0.323131
vt 0.277288 0.156347
vt 0.354769 0.156347
vt 0.277288 0.178613
vt 0.354769 0.200878
vt 0.277288 0.200878
vt 0.277288 0.223144
vt 0.354769 0.223144
vt 0.277288 0.245409
vt 0.354769 0.245409
vt 0.277288 0.267675
vt 0.354769 0.267675
vt 0.277288 0.289940
vt 0.354769 0.289940
vt 0.277288 0.312206
vt 0.354769 0.312206
vt 0.277288 0.334471
vt 0.354769 0.334471
vt 0.277288 0.356737
vt 0.354769 0.356737
vt 0.277288 0.379002
vt 0.354769 0.379002
vt 0.492250 0.196818
vt 0.485985 0.219027
vt 0.485985 0.196818
vt 0.492250 0.152286
vt 0.485985 0.174609
vt 0.485985 0.152286
vt 0.492250 0.329893
vt 0.485985 0.352102
vt 0.485985 0.329893
vt 0.492250 0.374425
vt 0.485985 0.374425
vt 0.492250 0.396623
vt 0.492250 0.241236
vt 0.485985 0.241236
vt 0.485985 0.285475
vt 0.492250 0.307684
vt 0.485985 0.307684
vt 0.492250 0.263355
vt 0.485985 0.263355
vt 0.708423 0.146064
vt 0.700666 0.146064
vt 0.708423 0.166967
vt 0.700666 0.166967
vt 0.708423 0.187763
vt 0.700666 0.187763
vt 0.708423 0.208559
vt 0.700666 0.208559
vt 0.708423 0.229355
vt 0.700666 0.229355
vt 0.708423 0.250068
vt 0.700666 0.250068
vt 0.700666 0.270781
vt 0.708423 0.291577
vt 0.700666 0.291577
vt 0.700666 0.312373
vt 0.708423 0.312373
vt 0.700666 0.333169
vt 0.708423 0.333169
vt 0.700666 0.354072
vt 0.708423 0.354072
vt 0.685343 0.318397
vt 0.698939 0.297550
vt 0.698939 0.318397
vt 0.685343 0.276704
vt 0.698939 0.276704
vt 0.685343 0.148172
vt 0.685343 0.127387
vt 0.698939 0.254285
vt 0.698939 0.169327
vt 0.698939 0.148172
vt 0.685343 0.190173
vt 0.698939 0.190173
vt 0.698939 0.211020
vt 0.685343 0.360398
vt 0.698939 0.360398
vt 0.685343 0.231866
vt 0.698939 0.231866
vt 0.698939 0.339243
vt 0.356496 0.378221
vt 0.614410 0.823081
vt 0.356496 0.356001
vt 0.403213 0.378221
vt 0.640820 0.844553
vt 0.591590 0.855390
vt 0.635000 0.843228
vt 0.356496 0.156025
vt 0.356496 0.333782
vt 0.403213 0.356001
vt 0.403213 0.156025
vt 0.356496 0.178245
vt 0.403213 0.311562
vt 0.356496 0.311562
vt 0.403213 0.178245
vt 0.356496 0.200464
vt 0.403213 0.289342
vt 0.356496 0.289342
vt 0.403213 0.200464
vt 0.356496 0.222684
vt 0.403213 0.267123
vt 0.356496 0.267123
vt 0.403213 0.222684
vt 0.356496 0.244903
vt 0.403213 0.244903
vt 0.387078 0.959886
vt 0.005797 0.734661
vt 0.000488 0.734661
vt 0.005797 0.787460
vt 0.000488 0.793344
vt 0.000488 0.787460
vt 0.005797 0.810903
vt 0.000488 0.817630
vt 0.000488 0.810903
vt 0.005797 0.763968
vt 0.000488 0.769842
vt 0.000488 0.763968
vt 0.006036 0.942579
vt 0.000533 0.945158
vt 0.005797 0.758108
vt 0.000488 0.758108
vt 0.005797 0.799200
vt 0.000488 0.805035
vt 0.000488 0.799200
vt 0.000488 0.740486
vt 0.005797 0.775716
vt 0.000488 0.781583
vt 0.000488 0.775716
vt 0.005797 0.781583
vt 0.005797 0.752243
vt 0.000488 0.752243
vt 0.005797 0.769842
vt 0.005797 0.746354
vt 0.000488 0.746354
vt 0.005797 0.740486
vt 0.375006 0.936144
vt 0.005797 0.793344
vt 0.005797 0.805035
vt 0.017293 0.654880
vt 0.009142 0.649188
vt 0.017293 0.649188
vt 0.790586 0.515239
vt 0.787855 0.520959
vt 0.017293 0.615038
vt 0.009142 0.609346
vt 0.017293 0.609346
vt 0.017293 0.620730
vt 0.009142 0.615038
vt 0.017293 0.626421
vt 0.009142 0.632113
vt 0.009142 0.626421
vt 0.017293 0.637805
vt 0.017293 0.632113
vt 0.786158 0.527067
vt 0.017293 0.666264
vt 0.009142 0.671955
vt 0.009142 0.666264
vt 0.009142 0.620730
vt 0.799827 0.600042
vt 0.803437 0.565038
vt 0.009142 0.660572
vt 0.009142 0.654880
vt 0.809789 0.499424
vt 0.017293 0.603655
vt 0.009142 0.597963
vt 0.017293 0.597963
vt 0.009142 0.643497
vt 0.009142 0.637805
vt 0.798793 0.505639
vt 0.794270 0.510080
vt 0.017293 0.643497
vt 0.017293 0.660572
vt 0.009142 0.677647
vt 0.017293 0.671955
vt 0.009142 0.592271
vt 0.009142 0.586580
vt 0.017293 0.592271
vt 0.787625 0.545834
vt 0.790250 0.551603
vt 0.009142 0.603655
vt 0.793838 0.556830
vt 0.798278 0.561354
vt 0.414722 0.938528
vt 0.418610 0.935298
vt 0.447505 0.932911
vt 0.451870 0.935459
vt 0.442764 0.931159
vt 0.432738 0.930233
vt 0.437792 0.930258
vt 0.427756 0.931087
vt 0.407156 0.951490
vt 0.408907 0.946749
vt 0.809158 0.567770
vt 0.411455 0.942384
vt 0.455726 0.938726
vt 0.458956 0.942613
vt 0.422999 0.932792
vt 0.461462 0.947002
vt 0.372074 0.987285
vt 0.367218 0.989838
vt 0.361933 0.991381
vt 0.354221 0.930233
vt 0.359730 0.930233
vt 0.698690 0.855381
vt 0.674908 0.825673
vt 0.579094 0.833515
vt 0.616861 0.828469
vt 0.646784 0.844798
vt 0.671889 0.830814
vt 0.668182 0.835442
vt 0.620327 0.833322
vt 0.624614 0.837497
vt 0.663613 0.839255
vt 0.658362 0.842114
vt 0.629542 0.840847
vt 0.652688 0.843974
vt 0.252433 0.329261
vt 0.247826 0.308669
vt 0.252433 0.308669
vt 0.252433 0.190916
vt 0.247826 0.165202
vt 0.252433 0.165202
vt 0.247826 0.283411
vt 0.252433 0.283411
vt 0.660091 0.316716
vt 0.649100 0.337798
vt 0.649099 0.316716
vt 0.252433 0.237540
vt 0.247826 0.216369
vt 0.252433 0.216369
vt 0.252433 0.258153
vt 0.247826 0.237540
vt 0.247826 0.401667
vt 0.252433 0.401667
vt 0.247826 0.258153
vt 0.252433 0.375953
vt 0.171392 0.851548
vt 0.193738 0.855177
vt 0.171392 0.855177
vt 0.247826 0.350501
vt 0.252433 0.350501
vt 0.247826 0.190916
vt 0.660091 0.337798
vt 0.649099 0.358880
vt 0.649099 0.190225
vt 0.660091 0.211307
vt 0.649099 0.211307
vt 0.311498 0.855177
vt 0.333845 0.851548
vt 0.333845 0.855177
vt 0.660091 0.232389
vt 0.649099 0.232389
vt 0.660091 0.295634
vt 0.649100 0.295634
vt 0.649099 0.253471
vt 0.649100 0.274552
vt 0.660091 0.274552
vt 0.660091 0.148061
vt 0.649099 0.148061
vt 0.649099 0.169143
vt 0.660091 0.358880
vt 0.252639 0.851548
vt 0.274814 0.855177
vt 0.252639 0.855177
vt 0.148817 0.851548
vt 0.148817 0.855177
vt 0.356420 0.851548
vt 0.356420 0.855177
vt 0.212385 0.851548
vt 0.212385 0.855177
vt 0.230464 0.855177
vt 0.292911 0.851548
vt 0.292911 0.855177
vt 0.580519 0.351210
vt 0.557136 0.369899
vt 0.553472 0.369048
vt 0.494110 0.197656
vt 0.557034 0.219586
vt 0.494110 0.219584
vt 0.494099 0.351154
vt 0.494106 0.329226
vt 0.580530 0.339161
vt 0.547414 0.241514
vt 0.494109 0.241513
vt 0.557283 0.307299
vt 0.494107 0.307297
vt 0.494111 0.175728
vt 0.580531 0.175731
vt 0.580531 0.188368
vt 0.544085 0.263443
vt 0.494108 0.263441
vt 0.547420 0.285371
vt 0.494108 0.285369
vt 0.660091 0.169143
vt 0.560802 0.373130
vt 0.560787 0.395081
vt 0.546154 0.373119
vt 0.494085 0.373077
vt 0.573052 0.197659
vt 0.376537 0.984042
vt 0.005944 0.821948
vt 0.000490 0.845643
vt 0.000551 0.819772
vt 0.384989 0.949112
vt 0.806918 0.971297
vt 0.816867 0.973965
vt 0.799557 0.989071
vt 0.808476 0.994225
vt 0.751268 0.515185
vt 0.737423 0.516817
vt 0.744224 0.504700
vt 0.728894 0.505452
vt 0.734889 0.497060
vt 0.763879 0.538911
vt 0.743625 0.525299
vt 0.771783 0.561651
vt 0.754747 0.545020
vt 0.774599 0.583679
vt 0.761755 0.564488
vt 0.030415 0.950359
vt 0.033083 0.960326
vt 0.010155 0.958750
vt 0.737381 0.649927
vt 0.751258 0.652423
vt 0.744129 0.662003
vt 0.743630 0.642258
vt 0.763879 0.628341
vt 0.728894 0.661805
vt 0.734648 0.670383
vt 0.754745 0.622239
vt 0.771787 0.605708
vt 0.761759 0.602855
vt 0.820426 0.231484
vt 0.808142 0.212251
vt 0.822259 0.212250
vt 0.808145 0.308419
vt 0.847536 0.297333
vt 0.857004 0.308417
vt 0.857048 0.096751
vt 0.808145 0.297334
vt 0.841951 0.289184
vt 0.808145 0.289185
vt 0.829587 0.269951
vt 0.847532 0.165067
vt 0.808140 0.154501
vt 0.856999 0.154500
vt 0.808144 0.269951
vt 0.822254 0.250717
vt 0.829806 0.193016
vt 0.808141 0.173784
vt 0.841689 0.173783
vt 0.808143 0.250718
vt 0.808141 0.193017
vt 0.808140 0.165069
vt 0.449076 0.544280
vt 0.472331 0.569045
vt 0.449076 0.569045
vt 0.495585 0.569045
vt 0.514564 0.544280
vt 0.514564 0.569045
vt 0.534056 0.569045
vt 0.544253 0.544280
vt 0.544253 0.569045
vt 0.495585 0.544280
vt 0.389335 0.569045
vt 0.400703 0.544280
vt 0.400703 0.569045
vt 0.377456 0.544280
vt 0.377457 0.569045
vt 0.389335 0.544280
vt 0.567229 0.544280
vt 0.567229 0.569045
vt 0.410562 0.569045
vt 0.555351 0.544280
vt 0.555351 0.569045
vt 0.410562 0.544280
vt 0.430117 0.569045
vt 0.430117 0.544280
vt 0.534056 0.544280
vt 0.551394 0.813237
vt 0.577364 0.822935
vt 0.551394 0.822935
vt 0.551394 0.716251
vt 0.577364 0.725950
vt 0.551394 0.725949
vt 0.577364 0.832634
vt 0.551394 0.832634
vt 0.551394 0.706552
vt 0.577364 0.716251
vt 0.577364 0.638662
vt 0.551394 0.648361
vt 0.551394 0.638662
vt 0.577364 0.842332
vt 0.551394 0.842332
vt 0.577364 0.658059
vt 0.551394 0.658059
vt 0.577364 0.628964
vt 0.551394 0.628964
vt 0.551394 0.619265
vt 0.551394 0.667758
vt 0.577364 0.677457
vt 0.551394 0.677457
vt 0.551394 0.599868
vt 0.577364 0.609567
vt 0.551394 0.609567
vt 0.577364 0.687155
vt 0.551394 0.687155
vt 0.551394 0.590169
vt 0.577364 0.599868
vt 0.577364 0.696854
vt 0.551394 0.696854
vt 0.551394 0.580471
vt 0.577364 0.590169
vt 0.577364 0.706552
vt 0.551394 0.570772
vt 0.577364 0.580471
vt 0.551394 0.735648
vt 0.577364 0.745347
vt 0.551394 0.745347
vt 0.577364 0.667758
vt 0.551394 0.803538
vt 0.577364 0.813237
vt 0.551394 0.764744
vt 0.577364 0.774442
vt 0.551394 0.774442
vt 0.577364 0.619265
vt 0.577364 0.784141
vt 0.551394 0.784141
vt 0.551394 0.755045
vt 0.577364 0.764744
vt 0.577364 0.793840
vt 0.551394 0.793840
vt 0.577364 0.755045
vt 0.577364 0.803538
vt 0.577364 0.735648
vt 0.784888 0.993539
vt 0.769237 0.976814
vt 0.773847 0.974737
vt 0.779861 0.913613
vt 0.775445 0.936215
vt 0.770978 0.933713
vt 0.775883 0.997563
vt 0.764281 0.977830
vt 0.766035 0.932212
vt 0.770566 0.910624
vt 0.766229 0.999512
vt 0.759224 0.977712
vt 0.740617 0.947494
vt 0.717789 0.950045
vt 0.719951 0.940409
vt 0.739522 0.957508
vt 0.717789 0.959942
vt 0.724156 0.931474
vt 0.740618 0.962447
vt 0.719973 0.969603
vt 0.730217 0.923665
vt 0.749885 0.935686
vt 0.745948 0.938922
vt 0.730326 0.986313
vt 0.742775 0.967023
vt 0.745885 0.971012
vt 0.746577 0.912869
vt 0.737820 0.917371
vt 0.737982 0.992552
vt 0.749796 0.974219
vt 0.756099 0.910337
vt 0.754453 0.933381
vt 0.746813 0.996954
vt 0.754316 0.976489
vt 0.764593 0.931994
vt 0.759432 0.932136
vt 0.756385 0.999311
vt 0.801306 0.933175
vt 0.779241 0.939629
vt 0.795626 0.925139
vt 0.777887 0.971698
vt 0.792803 0.987626
vt 0.742806 0.942915
vt 0.806841 0.951961
vt 0.784851 0.958494
vt 0.785073 0.953435
vt 0.724223 0.978538
vt 0.806419 0.961815
vt 0.783525 0.963377
vt 0.805105 0.942267
vt 0.784178 0.948444
vt 0.799234 0.980106
vt 0.803846 0.971352
vt 0.782191 0.943775
vt 0.781157 0.967844
vt 0.788367 0.918526
vt 0.762248 0.955042
vt 0.739512 0.952443
vt 0.944032 0.136114
vt 0.935849 0.153630
vt 0.938221 0.132871
vt 0.943043 0.171894
vt 0.940941 0.153747
vt 0.944108 0.176028
vt 0.936801 0.174689
vt 0.944926 0.180499
vt 0.937489 0.178500
vt 0.938625 0.184924
vt 0.937929 0.181737
vt 0.945691 0.184972
vt 0.939288 0.188733
vt 0.946109 0.189212
vt 0.945643 0.208831
vt 0.947286 0.117118
vt 0.945416 0.097881
vt 0.950216 0.099565
vt 0.947035 0.122954
vt 0.940727 0.118241
vt 0.946627 0.126774
vt 0.940432 0.122296
vt 0.939295 0.128941
vt 0.939903 0.125623
vt 0.945740 0.130516
vt 0.949407 0.135918
vt 0.952532 0.131080
vt 0.953505 0.127953
vt 0.953627 0.124684
vt 0.952288 0.119089
vt 0.954380 0.100746
vt 0.954380 0.205332
vt 0.951115 0.186988
vt 0.951465 0.184064
vt 0.950807 0.179457
vt 0.949841 0.174895
vt 0.948509 0.172265
vt 0.945295 0.153915
vt 0.220592 0.970155
vt 0.227095 0.975882
vt 0.220072 0.975167
vt 0.220969 0.965013
vt 0.227882 0.970801
vt 0.228107 0.959762
vt 0.228107 0.965248
vt 0.221097 0.959913
vt 0.227925 0.954569
vt 0.214607 0.979171
vt 0.219532 0.979849
vt 0.221061 0.955047
vt 0.226727 0.949869
vt 0.215987 0.954419
vt 0.214510 0.959175
vt 0.213701 0.964335
vt 0.214170 0.969567
vt 0.214752 0.974513
vt 0.225821 0.980513
vt 0.216822 0.949820
vt 0.224689 0.984987
vt 0.219016 0.984202
vt 0.223823 0.989284
vt 0.218577 0.988302
vt 0.217895 0.992162
vt 0.223183 0.993530
vt 0.217577 0.995582
vt 0.222168 0.997994
vt 0.213745 0.991907
vt 0.213709 0.996213
vt 0.214116 0.987863
vt 0.214390 0.983618
vt 0.205849 0.954288
vt 0.199793 0.948399
vt 0.206055 0.949821
vt 0.205663 0.959232
vt 0.198580 0.953460
vt 0.198363 0.964435
vt 0.198363 0.958980
vt 0.205676 0.964265
vt 0.198650 0.969476
vt 0.211327 0.991319
vt 0.206691 0.994780
vt 0.206617 0.990932
vt 0.205809 0.969236
vt 0.199502 0.974029
vt 0.210972 0.969473
vt 0.211921 0.964681
vt 0.212494 0.959471
vt 0.211645 0.954263
vt 0.210637 0.949291
vt 0.200490 0.991876
vt 0.210721 0.973985
vt 0.200557 0.987097
vt 0.206447 0.986723
vt 0.200568 0.982607
vt 0.206185 0.982518
vt 0.206274 0.978272
vt 0.200222 0.978377
vt 0.205988 0.973901
vt 0.210613 0.978189
vt 0.210750 0.982329
vt 0.211083 0.986695
vt 0.830589 0.371008
vt 0.835604 0.368709
vt 0.838412 0.363886
vt 0.857027 0.366030
vt 0.808146 0.366035
vt 0.825278 0.369707
vt 0.821694 0.365372
vt 0.837934 0.358452
vt 0.857041 0.346829
vt 0.835605 0.339333
vt 0.838405 0.334649
vt 0.834353 0.354340
vt 0.830580 0.341468
vt 0.824013 0.355262
vt 0.825262 0.340252
vt 0.829036 0.353124
vt 0.808130 0.327633
vt 0.821683 0.336141
vt 0.808111 0.346836
vt 0.821214 0.359943
vt 0.821206 0.330708
vt 0.837925 0.329216
vt 0.857016 0.327631
vt 0.834341 0.324959
vt 0.829030 0.323638
vt 0.824013 0.325950
vt 0.104174 0.966458
vt 0.089005 0.967687
vt 0.580478 0.088190
vt 0.554574 0.105600
vt 0.548988 0.106813
vt 0.494049 0.110158
vt 0.545117 0.111198
vt 0.580520 0.110080
vt 0.559748 0.108128
vt 0.561871 0.118807
vt 0.580585 0.131942
vt 0.559803 0.141270
vt 0.562536 0.113166
vt 0.562569 0.146219
vt 0.561878 0.151855
vt 0.554637 0.138910
vt 0.557977 0.122968
vt 0.552420 0.124107
vt 0.545148 0.144189
vt 0.544445 0.116843
vt 0.547272 0.121776
vt 0.549060 0.140028
vt 0.494041 0.132003
vt 0.494066 0.153853
vt 0.544469 0.149836
vt 0.547257 0.154821
vt 0.558001 0.156154
vt 0.580550 0.153829
vt 0.552416 0.157356
vt 0.356422 0.991862
vt 0.350922 0.991340
vt 0.345610 0.989854
vt 0.340643 0.987438
vt 0.329512 0.975457
vt 0.336198 0.984161
vt 0.332451 0.980122
vt 0.327422 0.970330
vt 0.326279 0.964932
vt 0.328523 0.948714
vt 0.331348 0.943965
vt 0.334816 0.939701
vt 0.338887 0.936038
vt 0.343622 0.933206
vt 0.405068 0.988996
vt 0.822478 0.096697
vt 0.808116 0.096750
vt 0.829811 0.139297
vt 0.835158 0.138470
vt 0.837166 0.135307
vt 0.857048 0.135252
vt 0.808098 0.135239
vt 0.824451 0.138480
vt 0.822459 0.135312
vt 0.822479 0.116009
vt 0.808118 0.116001
vt 0.837150 0.116003
vt 0.857045 0.116002
vt 0.549782 0.420153
vt 0.549812 0.369896
vt 0.580508 0.373136
vt 0.572696 0.460919
vt 0.572752 0.329228
vt 0.254160 0.353718
vt 0.254160 0.000488
vt 0.254160 0.212426
vt 0.254160 0.071134
vt 0.254160 0.447705
vt 0.254160 0.118438
vt 0.254160 0.495009
vt 0.230211 0.119591
vt 0.230211 0.000488
vt 0.224735 0.383075
vt 0.224735 0.096214
vt 0.224735 0.454475
vt 0.224735 0.167614
vt 0.224735 0.000488
vt 0.223008 0.169144
vt 0.213597 0.579463
vt 0.223008 0.410808
vt 0.000488 0.212399
vt 0.000488 0.548265
vt 0.000488 0.078742
vt 0.000488 0.391757
vt 0.000488 0.000488
vt 0.269281 0.249133
vt 0.269281 0.113617
vt 0.269281 0.429424
vt 0.269281 0.293908
vt 0.269281 0.158392
vt 0.269281 0.339279
vt 0.269281 0.520165
vt 0.269281 0.022876
vt 0.269281 0.384649
vt 0.269281 0.068246
vt 0.600828 0.494817
vt 0.600828 0.064941
vt 0.600828 0.237005
vt 0.600828 0.408502
vt 0.600828 0.108099
vt 0.600828 0.279596
vt 0.600828 0.150690
vt 0.806371 0.233348
vt 0.806371 0.291563
vt 0.806371 0.116918
vt 0.806371 0.175133
vt 0.806371 0.000488
vt 0.806371 0.058703
vt 0.806371 0.349778
vt 0.806371 0.407993
vt 0.806371 0.466208
vt 0.484629 0.881518
vt 0.858775 0.123393
vt 0.237476 0.881305
vt 0.890688 0.421585
vt 0.230569 0.928506
vt 0.941694 0.898547
vt 0.948601 0.945747
vt 0.892422 0.123393
vt 0.596893 0.942034
vt 0.867591 0.419065
vt 0.603800 0.894834
vt 0.885657 0.296953
vt 0.839275 0.864143
vt 0.275561 0.406320
vt 0.275561 0.000488
vt 0.275561 0.136389
vt 0.647373 0.127518
vt 0.647373 0.381577
vt 0.647373 0.000488
vt 0.582312 0.000488
vt 0.586116 0.131174
vt 0.586116 0.390747
vt 0.404940 0.133391
vt 0.484258 0.532098
vt 0.404940 0.399196
vt 0.587843 0.517842
vt 0.587843 0.387607
vt 0.587843 0.128930
vt 0.661817 0.126620
vt 0.661817 0.505014
vt 0.602555 0.514967
vt 0.602555 0.385456
vt 0.602555 0.128217
vt 0.625697 0.510082
vt 0.549667 0.581190
vt 0.023819 0.581190
vt 0.733644 0.392170
vt 0.733644 0.000488
vt 0.609645 0.108297
vt 0.615938 0.514346
vt 0.623970 0.513313
vt 0.617665 0.108080
vt 0.277288 0.000488
vt 0.354769 0.401268
vt 0.492250 0.000488
vt 0.708423 0.000488
vt 0.708423 0.373140
vt 0.698939 0.497813
vt 0.403213 0.422660
vt 0.403213 0.000488
vt 0.005797 0.628246
vt 0.009142 0.746545
vt 0.009142 0.695320
vt 0.009142 0.763620
vt 0.009142 0.723778
vt 0.009142 0.780695
vt 0.252433 0.570617
vt 0.247826 0.427014
vt 0.247826 0.141950
vt 0.649099 0.000488
vt 0.660091 0.126979
vt 0.660091 0.379962
vt 0.126564 0.851548
vt 0.376834 0.851548
vt 0.000488 0.855177
vt 0.493978 0.000526
vt 0.546131 0.395053
vt 0.005881 0.957666
vt 0.006298 0.936277
vt 0.809429 0.952223
vt 0.744060 0.626256
vt 0.942307 0.604590
vt 0.808173 0.462183
vt 0.259296 0.544280
vt 0.365578 0.544280
vt 0.588638 0.544280
vt 0.114527 0.928506
vt 0.936912 0.542174
vt 0.246181 0.928506
vt 0.929631 0.177369
vt 0.957228 0.658962
vt 0.898181 0.408190
vt 0.368889 0.928506
vt 0.275561 0.181790
vt 0.275561 0.227085
vt 0.275561 0.362790
vt 0.586116 0.240169
vt 0.586116 0.283551
vt 0.586116 0.174833
vt 0.586116 0.348887
vt 0.404940 0.221992
vt 0.587843 0.214053
vt 0.587843 0.322396
vt 0.587843 0.170646
vt 0.602555 0.212866
vt 0.602555 0.277441
vt 0.625697 0.299721
vt 0.733644 0.144792
vt 0.733644 0.350941
vt 0.733644 0.186022
vt 0.733644 0.247866
vt 0.609645 0.363446
vt 0.609645 0.147828
vt 0.609645 0.191053
vt 0.617665 0.280104
vt 0.617665 0.151086
vt 0.617665 0.366269
vt 0.354769 0.178613
vt 0.492250 0.219027
vt 0.492250 0.174609
vt 0.492250 0.352102
vt 0.492250 0.285475
vt 0.708423 0.270781
vt 0.685343 0.297550
vt 0.685343 0.254285
vt 0.685343 0.169327
vt 0.685343 0.211020
vt 0.685343 0.339243
vt 0.403213 0.333782
vt 0.005797 0.817630
vt 0.247826 0.329261
vt 0.247826 0.375953
vt 0.193738 0.851548
vt 0.660091 0.190225
vt 0.311498 0.851548
vt 0.660091 0.253471
vt 0.274814 0.851548
vt 0.230464 0.851548
vt 0.005944 0.848324
vt 0.764278 0.583672
vt 0.015309 0.967687
vt 0.808143 0.231484
vt 0.472331 0.544280
vt 0.577364 0.648361
vt 0.577364 0.570772
vt 0.765932 0.909887
vt 0.950336 0.206877
vt 0.221044 0.950825
vt 0.210888 0.996227
vt 0.201042 0.996975
s 1
usemtl 
f 16/1/1 17/2/2 15/3/3
f 9/4/4 17/2/2 8/5/5
f 2/6/6 17/2/2 1/7/7
f 1/7/7 17/2/2 16/1/1
f 10/8/8 17/2/2 9/4/4
f 3/9/9 17/2/2 2/6/6
f 11/10/10 17/2/2 10/8/8
f 4/11/11 17/2/2 3/9/9
f 12/12/12 17/2/2 11/10/10
f 5/13/13 17/2/2 4/11/11
f 13/14/14 17/2/2 12/12/12
f 6/15/15 17/2/2 5/13/13
f 14/16/16 17/2/2 13/14/14
f 7/17/17 17/2/2 6/15/15
f 15/3/3 17/2/2 14/16/16
f 8/5/5 17/2/2 7/17/17
f 33/18/18 56/19/19 32/20/19
f 26/21/20 49/22/21 25/23/21
f 65/24/22 40/25/23 41/26/22
f 43/27/24 18/28/25 19/29/24
f 58/30/26 33/18/18 34/31/26
f 27/32/27 50/33/20 26/21/20
f 42/34/25 41/26/22 18/35/25
f 44/36/28 19/29/24 20/37/28
f 59/38/29 34/31/26 35/39/29
f 52/40/30 27/32/27 28/41/30
f 21/42/31 44/36/28 20/37/28
f 36/43/32 59/38/29 35/39/29
f 53/44/33 28/41/30 29/45/33
f 46/46/34 21/42/31 22/47/34
f 37/48/35 60/49/32 36/43/32
f 54/50/36 29/45/33 30/51/36
f 23/52/37 46/46/34 22/47/34
f 62/53/38 37/48/35 38/54/38
f 55/55/39 30/51/36 31/56/39
f 48/57/40 23/52/37 24/58/40
f 39/59/41 62/53/38 38/54/38
f 56/19/19 31/56/39 32/20/19
f 49/22/21 24/58/40 25/23/21
f 64/60/23 39/59/41 40/25/23
f 79/61/42 54/62/43 55/63/42
f 72/64/44 47/65/45 48/66/44
f 87/67/46 62/68/47 63/69/46
f 80/70/48 55/63/42 56/71/48
f 73/72/49 48/66/44 49/73/49
f 88/74/50 63/69/46 64/75/50
f 81/76/51 56/71/48 57/77/51
f 74/78/52 49/73/49 50/79/52
f 89/80/53 64/75/50 65/81/53
f 67/82/54 42/83/55 43/84/54
f 82/85/56 57/77/51 58/86/56
f 75/87/57 50/79/52 51/88/57
f 66/89/55 65/81/53 42/90/55
f 68/91/58 43/84/54 44/92/58
f 83/93/59 58/86/56 59/94/59
f 76/95/60 51/88/57 52/96/60
f 69/97/61 44/92/58 45/98/61
f 84/99/62 59/94/59 60/100/62
f 77/101/63 52/96/60 53/102/63
f 70/103/64 45/98/61 46/104/64
f 85/105/65 60/100/62 61/106/65
f 78/107/43 53/102/63 54/62/43
f 47/65/45 70/103/64 46/104/64
f 86/108/47 61/106/65 62/68/47
f 92/109/66 67/110/67 68/111/66
f 107/112/68 82/113/69 83/114/68
f 100/115/70 75/116/71 76/117/70
f 69/118/72 92/109/66 68/111/66
f 108/119/73 83/114/68 84/120/73
f 101/121/74 76/117/70 77/122/74
f 70/123/75 93/124/72 69/118/72
f 85/125/76 108/119/73 84/120/73
f 102/126/77 77/122/74 78/127/77
f 95/128/78 70/123/75 71/129/78
f 110/130/79 85/125/76 86/131/79
f 103/132/80 78/127/77 79/133/80
f 96/134/81 71/129/78 72/135/81
f 111/136/82 86/131/79 87/137/82
f 104/138/83 79/133/80 80/139/83
f 73/140/84 96/134/81 72/135/81
f 112/141/85 87/137/82 88/142/85
f 81/143/86 104/138/83 80/139/83
f 98/144/87 73/140/84 74/145/87
f 113/146/88 88/142/85 89/147/88
f 91/148/67 66/149/89 67/110/67
f 82/113/69 105/150/86 81/143/86
f 99/151/71 74/145/87 75/116/71
f 90/152/89 89/147/88 66/153/89
f 120/154/44 95/155/45 96/156/44
f 135/157/46 273/158/47 272/159/46
f 131/160/90 130/161/56 268/162/56
f 121/163/91 96/156/44 97/164/49
f 136/165/50 272/159/46 271/166/50
f 129/167/51 270/168/48 269/169/51
f 141/170/92 265/171/60 125/172/93
f 115/173/94 90/174/55 91/175/54
f 130/161/56 269/169/51 268/162/56
f 123/176/57 267/177/52 266/178/57
f 114/179/55 113/180/53 90/181/55
f 139/182/95 262/183/64 119/184/96
f 144/185/97 273/158/47 134/186/47
f 124/187/60 266/178/57 265/171/60
f 117/188/61 264/189/58 263/190/61
f 132/191/62 107/192/59 108/193/62
f 142/194/98 270/168/48 128/195/48
f 118/196/64 263/190/61 262/183/64
f 133/197/99 108/193/62 109/198/65
f 126/199/43 101/200/63 102/201/43
f 122/202/52 121/163/91 267/177/52
f 145/203/100 271/166/50 137/204/101
f 127/205/102 102/201/43 103/206/42
f 131/207/53 160/208/53 143/209/53
f 142/210/49 176/211/49 127/212/49
f 140/213/54 171/214/54 121/215/54
f 153/216/2 122/217/2 123/218/2
f 135/219/2 162/220/2 134/221/2
f 154/222/2 123/218/2 124/223/2
f 164/224/2 135/219/2 136/225/2
f 155/226/2 124/223/2 141/227/2
f 116/228/2 146/229/2 138/230/2
f 165/231/2 136/225/2 145/232/2
f 128/233/2 156/234/2 142/210/2
f 117/235/2 147/236/2 116/228/2
f 129/237/2 157/238/2 128/233/2
f 149/239/2 117/235/2 118/240/2
f 159/241/2 129/237/2 130/242/2
f 150/243/2 118/240/2 139/244/2
f 160/208/2 130/242/2 143/209/2
f 122/217/2 151/245/2 140/213/2
f 134/221/2 161/246/2 144/247/2
f 174/248/103 153/249/46 154/250/50
f 184/251/104 163/252/57 164/253/60
f 175/254/105 154/250/50 155/255/100
f 167/256/106 146/257/98 147/258/48
f 185/259/107 164/253/60 165/260/92
f 177/261/108 156/262/109 157/263/58
f 168/264/110 147/258/48 148/265/51
f 178/266/111 157/263/58 158/267/61
f 169/268/112 148/265/51 149/269/56
f 179/270/113 158/267/61 159/271/64
f 170/272/114 149/269/56 150/273/115
f 180/274/116 159/271/64 160/275/95
f 152/276/47 171/277/117 151/278/97
f 182/279/118 161/280/119 162/281/52
f 173/282/120 152/276/47 153/249/46
f 183/283/121 162/281/52 163/252/57
f 170/284/2 120/285/2 187/286/2
f 120/285/2 171/214/2 187/286/2
f 175/287/2 126/288/2 188/289/2
f 125/290/59 155/226/59 141/227/59
f 126/288/2 176/211/2 188/289/2
f 180/291/2 132/292/2 189/293/2
f 132/292/2 181/294/2 189/293/2
f 144/247/42 181/294/42 133/295/42
f 185/296/2 114/297/2 186/298/2
f 137/299/45 165/231/45 145/232/45
f 138/230/65 166/300/65 115/301/65
f 166/300/2 114/302/2 115/301/2
f 29/303/122 202/304/122 30/305/122
f 194/306/122 23/307/122 22/308/122
f 37/309/122 210/310/122 38/311/122
f 202/304/122 31/312/122 30/305/122
f 23/307/122 196/313/122 24/314/122
f 210/310/122 39/315/122 38/311/122
f 31/312/122 204/316/122 32/317/122
f 196/313/122 25/318/122 24/314/122
f 211/319/122 40/320/122 39/315/122
f 204/316/122 33/321/122 32/317/122
f 25/318/122 198/322/122 26/323/122
f 212/324/122 41/325/122 40/320/122
f 190/326/122 19/327/122 18/328/122
f 33/321/122 206/329/122 34/330/122
f 198/322/122 27/331/122 26/323/122
f 41/325/122 190/332/122 18/333/122
f 19/327/122 192/334/122 20/335/122
f 206/329/122 35/336/122 34/330/122
f 199/337/122 28/338/122 27/331/122
f 192/334/122 21/339/122 20/335/122
f 35/336/122 208/340/122 36/341/122
f 200/342/122 29/303/122 28/338/122
f 21/339/122 194/306/122 22/308/122
f 208/340/122 37/309/122 36/341/122
f 214/343/123 191/344/124 190/345/123
f 229/346/125 206/347/126 205/348/125
f 222/349/127 199/350/128 198/351/127
f 213/352/129 214/353/123 190/354/123
f 215/355/124 192/356/130 191/344/124
f 230/357/126 207/358/131 206/347/126
f 223/359/128 200/360/132 199/350/128
f 216/361/130 193/362/133 192/356/130
f 231/363/131 208/364/134 207/358/131
f 224/365/132 201/366/135 200/360/132
f 193/362/133 218/367/136 194/368/136
f 232/369/134 209/370/137 208/364/134
f 201/366/135 226/371/138 202/372/138
f 218/367/136 195/373/139 194/368/136
f 209/370/137 234/374/140 210/375/140
f 226/371/138 203/376/141 202/372/138
f 195/373/139 220/377/142 196/378/142
f 234/374/140 211/379/143 210/375/140
f 203/376/141 228/380/144 204/381/144
f 220/377/142 197/382/145 196/378/142
f 235/383/143 212/384/146 211/379/143
f 228/380/144 205/348/125 204/381/144
f 197/382/145 222/349/127 198/351/127
f 236/385/146 213/352/129 212/384/146
f 244/386/147 171/277/117 172/387/148
f 188/388/149 247/389/150 175/254/105
f 173/282/120 244/386/147 172/387/148
f 246/390/151 173/282/120 174/248/103
f 248/391/152 188/388/149 176/392/153
f 175/254/105 246/390/151 174/248/103
f 249/393/154 176/392/153 177/261/108
f 189/394/155 252/395/156 180/274/116
f 178/266/111 249/393/154 177/261/108
f 251/396/157 178/266/111 179/270/113
f 253/397/158 189/394/155 181/398/159
f 180/274/116 251/396/157 179/270/113
f 182/279/118 253/397/158 181/398/159
f 186/399/160 257/400/161 185/259/107
f 183/283/121 254/401/162 182/279/118
f 239/402/163 166/403/164 167/256/106
f 256/404/165 183/283/121 184/251/104
f 187/405/166 242/406/167 170/272/114
f 168/264/110 239/402/163 167/256/106
f 238/407/168 186/408/160 166/403/164
f 257/400/161 184/251/104 185/259/107
f 241/409/169 168/264/110 169/268/112
f 243/410/170 187/405/166 171/277/117
f 242/406/167 169/268/112 170/272/114
f 260/411/2 258/412/2 259/413/2
f 240/414/2 258/412/2 239/415/2
f 239/415/2 258/412/2 238/416/2
f 258/412/2 256/417/2 257/418/2
f 240/414/2 259/413/2 258/412/2
f 256/417/2 258/412/2 255/419/2
f 255/419/2 261/420/2 254/421/2
f 254/421/2 261/420/2 253/422/2
f 261/420/2 251/423/2 252/424/2
f 250/425/2 251/423/2 261/420/2
f 250/425/2 260/411/2 249/426/2
f 249/426/2 260/411/2 248/427/2
f 260/411/2 246/428/2 247/429/2
f 250/425/2 261/420/2 260/411/2
f 246/428/2 260/411/2 245/430/2
f 245/430/2 259/413/2 244/431/2
f 244/431/2 259/413/2 243/432/2
f 259/413/2 241/433/2 242/434/2
f 240/414/2 241/433/2 259/413/2
f 258/412/2 261/420/2 255/419/2
f 260/411/2 261/420/2 258/412/2
f 245/430/2 260/411/2 259/413/2
f 119/435/63 150/243/63 139/244/63
f 263/190/61 92/436/58 93/437/61
f 262/183/64 93/437/61 94/438/64
f 119/184/96 94/438/64 95/155/45
f 264/189/58 91/175/54 92/436/58
f 266/178/57 98/439/52 99/440/57
f 265/171/60 99/440/57 100/441/60
f 125/172/93 100/441/60 101/200/63
f 267/177/52 97/164/49 98/439/52
f 269/169/51 104/442/48 105/443/51
f 268/162/56 105/443/51 106/444/56
f 131/160/90 106/444/56 107/192/59
f 270/168/48 103/206/42 104/442/48
f 272/159/46 110/445/47 111/446/46
f 271/166/50 111/446/46 112/447/50
f 137/204/101 112/447/50 113/180/53
f 273/158/47 109/198/65 110/445/47
f 138/448/109 264/189/58 116/449/58
f 280/450/171 282/451/172 274/452/173
f 279/453/174 281/454/175 280/450/171
f 281/454/175 279/453/174 284/455/176
f 283/456/177 284/455/176 278/457/178
f 283/456/177 278/457/178 277/458/179
f 277/458/179 276/459/180 285/460/181
f 285/460/181 283/456/177 277/458/179
f 282/461/172 291/462/182 274/463/173
f 290/464/183 291/462/182 292/465/184
f 292/465/184 294/466/185 290/464/183
f 293/467/186 289/468/187 294/466/185
f 293/467/186 288/469/188 289/468/187
f 288/469/188 295/470/189 287/471/190
f 295/470/189 288/469/188 293/467/186
f 278/457/178 284/455/176 279/453/174
f 289/468/187 290/464/183 294/466/185
f 295/472/191 628/473/192 287/474/193
f 295/475/194 337/476/195 339/477/194
f 338/478/196 292/479/197 336/480/197
f 292/481/198 326/482/55 336/483/198
f 311/484/199 309/485/172 317/486/173
f 328/487/200 283/488/201 327/489/201
f 326/490/55 281/491/202 325/492/202
f 283/488/201 329/493/203 327/489/201
f 281/494/204 328/487/200 325/495/204
f 640/496/205 339/497/206 635/498/207
f 293/499/195 338/478/196 337/476/195
f 326/500/208 324/501/209 318/502/210
f 323/503/211 324/501/209 325/504/212
f 325/504/212 328/505/213 323/503/211
f 327/506/214 322/507/215 328/505/213
f 327/506/214 321/508/216 322/507/215
f 321/508/216 329/509/217 320/510/218
f 329/509/217 321/508/216 327/506/214
f 335/511/219 326/512/208 318/513/210
f 334/514/220 336/515/221 335/511/219
f 336/515/221 334/514/220 338/516/222
f 337/517/223 338/516/222 333/518/224
f 337/517/223 333/518/224 332/519/225
f 332/519/225 331/520/226 339/521/227
f 339/521/227 337/517/223 332/519/225
f 322/507/215 323/503/211 328/505/213
f 333/518/224 338/516/222 334/514/220
f 308/522/177 307/523/176 313/524/228
f 310/525/175 312/526/229 307/523/176
f 314/527/230 315/528/231 306/529/181
f 306/529/181 308/522/177 314/527/230
f 312/526/229 310/525/175 311/484/199
f 296/530/189 303/531/232 298/532/186
f 298/532/186 302/533/233 297/534/185
f 299/535/184 297/534/185 301/536/234
f 303/531/232 296/530/189 304/537/235
f 301/536/234 300/538/236 299/535/184
f 298/532/186 303/531/232 302/533/233
f 309/539/172 300/538/236 317/540/173
f 308/522/177 313/524/228 314/527/230
f 588/541/237 276/542/238 585/543/239
f 313/524/228 307/523/176 312/526/229
f 302/533/233 301/536/234 297/534/185
f 353/544/240 296/545/241 361/546/241
f 361/547/194 298/548/195 359/549/195
f 360/550/196 299/551/197 358/552/197
f 299/553/198 348/554/55 358/555/198
f 350/556/200 308/557/201 349/558/201
f 306/559/242 342/560/243 351/561/242
f 348/562/55 310/563/202 347/564/202
f 308/557/201 351/565/203 349/558/201
f 310/566/204 350/556/200 347/567/204
f 352/568/44 304/569/244 353/544/240
f 298/548/195 360/550/196 359/549/195
f 348/570/245 346/571/246 340/572/247
f 345/573/248 346/571/246 347/574/249
f 347/574/249 350/575/250 345/573/248
f 349/576/251 344/577/252 350/575/250
f 349/576/251 343/578/253 344/577/252
f 343/578/253 351/579/254 342/580/255
f 351/579/254 343/578/253 349/576/251
f 357/581/256 348/582/245 340/583/247
f 356/584/257 358/585/258 357/581/256
f 358/585/258 356/584/257 360/586/259
f 359/587/260 360/586/259 355/588/261
f 359/587/260 355/588/261 354/589/262
f 354/589/262 353/590/263 361/591/264
f 361/591/264 359/587/260 354/589/262
f 344/577/252 345/573/248 350/575/250
f 355/588/261 360/586/259 356/584/257
f 315/592/265 341/593/62 342/560/243
f 332/594/266 372/595/267 371/596/268
f 333/597/267 373/598/269 372/595/267
f 319/599/270 364/600/271 320/601/272
f 334/602/269 374/603/273 373/598/269
f 321/604/274 364/600/271 365/605/275
f 318/606/276 374/603/273 335/607/273
f 321/604/274 366/608/277 322/609/277
f 322/609/277 367/610/278 323/611/278
f 323/611/278 368/612/279 324/613/279
f 370/614/280 330/615/281 331/616/282
f 324/613/279 362/617/276 318/618/276
f 332/594/266 370/614/280 331/616/282
f 383/619/45 369/620/44 370/621/45
f 371/622/64 383/619/45 370/621/45
f 363/623/62 377/624/65 364/625/65
f 372/626/61 384/627/64 371/622/64
f 364/625/65 378/628/47 365/629/47
f 373/630/58 385/631/61 372/626/61
f 365/629/47 379/632/46 366/633/46
f 374/634/54 386/635/58 373/630/58
f 366/633/46 380/636/50 367/637/50
f 362/638/55 387/639/54 374/634/54
f 367/637/50 381/640/53 368/641/53
f 368/641/53 375/642/55 362/643/55
f 387/644/283 399/645/284 386/646/284
f 379/647/285 393/648/286 380/649/286
f 387/644/283 388/650/287 400/651/283
f 380/649/286 394/652/288 381/653/288
f 375/654/287 394/652/288 388/655/287
f 396/656/289 382/657/290 383/658/289
f 384/659/291 396/656/289 383/658/289
f 376/660/292 390/661/293 377/662/293
f 385/663/294 397/664/291 384/659/291
f 378/665/295 390/661/293 391/666/295
f 386/646/284 398/667/294 385/663/294
f 379/647/285 391/666/295 392/668/285
f 397/669/64 409/670/45 396/671/45
f 389/672/62 403/673/65 390/674/65
f 398/675/61 410/676/64 397/669/64
f 390/674/65 404/677/47 391/678/47
f 399/679/58 411/680/61 398/675/61
f 391/678/47 405/681/46 392/682/46
f 400/683/54 412/684/58 399/679/58
f 392/682/46 406/685/50 393/686/50
f 400/683/54 401/687/55 413/688/54
f 393/686/50 407/689/53 394/690/53
f 394/690/53 401/691/55 388/692/55
f 409/670/45 395/693/44 396/671/45
f 413/694/296 425/695/297 412/696/297
f 405/697/298 419/698/299 406/699/299
f 401/700/300 426/701/296 413/694/296
f 406/699/299 420/702/301 407/703/301
f 407/703/301 414/704/300 401/705/300
f 422/706/302 408/707/303 409/708/302
f 410/709/304 422/706/302 409/708/302
f 402/710/305 416/711/306 403/712/306
f 410/709/304 424/713/307 423/714/304
f 403/712/306 417/715/308 404/716/308
f 411/717/307 425/695/297 424/713/307
f 404/716/308 418/718/298 405/697/298
f 423/719/64 435/720/45 422/721/45
f 415/722/62 429/723/65 416/724/65
f 424/725/61 436/726/64 423/719/64
f 416/724/65 430/727/47 417/728/47
f 425/729/58 437/730/61 424/725/61
f 417/728/47 431/731/46 418/732/46
f 426/733/54 438/734/58 425/729/58
f 418/732/46 432/735/50 419/736/50
f 414/737/55 439/738/54 426/733/54
f 419/736/50 433/739/53 420/740/53
f 420/740/53 427/741/55 414/742/55
f 422/721/45 434/743/44 421/744/44
f 432/745/309 444/746/310 445/747/309
f 427/748/311 452/749/312 439/750/312
f 433/751/313 445/747/309 446/752/313
f 433/751/313 440/753/311 427/754/311
f 448/755/314 434/756/315 435/757/314
f 435/757/314 449/758/316 448/755/314
f 428/759/317 442/760/318 429/761/318
f 437/762/319 449/758/316 436/763/316
f 430/764/320 442/760/318 443/765/320
f 438/766/321 450/767/319 437/762/319
f 431/768/310 443/765/320 444/746/310
f 439/750/312 451/769/321 438/766/321
f 461/770/322 467/771/323 474/772/322
f 462/773/324 474/772/322 475/774/324
f 456/775/325 466/776/326 453/777/326
f 462/773/324 476/778/327 463/779/327
f 457/780/328 469/781/325 456/775/325
f 463/779/327 477/782/329 464/783/329
f 457/780/328 471/784/330 470/785/328
f 464/783/329 478/786/331 465/787/331
f 459/788/332 471/784/330 458/789/330
f 455/790/333 478/786/331 468/791/333
f 459/788/332 473/792/334 472/793/332
f 455/794/333 473/792/334 460/795/334
f 469/796/65 443/797/47 442/798/65
f 470/799/47 444/800/46 443/797/47
f 471/801/46 445/802/50 444/800/46
f 472/803/50 446/804/53 445/802/50
f 473/805/53 440/806/55 446/804/53
f 440/807/55 478/808/54 452/809/54
f 478/808/54 451/810/58 452/809/54
f 477/811/58 450/812/61 451/810/58
f 476/813/61 449/814/64 450/812/61
f 475/815/64 448/816/45 449/814/64
f 474/817/45 447/818/44 448/816/45
f 466/819/62 442/798/65 441/820/62
f 461/821/45 480/822/44 454/823/44
f 462/824/64 487/825/45 461/821/45
f 479/826/62 456/827/65 453/828/62
f 463/829/61 488/830/64 462/824/64
f 456/827/65 483/831/47 457/832/47
f 464/833/58 489/834/61 463/829/61
f 458/835/46 483/831/47 484/836/46
f 465/837/54 490/838/58 464/833/58
f 459/839/50 484/836/46 485/840/50
f 455/841/55 491/842/54 465/837/54
f 459/839/50 486/843/53 460/844/53
f 455/845/55 486/843/53 481/846/55
f 487/847/335 493/848/336 480/849/336
f 488/850/337 500/851/335 487/847/335
f 492/852/338 482/853/339 479/854/338
f 489/855/340 501/856/337 488/850/337
f 482/853/339 496/857/341 483/858/341
f 490/859/342 502/860/340 489/855/340
f 484/861/343 496/857/341 497/862/343
f 490/859/342 504/863/344 503/864/342
f 484/861/343 498/865/345 485/866/345
f 491/867/346 494/868/347 504/863/344
f 486/869/348 498/865/345 499/870/348
f 486/869/348 494/871/347 481/872/347
f 517/873/349 518/874/350 505/875/350
f 510/876/351 524/877/352 523/878/351
f 511/879/352 518/880/350 524/877/352
f 525/881/353 513/882/354 512/883/353
f 513/882/354 527/884/355 514/885/355
f 507/886/356 519/887/357 506/888/357
f 514/885/355 528/889/358 515/890/358
f 507/886/356 521/891/359 520/892/356
f 515/890/358 529/893/360 516/894/360
f 509/895/361 521/891/359 508/896/359
f 516/894/360 530/897/349 517/873/349
f 510/876/351 522/898/361 509/895/361
f 500/899/45 525/900/44 493/901/44
f 501/902/64 526/903/45 500/899/45
f 502/904/61 527/905/64 501/902/64
f 502/904/61 529/906/58 528/907/61
f 504/908/54 529/906/58 503/909/58
f 504/908/54 518/910/55 530/911/54
f 499/912/53 518/913/55 494/914/55
f 498/915/50 524/916/53 499/912/53
f 497/917/46 523/918/50 498/915/50
f 496/919/47 522/920/46 497/917/46
f 495/921/65 521/922/47 496/919/47
f 492/923/62 520/924/65 495/921/65
f 312/925/229 539/926/362 313/927/228
f 314/928/230 541/929/363 315/930/364
f 303/931/232 533/932/365 302/933/233
f 303/931/232 535/934/366 534/935/367
f 305/936/368 535/934/366 304/937/369
f 311/938/199 538/939/370 312/925/229
f 301/940/234 531/941/371 300/942/236
f 316/943/372 541/929/363 542/944/373
f 301/940/234 533/932/365 532/945/374
f 317/946/375 531/941/371 543/947/375
f 317/948/375 537/949/376 311/938/199
f 314/928/230 539/926/362 540/950/377
f 512/951/378 535/952/379 536/953/378
f 513/954/379 534/955/380 535/952/379
f 514/956/380 533/957/381 534/955/380
f 515/958/381 532/959/382 533/957/381
f 516/960/382 531/961/383 532/959/382
f 505/962/384 531/961/383 517/963/383
f 511/964/385 543/965/384 505/966/384
f 510/967/386 537/968/385 511/964/385
f 509/969/387 538/970/386 510/967/386
f 508/971/388 539/972/387 509/969/387
f 507/973/389 540/974/388 508/971/388
f 506/975/390 541/976/389 507/973/389
f 278/977/391 549/978/392 548/979/391
f 280/980/393 549/978/392 279/981/392
f 286/982/394 552/983/395 287/984/396
f 280/980/393 544/985/397 550/986/393
f 288/987/398 552/983/395 553/988/399
f 288/987/398 554/989/400 289/990/400
f 290/991/401 554/989/400 555/992/401
f 275/993/402 546/994/403 545/995/404
f 291/996/405 555/992/401 556/997/405
f 277/998/406 546/994/403 276/999/407
f 274/1000/397 556/997/405 544/1001/397
f 277/998/406 548/979/391 547/1002/408
f 572/1003/44 552/1004/45 551/1005/44
f 319/1006/409 587/1007/410 557/1008/411
f 552/1004/45 574/1009/64 553/1010/64
f 579/1011/412 583/1012/413 329/1013/414
f 546/1014/65 566/1015/62 545/1016/62
f 553/1010/64 575/1017/61 554/1018/61
f 547/1019/47 567/1020/65 546/1014/65
f 554/1018/61 576/1021/58 555/1022/58
f 548/1023/46 568/1024/47 547/1019/47
f 555/1022/58 577/1025/54 556/1026/54
f 549/1027/50 569/1028/46 548/1023/46
f 556/1026/54 565/1029/55 544/1030/55
f 550/1031/53 570/1032/50 549/1027/50
f 544/1033/55 571/1034/53 550/1031/53
f 585/543/239 275/1035/62 586/1036/62
f 558/1037/62 319/1006/409 557/1008/411
f 557/1038/415 605/1039/416 589/1040/417
f 581/1041/418 601/1042/419 582/1043/420
f 588/1044/421 591/1045/422 559/1046/423
f 579/1047/424 602/1048/425 583/1049/426
f 583/1049/426 597/1050/427 578/1051/428
f 562/1052/429 593/1053/430 561/1054/431
f 560/1055/432 605/1039/416 587/1056/433
f 580/1057/434 603/1058/435 584/1059/436
f 582/1043/420 599/1060/437 580/1057/434
f 578/1051/428 595/1061/438 563/1062/439
f 584/1059/436 598/1063/440 579/1047/424
f 563/1062/439 596/1064/441 564/1065/442
f 564/1065/442 592/1066/443 560/1055/432
f 558/1067/444 589/1040/417 590/1068/444
f 561/1054/431 600/1069/445 581/1041/418
f 559/1046/423 594/1070/446 562/1052/429
f 634/1071/447 613/1072/448 615/1073/447
f 295/472/191 638/1074/449 637/1075/450
f 287/474/193 644/1076/451 286/1077/452
f 630/1078/453 618/1079/454 611/1080/453
f 637/1081/454 619/1082/455 618/1079/454
f 286/1077/452 644/1076/451 643/1083/456
f 617/1084/457 640/1085/458 621/1086/458
f 621/1086/458 635/1087/459 616/1088/459
f 295/472/191 640/496/205 636/1089/460
f 629/1090/461 622/1091/462 610/1092/461
f 295/472/191 339/497/206 640/496/205
f 619/1082/455 636/1093/457 617/1084/457
f 331/1094/463 629/1095/464 339/497/206
f 632/1096/448 614/1097/465 613/1072/448
f 287/474/193 628/473/192 642/1098/466
f 628/1099/467 612/1100/468 609/1101/469
f 635/1087/459 620/1102/470 616/1088/459
f 295/472/191 630/1103/471 631/1104/472
f 620/1102/470 634/1071/447 615/1073/447
f 607/1105/473 626/1106/474 608/1107/474
f 633/1108/465 610/1092/461 614/1097/465
f 622/1091/462 627/1109/475 607/1105/473
f 627/1110/476 330/1111/477 626/1112/478
f 625/1113/479 642/1114/480 623/1115/480
f 642/1114/480 609/1101/469 623/1115/480
f 639/1116/481 339/497/206 634/1117/482
f 643/1118/483 625/1113/479 624/1119/483
f 612/1100/468 630/1078/453 611/1080/453
f 632/1120/484 339/497/206 633/1121/485
f 613/1122/486 645/1123/44 615/1124/487
f 634/1117/482 339/497/206 632/1120/484
f 642/1098/466 644/1076/451 287/474/193
f 618/1125/488 645/1123/44 611/1126/489
f 619/1127/490 645/1123/44 618/1125/488
f 330/1111/477 627/1110/476 331/1094/463
f 621/1128/491 645/1123/44 617/1129/492
f 616/1130/493 645/1123/44 621/1128/491
f 635/498/207 339/497/206 639/1116/481
f 622/1131/494 645/1123/44 610/1132/495
f 617/1129/492 645/1123/44 619/1127/490
f 641/1133/496 629/1095/464 331/1094/463
f 614/1134/497 645/1123/44 613/1122/486
f 295/472/191 631/1104/472 628/473/192
f 612/1135/498 645/1123/44 609/1136/499
f 620/1137/500 645/1123/44 616/1130/493
f 633/1121/485 339/497/206 629/1095/464
f 615/1124/487 645/1123/44 620/1137/500
f 607/1138/501 608/1139/502 645/1123/44
f 610/1132/495 645/1123/44 614/1134/497
f 622/1131/494 607/1138/501 645/1123/44
f 641/1133/496 331/1094/463 627/1110/476
f 623/1140/503 645/1123/44 625/1141/504
f 609/1136/499 645/1123/44 623/1140/503
f 295/472/191 636/1089/460 638/1074/449
f 625/1141/504 645/1123/44 624/1142/505
f 611/1126/489 645/1123/44 612/1135/498
f 295/472/191 637/1075/450 630/1103/471
f 558/1037/62 646/1143/506 319/1006/409
f 558/1067/444 647/1144/507 646/1145/508
f 286/1077/452 643/1083/456 652/1146/509
f 651/1147/510 643/1148/483 624/1149/483
f 650/1150/511 645/1123/44 608/1139/502
f 651/1151/512 624/1142/505 645/1123/44
f 285/1152/513 276/542/238 559/1153/514
f 276/542/238 588/541/237 559/1153/514
f 320/1154/515 329/1013/414 560/1155/516
f 329/1013/414 285/1152/513 584/1156/517
f 579/1011/412 329/1013/414 584/1156/517
f 587/1007/410 319/1006/409 320/1154/515
f 560/1155/516 587/1007/410 320/1154/515
f 285/1152/513 559/1153/514 562/1157/518
f 285/1152/513 562/1157/518 561/1158/519
f 564/1159/520 560/1155/516 329/1013/414
f 563/1160/521 564/1159/520 329/1013/414
f 285/1152/513 561/1158/519 581/1161/522
f 285/1152/513 581/1161/522 582/1162/523
f 578/1163/524 563/1160/521 329/1013/414
f 583/1012/413 578/1163/524 329/1013/414
f 285/1152/513 582/1162/523 580/1164/525
f 285/1152/513 580/1164/525 584/1156/517
f 356/1165/526 665/1166/527 664/1167/526
f 343/1168/528 655/1169/529 656/1170/530
f 357/1171/527 653/1172/531 665/1166/527
f 657/1173/46 669/1174/47 670/1175/46
f 345/1176/532 657/1177/533 658/1178/532
f 346/1179/534 658/1178/532 659/1180/534
f 661/1181/535 352/1182/536 353/1183/537
f 340/1184/531 659/1180/534 653/1185/531
f 354/1186/538 661/1181/535 353/1183/537
f 675/1187/539 689/1188/540 688/1189/539
f 356/1165/526 663/1190/541 355/1191/541
f 341/1192/542 655/1169/529 342/1193/543
f 344/1194/533 656/1170/530 657/1177/533
f 655/1195/65 669/1174/47 656/1196/47
f 664/1197/58 676/1198/61 663/1199/61
f 670/1200/544 682/1201/545 683/1202/544
f 665/1203/54 677/1204/58 664/1197/58
f 657/1173/46 671/1205/50 658/1206/50
f 665/1203/54 666/1207/55 678/1208/54
f 659/1209/53 671/1205/50 672/1210/53
f 659/1209/53 666/1211/55 653/1212/55
f 674/1213/45 660/1214/44 661/1215/45
f 662/1216/64 674/1213/45 661/1215/45
f 654/1217/62 668/1218/65 655/1195/65
f 672/1219/546 679/1220/547 666/1221/547
f 687/1222/548 673/1223/549 674/1224/548
f 675/1187/539 687/1222/548 674/1224/548
f 667/1225/550 681/1226/551 668/1227/551
f 669/1228/545 681/1226/551 682/1201/545
f 676/1229/540 690/1230/552 689/1188/540
f 355/1191/541 662/1231/553 354/1186/538
f 677/1232/552 691/1233/554 690/1230/552
f 670/1200/544 684/1234/555 671/1235/555
f 678/1236/554 679/1237/547 691/1233/554
f 672/1219/546 684/1234/555 685/1238/546
f 708/1239/97 705/1240/97 695/1241/556
f 689/1242/557 703/1243/558 702/1244/559
f 682/1245/560 695/1241/556 710/1246/561
f 690/1247/58 704/1248/562 703/1243/558
f 683/1249/563 697/1250/564 684/1251/50
f 689/1242/557 706/1252/565 688/1253/566
f 691/1254/54 692/1255/55 704/1248/562
f 684/1251/50 698/1256/567 685/1257/53
f 685/1257/53 692/1258/55 679/1259/55
f 663/1199/61 675/1260/64 662/1216/64
f 709/1261/568 693/1262/62 694/1263/65
f 680/1264/62 712/1265/569 681/1266/65
f 689/1242/557 702/1244/559 706/1252/565
f 606/1267/570 717/1268/571 604/1269/572
f 715/1270/573 648/1271/574 714/1272/575
f 648/1273/576 586/1274/577 714/1275/578
f 601/1276/579 600/1277/579 594/1278/579
f 626/1106/474 650/1279/580 608/1107/474
f 716/1280/581 626/1112/478 330/1111/477
f 649/1281/582 1046/1282/583 647/1283/584
f 598/1284/585 603/1285/586 595/1286/587
f 693/1287/588 720/1288/589 694/1289/589
f 694/1289/589 721/1290/590 695/1291/590
f 696/1292/591 732/1293/592 722/1294/593
f 710/1295/594 721/1296/595 732/1293/592
f 697/1297/596 722/1294/593 723/1298/597
f 698/1299/598 723/1298/597 724/1300/599
f 692/1301/600 724/1300/599 718/1302/601
f 700/1303/602 725/1304/603 699/1305/603
f 701/1306/604 726/1307/602 700/1303/602
f 702/1308/605 731/1309/606 706/1310/607
f 703/1311/608 728/1312/609 702/1308/605
f 706/1310/607 731/1309/606 727/1313/610
f 704/1314/611 729/1315/612 703/1311/608
f 692/1316/600 730/1317/613 704/1314/611
f 718/1318/43 739/1319/63 733/1320/43
f 731/1321/614 742/1322/615 727/1323/616
f 1224/1324/617 721/1325/618 1227/1326/619
f 728/1327/620 746/1328/621 731/1321/614
f 1226/1329/622 1225/1330/623 736/1331/624
f 729/1332/625 743/1333/626 728/1327/620
f 732/1334/627 736/1331/624 747/1335/628
f 730/1336/629 744/1337/48 729/1332/625
f 723/1338/630 737/1339/631 738/1340/60
f 718/1341/43 745/1342/42 730/1336/629
f 724/1343/632 738/1340/60 739/1319/63
f 722/1344/633 747/1335/628 737/1339/631
f 733/1345/122 760/1346/122 745/1347/122
f 739/1348/122 753/1349/122 754/1350/122
f 737/1351/122 762/1352/122 752/1353/122
f 733/1354/122 754/1350/122 748/1355/122
f 742/1356/122 761/1357/122 757/1358/122
f 756/1359/122 740/1360/122 741/1361/122
f 741/1361/122 757/1358/122 756/1359/122
f 734/1362/122 750/1363/122 735/1364/122
f 743/1365/122 761/1357/122 746/1366/122
f 735/1364/122 751/1367/122 736/1368/122
f 744/1369/122 758/1370/122 743/1365/122
f 736/1368/122 762/1352/122 747/1371/122
f 745/1347/122 759/1372/122 744/1369/122
f 738/1373/122 752/1353/122 753/1349/122
f 770/1374/634 768/1375/635 763/1376/636
f 767/1377/637 768/1375/635 769/1378/638
f 769/1378/638 772/1379/639 767/1377/637
f 771/1380/640 766/1381/641 772/1379/639
f 771/1380/640 765/1382/642 766/1381/641
f 765/1382/642 773/1383/643 764/1384/644
f 773/1383/643 765/1382/642 771/1380/640
f 778/1385/645 770/1374/634 763/1376/636
f 777/1386/646 779/1387/647 778/1385/645
f 779/1387/647 777/1386/646 781/1388/648
f 780/1389/649 781/1388/648 776/1390/650
f 780/1389/649 776/1390/650 775/1391/651
f 775/1391/651 774/1392/652 782/1393/653
f 782/1393/653 780/1389/649 775/1391/651
f 766/1381/641 767/1377/637 772/1379/639
f 776/1390/650 781/1388/648 777/1386/646
f 782/1394/654 774/1395/655 1062/1396/656
f 820/1397/657 782/1398/658 822/1399/658
f 821/1400/659 779/1401/660 781/1402/659
f 810/1403/43 779/1404/661 819/1405/661
f 795/1406/634 797/1407/662 802/1408/636
f 812/1409/663 771/1410/664 772/1411/663
f 810/1403/43 769/1412/665 770/1413/43
f 813/1414/666 771/1410/664 811/1415/664
f 812/1409/663 769/1416/667 809/1417/667
f 1074/1418/668 1069/1419/669 822/1420/670
f 821/1400/659 780/1421/657 820/1397/657
f 808/1422/671 810/1423/672 803/1424/673
f 807/1425/674 809/1426/675 808/1422/671
f 809/1426/675 807/1425/674 812/1427/676
f 811/1428/677 812/1427/676 806/1429/678
f 811/1428/677 806/1429/678 805/1430/679
f 805/1430/679 804/1431/680 813/1432/681
f 813/1432/681 811/1428/677 805/1430/679
f 810/1423/672 818/1433/682 803/1424/673
f 817/1434/683 818/1433/682 819/1435/684
f 819/1435/684 821/1436/685 817/1434/683
f 820/1437/686 816/1438/687 821/1436/685
f 820/1437/686 815/1439/688 816/1438/687
f 815/1439/688 822/1440/689 814/1441/690
f 822/1440/689 815/1439/688 820/1437/686
f 806/1429/678 812/1427/676 807/1425/674
f 816/1438/687 817/1434/683 821/1436/685
f 794/1442/640 799/1443/691 793/1444/639
f 796/1445/638 793/1444/639 798/1446/692
f 800/1447/693 792/1448/643 801/1449/644
f 792/1448/643 800/1447/693 794/1442/640
f 798/1446/692 797/1407/662 796/1445/638
f 783/1450/653 785/1451/649 790/1452/694
f 785/1451/649 784/1453/648 789/1454/695
f 786/1455/647 788/1456/696 784/1453/648
f 790/1452/694 791/1457/652 783/1450/653
f 788/1456/696 786/1455/647 787/1458/697
f 785/1451/649 789/1454/695 790/1452/694
f 787/1458/697 795/1406/634 802/1408/636
f 794/1442/640 800/1447/693 799/1443/691
f 715/1459/698 714/1460/699 764/1461/700
f 799/1443/691 798/1446/692 793/1444/639
f 789/1454/695 784/1453/648 788/1456/696
f 834/1462/701 783/1463/702 791/1464/703
f 840/1465/657 783/1466/658 842/1467/658
f 841/1468/659 786/1469/660 784/1470/659
f 830/1471/43 786/1472/661 839/1473/661
f 832/1474/663 794/1475/664 793/1476/663
f 824/1477/704 792/1478/705 833/1479/705
f 830/1471/43 796/1480/665 795/1481/43
f 833/1482/666 794/1475/664 831/1483/664
f 832/1474/663 796/1484/667 829/1485/667
f 791/1464/703 352/568/44 834/1462/701
f 841/1468/659 785/1486/657 840/1465/657
f 828/1487/706 830/1488/707 823/1489/708
f 827/1490/709 829/1491/710 828/1487/706
f 829/1491/710 827/1490/709 832/1492/711
f 831/1493/712 832/1492/711 826/1494/713
f 831/1493/712 826/1494/713 825/1495/714
f 825/1495/714 824/1496/715 833/1497/716
f 833/1497/716 831/1493/712 825/1495/714
f 830/1488/707 838/1498/717 823/1489/708
f 837/1499/718 838/1498/717 839/1500/719
f 839/1500/719 841/1501/720 837/1499/718
f 840/1502/721 836/1503/722 841/1501/720
f 840/1502/721 835/1504/723 836/1503/722
f 835/1504/723 842/1505/724 834/1506/725
f 842/1505/724 835/1504/723 840/1502/721
f 826/1494/713 832/1492/711 827/1490/709
f 836/1503/722 837/1499/718 841/1501/720
f 341/593/62 801/1507/726 824/1477/704
f 815/1508/727 851/1509/728 816/1510/728
f 851/1509/728 817/1511/729 816/1510/728
f 844/1512/730 319/599/270 804/1513/731
f 817/1511/729 853/1514/732 818/1515/732
f 805/1516/733 844/1512/730 804/1513/731
f 853/1514/732 803/1517/734 818/1515/732
f 846/1518/735 805/1516/733 806/1519/735
f 847/1520/736 806/1519/735 807/1521/736
f 848/1522/737 807/1521/736 808/1523/737
f 330/615/281 849/1524/738 814/1525/739
f 843/1526/734 808/1523/737 803/1517/734
f 849/1524/738 815/1508/727 814/1525/739
f 369/620/44 860/1527/49 849/1528/49
f 860/1527/49 850/1529/52 849/1528/49
f 855/1530/59 363/623/62 844/1531/59
f 861/1532/52 851/1533/57 850/1529/52
f 856/1534/56 844/1531/59 845/1535/56
f 862/1536/57 852/1537/60 851/1533/57
f 857/1538/51 845/1535/56 846/1539/51
f 863/1540/60 853/1541/63 852/1537/60
f 858/1542/48 846/1539/51 847/1543/48
f 864/1544/63 843/1545/43 853/1541/63
f 859/1546/42 847/1543/48 848/1547/42
f 854/1548/43 848/1547/42 843/1545/43
f 874/1549/740 864/1550/741 863/1551/740
f 869/1552/742 857/1553/743 858/1554/742
f 864/1550/741 865/1555/744 854/1556/744
f 859/1557/745 869/1552/742 858/1554/742
f 865/1555/744 859/1557/745 854/1556/744
f 382/657/290 871/1558/746 860/1559/746
f 871/1558/746 861/1560/747 860/1559/746
f 866/1561/748 376/660/292 855/1562/748
f 861/1560/747 873/1563/749 862/1564/749
f 856/1565/750 866/1561/748 855/1562/748
f 862/1564/749 874/1549/740 863/1551/740
f 868/1566/743 856/1565/750 857/1553/743
f 882/1567/49 872/1568/52 871/1569/49
f 877/1570/59 389/672/62 866/1571/59
f 883/1572/52 873/1573/57 872/1568/52
f 878/1574/56 866/1571/59 867/1575/56
f 884/1576/57 874/1577/60 873/1573/57
f 868/1578/51 878/1574/56 867/1575/56
f 885/1579/60 875/1580/63 874/1577/60
f 869/1581/48 879/1582/51 868/1578/51
f 886/1583/63 865/1584/43 875/1580/63
f 881/1585/42 869/1581/48 870/1586/42
f 876/1587/43 870/1586/42 865/1584/43
f 395/693/44 882/1567/49 871/1569/49
f 896/1588/751 886/1589/752 885/1590/751
f 880/1591/753 890/1592/754 879/1593/754
f 897/1594/752 876/1595/755 886/1589/752
f 892/1596/756 880/1591/753 881/1597/756
f 887/1598/755 881/1597/756 876/1595/755
f 408/707/303 893/1599/757 882/1600/757
f 882/1600/757 894/1601/758 883/1602/758
f 888/1603/759 402/710/305 877/1604/759
f 894/1601/758 884/1605/760 883/1602/758
f 878/1606/761 888/1603/759 877/1604/759
f 884/1605/760 896/1588/751 885/1590/751
f 890/1592/754 878/1606/761 879/1593/754
f 904/1607/49 894/1608/52 893/1609/49
f 899/1610/59 415/722/62 888/1611/59
f 905/1612/52 895/1613/57 894/1608/52
f 900/1614/56 888/1611/59 889/1615/56
f 906/1616/57 896/1617/60 895/1613/57
f 901/1618/51 889/1615/56 890/1619/51
f 907/1620/60 897/1621/63 896/1617/60
f 902/1622/48 890/1619/51 891/1623/48
f 908/1624/63 887/1625/43 897/1621/63
f 903/1626/42 891/1623/48 892/1627/42
f 898/1628/43 892/1627/42 887/1625/43
f 421/744/44 904/1607/49 893/1609/49
f 902/1629/762 912/1630/763 901/1631/763
f 908/1632/764 909/1633/765 898/1634/765
f 914/1635/766 902/1629/762 903/1636/766
f 909/1633/765 903/1636/766 898/1634/765
f 434/756/315 915/1637/767 904/1638/767
f 904/1638/767 916/1639/768 905/1640/768
f 910/1641/769 428/759/317 899/1642/769
f 916/1639/768 906/1643/770 905/1640/768
f 911/1644/771 899/1642/769 900/1645/771
f 917/1646/770 907/1647/772 906/1643/770
f 901/1631/763 911/1644/771 900/1645/771
f 918/1648/772 908/1632/764 907/1647/772
f 937/1649/773 454/1650/323 926/1651/773
f 938/1652/774 926/1651/773 927/1653/774
f 921/1654/775 466/776/326 932/1655/775
f 939/1656/776 927/1653/774 928/1657/776
f 921/1654/775 933/1658/777 922/1659/777
f 940/1660/778 928/1657/776 929/1661/778
f 933/1658/777 923/1662/779 922/1659/777
f 941/1663/780 929/1661/778 930/1664/780
f 934/1665/779 924/1666/781 923/1662/779
f 931/1667/782 930/1664/780 920/1668/782
f 924/1666/781 936/1669/783 925/1670/783
f 936/1669/783 920/1668/782 925/1670/783
f 911/1671/56 932/1672/59 910/1673/59
f 912/1674/51 933/1675/56 911/1671/56
f 913/1676/48 934/1677/51 912/1674/51
f 914/1678/42 935/1679/48 913/1676/48
f 909/1680/43 936/1681/42 914/1678/42
f 919/1682/63 931/1683/43 909/1680/43
f 918/1684/60 941/1685/63 919/1682/63
f 917/1686/57 940/1687/60 918/1684/60
f 916/1688/52 939/1689/57 917/1686/57
f 915/1690/49 938/1691/52 916/1688/52
f 915/1690/49 467/1692/44 937/1693/49
f 910/1673/59 466/819/62 441/820/62
f 480/822/44 926/1694/49 454/823/44
f 926/1694/49 949/1695/52 927/1696/52
f 921/1697/59 479/826/62 453/828/62
f 949/1695/52 928/1698/57 927/1696/52
f 944/1699/56 921/1697/59 922/1700/56
f 928/1698/57 951/1701/60 929/1702/60
f 945/1703/51 922/1700/56 923/1704/51
f 951/1701/60 930/1705/63 929/1702/60
f 946/1706/48 923/1704/51 924/1707/48
f 952/1708/63 920/1709/43 930/1705/63
f 925/1710/42 946/1706/48 924/1707/48
f 920/1709/43 947/1711/42 925/1710/42
f 493/848/336 948/1712/784 480/849/336
f 948/1712/784 960/1713/785 949/1714/785
f 943/1715/786 492/852/338 479/854/338
f 949/1714/785 961/1716/787 950/1717/787
f 955/1718/788 943/1715/786 944/1719/788
f 950/1717/787 962/1720/789 951/1721/789
f 945/1722/790 955/1718/788 944/1719/788
f 951/1721/789 963/1723/791 952/1724/792
f 957/1725/793 945/1722/790 946/1726/793
f 952/1724/792 953/1727/794 942/1728/794
f 958/1729/795 946/1726/793 947/1730/795
f 953/1727/794 947/1730/795 942/1728/794
f 975/1731/796 974/1732/797 964/1733/796
f 979/1734/798 969/1735/799 968/1736/798
f 969/1735/799 975/1731/796 964/1733/796
f 970/1737/800 525/881/353 512/883/353
f 982/1738/801 970/1737/800 971/1739/801
f 519/887/357 965/1740/802 506/888/357
f 983/1741/803 971/1739/801 972/1742/803
f 965/1740/802 977/1743/804 966/1744/804
f 984/1745/805 972/1742/803 973/1746/805
f 977/1743/804 967/1747/806 966/1744/804
f 985/1748/797 973/1746/805 974/1732/797
f 978/1749/806 968/1736/798 967/1747/806
f 525/900/44 959/1750/49 493/901/44
f 981/1751/49 960/1752/52 959/1750/49
f 960/1752/52 983/1753/57 961/1754/57
f 983/1753/57 962/1755/60 961/1754/57
f 984/1756/60 963/1757/63 962/1755/60
f 985/1758/63 953/1759/43 963/1757/63
f 975/1760/43 958/1761/42 953/1759/43
f 980/1762/42 957/1763/48 958/1761/42
f 979/1764/48 956/1765/51 957/1763/48
f 978/1766/51 955/1767/56 956/1765/51
f 977/1768/56 954/1769/59 955/1767/56
f 976/1770/59 492/923/62 954/1769/59
f 993/1771/807 798/1772/692 799/1773/691
f 995/1774/808 800/1775/693 801/1776/809
f 988/1777/810 790/1778/694 789/1779/695
f 790/1778/694 990/1780/811 791/1781/812
f 305/936/368 990/1780/811 536/1782/813
f 798/1772/692 991/1783/814 797/1784/662
f 787/1785/697 987/1786/815 788/1787/696
f 316/943/372 995/1774/808 801/1776/809
f 987/1786/815 789/1779/695 788/1787/696
f 996/1788/816 787/1785/697 802/1789/816
f 991/1783/814 802/1789/816 797/1784/662
f 800/1775/693 993/1771/807 799/1773/691
f 512/951/378 990/1790/817 970/1791/817
f 970/1791/817 989/1792/818 971/1793/818
f 971/1793/818 988/1794/819 972/1795/819
f 972/1795/819 987/1796/820 973/1797/820
f 973/1797/820 986/1798/821 974/1799/821
f 974/1799/821 996/1800/822 964/1801/822
f 996/1800/822 969/1802/823 964/1801/822
f 969/1802/823 992/1803/824 968/1804/824
f 992/1803/824 967/1805/825 968/1804/824
f 993/1806/825 966/1807/826 967/1805/825
f 994/1808/826 965/1809/827 966/1807/826
f 995/1810/827 506/975/390 965/1809/827
f 1000/1811/828 767/1812/829 766/1813/828
f 767/1812/829 1002/1814/830 768/1815/830
f 286/982/394 1003/1816/831 551/1817/832
f 1002/1814/830 763/1818/833 768/1815/830
f 775/1819/834 1003/1816/831 774/1820/835
f 1005/1821/836 775/1819/834 776/1822/836
f 777/1823/837 1005/1821/836 776/1822/836
f 275/993/402 998/1824/838 764/1825/839
f 1007/1826/840 777/1823/837 778/1827/840
f 998/1824/838 765/1828/841 764/1825/839
f 763/1818/833 1007/1826/840 778/1827/840
f 765/1828/841 1000/1811/828 766/1813/828
f 1003/1829/49 572/1003/44 551/1005/44
f 319/1006/409 646/1143/506 1032/1830/842
f 1004/1831/52 1020/1832/49 1003/1829/49
f 1026/1833/843 813/1834/844 1030/1835/845
f 566/1015/62 998/1836/59 545/1016/62
f 1005/1837/57 1021/1838/52 1004/1831/52
f 1015/1839/59 999/1840/56 998/1836/59
f 1023/1841/60 1005/1837/57 1006/1842/60
f 1016/1843/56 1000/1844/51 999/1840/56
f 1024/1845/63 1006/1842/60 1007/1846/63
f 1017/1847/51 1001/1848/48 1000/1844/51
f 1014/1849/43 1007/1846/63 997/1850/43
f 1018/1851/48 1002/1852/42 1001/1848/48
f 1019/1853/42 997/1850/43 1002/1852/42
f 275/1035/62 714/1460/699 586/1036/62
f 594/1278/579 591/1854/846 606/1267/570
f 646/1145/508 1046/1855/847 1032/1856/848
f 1043/1857/849 1028/1858/850 1029/1859/851
f 1033/1860/852 715/1861/853 1008/1862/854
f 1044/1863/855 1026/1864/856 1030/1865/857
f 586/1274/577 717/1866/858 585/1867/859
f 1039/1868/860 1030/1865/857 1025/1869/861
f 1035/1870/862 1011/1871/863 1010/1872/864
f 1046/1855/847 1009/1873/865 1032/1856/848
f 1045/1874/866 1027/1875/867 1031/1876/868
f 1041/1877/869 1029/1859/851 1027/1875/867
f 1037/1878/870 1025/1869/861 1012/1879/871
f 1040/1880/872 1031/1876/868 1026/1864/856
f 1038/1881/873 1012/1879/871 1013/1882/874
f 1034/1883/875 1013/1882/874 1009/1873/865
f 599/1884/876 601/1276/579 594/1278/579
f 1042/1885/877 1010/1872/864 1028/1858/850
f 1036/1886/878 1008/1862/854 1011/1871/863
f 1051/1887/879 1068/1888/880 1053/1889/880
f 782/1394/654 1071/1890/881 1072/1891/882
f 774/1395/655 286/1077/452 652/1146/509
f 1056/1892/883 1064/1893/884 1049/1894/884
f 1057/1895/885 1071/1896/883 1056/1892/883
f 1055/1897/886 1074/1898/887 1070/1899/886
f 1054/1900/888 1074/1898/887 1059/1901/887
f 782/1394/654 1070/1902/889 1074/1418/668
f 1048/1903/890 1075/1904/891 1063/1905/890
f 782/1394/654 1074/1418/668 822/1420/670
f 1057/1895/885 1070/1899/886 1072/1906/885
f 814/1907/892 822/1420/670 1063/1908/893
f 1051/1887/879 1067/1909/894 1066/1910/879
f 774/1395/655 1076/1911/895 1062/1396/656
f 1050/1912/896 1062/1913/897 1047/1914/898
f 1054/1900/888 1073/1915/899 1069/1916/888
f 782/1394/654 1065/1917/900 1064/1918/901
f 1058/1919/899 1068/1888/880 1073/1915/899
f 1048/1903/890 1067/1909/894 1052/1920/894
f 716/1921/902 1060/1922/891 650/1279/580
f 651/1147/510 1076/1923/903 652/1924/904
f 1047/1914/898 1076/1923/903 1061/1925/903
f 1073/1926/905 1068/1927/906 822/1420/670
f 1049/1894/884 1065/1928/896 1050/1912/896
f 1066/1929/907 1067/1930/908 822/1420/670
f 1051/1931/909 1053/1932/910 645/1123/44
f 1068/1927/906 1066/1929/907 822/1420/670
f 1076/1911/895 774/1395/655 652/1146/509
f 1056/1933/911 1049/1934/912 645/1123/44
f 1057/1935/913 1056/1933/911 645/1123/44
f 330/1111/477 814/1907/892 716/1280/581
f 1059/1936/914 1055/1937/915 645/1123/44
f 1054/1938/916 1059/1936/914 645/1123/44
f 1069/1419/669 1073/1926/905 822/1420/670
f 1060/1939/917 1048/1940/918 645/1123/44
f 1055/1937/915 1057/1935/913 645/1123/44
f 1075/1941/919 814/1907/892 1063/1908/893
f 1052/1942/920 1051/1931/909 645/1123/44
f 782/1394/654 1062/1396/656 1065/1917/900
f 1050/1943/921 1047/1944/922 645/1123/44
f 1058/1945/923 1054/1938/916 645/1123/44
f 1067/1930/908 1063/1908/893 822/1420/670
f 1053/1932/910 1058/1945/923 645/1123/44
f 1048/1940/918 1052/1942/920 645/1123/44
f 1060/1939/917 645/1123/44 650/1150/511
f 1075/1941/919 716/1280/581 814/1907/892
f 1061/1946/924 651/1151/512 645/1123/44
f 1047/1944/922 1061/1946/924 645/1123/44
f 782/1394/654 1072/1891/882 1070/1902/889
f 1049/1934/912 1050/1943/921 645/1123/44
f 782/1394/654 1064/1918/901 1071/1890/881
f 1036/1947/925 1035/1948/926 1042/1949/925
f 597/1950/927 602/1951/928 598/1284/585
f 773/1952/929 1008/1953/930 764/1461/700
f 764/1461/700 1008/1953/930 715/1459/698
f 804/1954/931 1009/1955/932 813/1834/844
f 813/1834/844 1031/1956/933 773/1952/929
f 1026/1833/843 1031/1956/933 813/1834/844
f 1032/1830/842 804/1954/931 319/1006/409
f 1009/1955/932 804/1954/931 1032/1830/842
f 773/1952/929 1011/1957/934 1008/1953/930
f 773/1952/929 1010/1958/935 1011/1957/934
f 1013/1959/936 813/1834/844 1009/1955/932
f 1012/1960/937 813/1834/844 1013/1959/936
f 773/1952/929 1028/1961/938 1010/1958/935
f 773/1952/929 1029/1962/939 1028/1961/938
f 1025/1963/940 813/1834/844 1012/1960/937
f 1030/1835/845 813/1834/844 1025/1963/940
f 773/1952/929 1027/1964/941 1029/1962/939
f 773/1952/929 1031/1956/933 1027/1964/941
f 837/1965/942 1087/1966/943 838/1967/943
f 825/1968/944 1078/1969/945 824/1970/946
f 838/1967/943 1077/1971/947 823/1972/947
f 1091/1973/51 1079/1974/56 1080/1975/51
f 827/1976/948 1080/1977/949 826/1978/949
f 828/1979/950 1081/1980/948 827/1976/948
f 352/1182/536 1083/1981/951 834/1982/952
f 823/1972/947 1082/1983/950 828/1979/950
f 1083/1981/951 835/1984/953 834/1982/952
f 1106/1985/954 1096/1986/955 1095/1987/954
f 1085/1988/956 837/1965/942 836/1989/956
f 1078/1969/945 341/1192/542 824/1970/946
f 826/1978/949 1079/1990/957 825/1968/944
f 1090/1991/56 1078/1992/59 1079/1974/56
f 1085/1993/57 1097/1994/60 1086/1995/60
f 1091/1996/958 1101/1997/959 1090/1998/959
f 1086/1995/60 1098/1999/63 1087/2000/63
f 1092/2001/48 1080/1975/51 1081/2002/48
f 1098/1999/63 1077/2003/43 1087/2000/63
f 1082/2004/42 1092/2001/48 1081/2002/48
f 1077/2003/43 1093/2005/42 1082/2004/42
f 660/1214/44 1094/2006/49 1083/2007/49
f 1094/2006/49 1084/2008/52 1083/2007/49
f 1089/2009/59 654/1217/62 1078/1992/59
f 1099/2010/960 1093/2011/961 1088/2012/960
f 673/1223/549 1105/2013/962 1094/2014/962
f 1105/2013/962 1095/1987/954 1094/2014/962
f 1100/2015/963 667/1225/550 1089/2016/963
f 1090/1998/959 1100/2015/963 1089/2016/963
f 1096/1986/955 1108/2017/964 1097/2018/964
f 835/1984/953 1085/1988/956 836/1989/956
f 1108/2017/964 1098/2019/965 1097/2018/964
f 1103/2020/966 1091/1996/958 1092/2021/966
f 1098/2019/965 1099/2010/960 1088/2012/960
f 1093/2011/961 1103/2020/966 1092/2021/966
f 1112/2022/967 1121/2023/115 1124/2024/115
f 1107/2025/968 1119/2026/969 1108/2027/60
f 1101/2028/970 1102/2029/971 1126/2030/972
f 1108/2027/60 1120/2031/973 1109/2032/63
f 1114/2033/974 1102/2029/971 1103/2034/48
f 1106/2035/975 1117/2036/976 1122/2037/977
f 1109/2032/63 1110/2038/43 1099/2039/43
f 1115/2040/978 1103/2034/48 1104/2041/42
f 1110/2038/43 1104/2041/42 1099/2039/43
f 1095/2042/52 1085/1993/57 1084/2008/52
f 1125/2043/979 693/1262/62 711/2044/62
f 1112/2022/967 1101/2028/970 1126/2030/972
f 1127/2045/980 680/1264/62 1100/2046/59
f 1122/2037/977 1118/2047/981 1107/2025/968
f 1033/2048/846 1036/1947/925 649/1281/582
f 588/2049/982 717/2050/983 606/2051/984
f 600/1277/579 593/2052/985 594/1278/579
f 603/1285/586 599/1884/876 594/1278/579
f 1129/2053/986 693/1287/588 1111/2054/986
f 1130/2055/987 1111/2054/986 1112/2056/987
f 1113/2057/988 1140/2058/989 1126/2059/990
f 1126/2059/990 1130/2060/991 1112/2061/992
f 1114/2062/993 1131/2063/994 1113/2057/988
f 1115/2064/995 1132/2065/996 1114/2062/993
f 1110/2066/997 1133/2067/998 1115/2064/995
f 1116/2068/999 725/1304/603 1134/2069/999
f 1134/2069/999 1117/2070/1000 1116/2068/999
f 1139/2071/1001 1118/2072/1002 1122/2073/1003
f 1136/2074/1004 1119/2075/1005 1118/2072/1002
f 1135/2076/1006 1122/2073/1003 1117/2077/1007
f 1137/2078/1008 1120/2079/1009 1119/2075/1005
f 1138/2080/1010 1110/2066/997 1120/2079/1009
f 1128/2081/55 1146/2082/54 1133/2083/1011
f 1148/2084/1012 1139/2085/1013 1135/2086/1014
f 721/1325/618 720/2087/1015 1227/1326/619
f 1152/2088/1016 1136/2089/1017 1139/2085/1013
f 736/1331/624 721/1325/618 1226/1329/622
f 1149/2090/1018 1137/2091/1019 1136/2089/1017
f 1140/2092/1020 1143/2093/1021 1130/2094/1022
f 1150/2095/50 1138/2096/1023 1137/2091/1019
f 1132/2097/1024 1144/2098/1025 1131/2099/1026
f 1151/2100/53 1128/2081/55 1138/2096/1023
f 1133/2083/1011 1145/2101/58 1132/2097/1024
f 1131/2099/1026 1153/2102/1027 1140/2092/1020
f 1164/2103/122 1141/2104/122 1151/2105/122
f 1146/2106/122 1158/2107/122 1145/2108/122
f 1144/2109/122 1166/2110/122 1153/2111/122
f 1141/2104/122 1159/2112/122 1146/2106/122
f 1148/2113/122 1165/2114/122 1152/2115/122
f 740/1360/122 1160/2116/122 1147/2117/122
f 1147/2117/122 1161/2118/122 1148/2113/122
f 1155/2119/122 734/1362/122 1142/2120/122
f 1165/2114/122 1149/2121/122 1152/2115/122
f 1156/2122/122 1142/2120/122 1143/2123/122
f 1162/2124/122 1150/2125/122 1149/2121/122
f 1166/2110/122 1143/2123/122 1153/2111/122
f 1163/2126/122 1151/2105/122 1150/2125/122
f 1145/2108/122 1157/2127/122 1144/2109/122
f 752/2128/1028 1172/2129/1029 753/2130/1029
f 1159/2131/1030 1186/2132/1031 1158/2133/1031
f 753/2130/1029 1173/2134/1032 754/2135/1032
f 1154/2136/1033 1187/2137/1030 1159/2131/1030
f 1174/2138/1034 1160/2139/1035 755/2140/1034
f 754/2135/1032 1167/2141/1036 748/2142/1036
f 1160/2139/1035 1189/2143/1037 1161/2144/1037
f 1175/2145/1038 755/2140/1034 756/2146/1038
f 757/2147/1039 1175/2145/1038 756/2146/1038
f 1165/2148/1040 1190/2149/1041 1162/2150/1041
f 758/2151/1042 1180/2152/1043 761/2153/1043
f 1162/2150/1041 1191/2154/1044 1163/2155/1044
f 759/2156/1045 1177/2157/1042 758/2151/1042
f 1163/2155/1044 1192/2158/1046 1164/2159/1046
f 760/2160/1047 1178/2161/1045 759/2156/1045
f 1164/2159/1046 1182/2162/1033 1154/2136/1033
f 748/2163/1036 1179/2164/1047 760/2160/1047
f 1157/2165/1048 1194/2166/1049 1166/2167/1049
f 1161/2144/1037 1193/2168/1040 1165/2148/1040
f 762/2169/1050 1171/2170/1028 752/2128/1028
f 1155/2171/1051 1168/2172/1052 749/2173/1052
f 757/2147/1039 1180/2152/1043 1176/2174/1039
f 749/2173/1052 1169/2175/1053 750/2176/1053
f 1156/2177/1054 1183/2178/1051 1155/2171/1051
f 750/2176/1053 1170/2179/1055 751/2180/1055
f 1166/2167/1049 1184/2181/1054 1156/2177/1054
f 751/2180/1055 1181/2182/1050 762/2169/1050
f 1158/2133/1031 1185/2183/1048 1157/2165/1048
f 1185/2184/1056 1214/2185/1057 1213/2186/1058
f 1173/2187/1059 1200/2188/1060 1201/2189/1061
f 1186/2190/1062 1215/2191/1063 1214/2185/1057
f 1173/2187/1059 1195/2192/1064 1167/2193/1065
f 1187/2194/1066 1210/2195/1067 1215/2191/1063
f 1203/2196/1068 1174/2197/1069 1175/2198/1070
f 1174/2197/1069 1216/2199/1071 1188/2200/1072
f 1176/2201/1073 1203/2196/1068 1175/2198/1070
f 1188/2200/1072 1217/2202/1074 1189/2203/1075
f 1180/2204/1076 1205/2205/1077 1208/2206/1078
f 1190/2207/1079 1221/2208/1080 1218/2209/1081
f 1178/2210/1082 1205/2205/1077 1177/2211/1083
f 1191/2212/1084 1218/2209/1081 1219/2213/1085
f 1179/2214/1086 1206/2215/1087 1178/2210/1082
f 1192/2216/1088 1219/2213/1085 1220/2217/1089
f 1179/2214/1086 1195/2218/1064 1207/2219/1090
f 1182/2220/1091 1220/2217/1089 1210/2195/1067
f 1181/2221/1092 1199/2222/1093 1171/2223/1094
f 1185/2184/1056 1222/2224/1095 1194/2225/1096
f 1180/2204/1076 1204/2226/1097 1176/2201/1073
f 1169/2227/1098 1196/2228/1099 1197/2229/1100
f 1193/2230/1101 1217/2202/1074 1221/2208/1080
f 1168/2231/1102 1211/2232/1103 1196/2228/1099
f 1170/2233/1104 1197/2229/1100 1198/2234/1105
f 1184/2235/1106 1211/2232/1103 1183/2236/1107
f 1170/2233/1104 1209/2237/1108 1181/2221/1092
f 1184/2235/1106 1222/2224/1095 1212/2238/1109
f 1171/2223/1094 1200/2188/1060 1172/2239/1110
f 1198/2234/1105 1197/2229/1100 1223/2240/122
f 1211/2232/1103 1212/2238/1109 1223/2240/122
f 1209/2237/1108 1198/2234/1105 1223/2240/122
f 1212/2238/1109 1222/2224/1095 1223/2240/122
f 1200/2188/1060 1199/2222/1093 1223/2240/122
f 1213/2186/1058 1214/2185/1057 1223/2240/122
f 1201/2189/1061 1200/2188/1060 1223/2240/122
f 1214/2185/1057 1215/2191/1063 1223/2240/122
f 1195/2192/1064 1201/2189/1061 1223/2240/122
f 1215/2191/1063 1210/2195/1067 1223/2240/122
f 1203/2196/1068 1223/2240/122 1202/2241/1111
f 1202/2241/1111 1223/2240/122 1216/2199/1071
f 1203/2196/1068 1204/2226/1097 1223/2240/122
f 1217/2202/1074 1216/2199/1071 1223/2240/122
f 1208/2206/1078 1205/2205/1077 1223/2240/122
f 1218/2209/1081 1221/2208/1080 1223/2240/122
f 1205/2205/1077 1206/2215/1087 1223/2240/122
f 1219/2213/1085 1218/2209/1081 1223/2240/122
f 1206/2215/1087 1207/2219/1090 1223/2240/122
f 1220/2217/1089 1219/2213/1085 1223/2240/122
f 1207/2219/1090 1195/2218/1064 1223/2240/122
f 1210/2195/1067 1220/2217/1089 1223/2240/122
f 1199/2222/1093 1209/2237/1108 1223/2240/122
f 1222/2224/1095 1213/2186/1058 1223/2240/122
f 1204/2226/1097 1208/2206/1078 1223/2240/122
f 1197/2229/1100 1196/2228/1099 1223/2240/122
f 1221/2208/1080 1217/2202/1074 1223/2240/122
f 1196/2228/1099 1211/2232/1103 1223/2240/122
f 1236/2242/1112 711/2243/1113 709/2244/1114
f 1238/2245/1115 711/2243/1113 1237/2246/1116
f 1239/2247/1117 1125/2248/1118 1238/2245/1115
f 1240/2249/1119 1121/2250/1120 1239/2247/1117
f 1240/2249/1119 1123/2251/1121 1124/2252/1122
f 1241/2253/1123 1127/2254/1124 1123/2251/1121
f 1242/2255/1125 713/2256/1126 1127/2254/1124
f 1244/2257/1127 713/2258/1126 1243/2259/1128
f 1245/2260/1129 712/2261/1130 1244/2257/1127
f 1246/2262/1131 707/2263/1132 1245/2260/1129
f 1246/2262/1131 705/2264/1133 708/2265/1134
f 1247/2266/1135 709/2244/1114 705/2264/1133
f 1227/2267/1136 1247/2266/1135 1224/2268/1137
f 1224/2268/1137 1246/2262/1131 1226/2269/1138
f 1225/2270/1139 1246/2262/1131 1245/2260/1129
f 1229/2271/1140 1245/2260/1129 1244/2257/1127
f 1230/2272/1141 1244/2257/1127 1243/2259/1128
f 1230/2273/1141 1242/2255/1125 1235/2274/1142
f 1235/2274/1142 1241/2253/1123 1232/2275/1143
f 1232/2275/1143 1240/2249/1119 1233/2276/1144
f 1231/2277/1145 1240/2249/1119 1239/2247/1117
f 1234/2278/1146 1239/2247/1117 1238/2245/1115
f 1228/2279/1147 1238/2245/1115 1237/2246/1116
f 1228/2279/1147 1236/2242/1112 1227/2267/1136
f 1264/2280/1148 1253/2281/1149 1263/2282/1150
f 1265/2283/1151 1250/2284/1152 1264/2280/1148
f 1265/2283/1151 1251/2285/1153 1252/2286/1154
f 1266/2287/1155 1254/2288/1156 1251/2285/1153
f 1255/2289/1157 1263/2282/1150 1262/2290/1158
f 1267/2291/1159 1249/2292/1160 1254/2288/1156
f 1261/2293/1161 1266/2287/1155 1258/2294/1162
f 1258/2294/1162 1265/2283/1151 1259/2295/1163
f 1257/2296/1164 1265/2283/1151 1264/2280/1148
f 1260/2297/1165 1264/2280/1148 1263/2282/1150
f 1263/2282/1150 1248/2298/1166 1262/2290/1158
f 1256/2299/1167 1267/2291/1159 1261/2293/1161
f 1262/2290/1158 1272/2300/1168 1271/2301/1169
f 1271/2301/1169 1273/2302/1170 1270/2303/1171
f 1269/2304/1172 1273/2302/1170 1274/2305/1173
f 1268/2306/1174 1274/2305/1173 1249/2307/1160
f 1277/2308/1175 1268/2306/1174 1256/2309/1167
f 1277/2308/1175 1270/2303/1171 1269/2304/1172
f 1276/2310/1176 1271/2301/1169 1270/2303/1171
f 1275/2311/1177 1262/2290/1158 1271/2301/1169
f 1294/2312/1178 1283/2313/1179 1293/2314/1180
f 1295/2315/1181 1280/2316/1182 1294/2312/1178
f 1295/2315/1181 1281/2317/1183 1282/2318/1184
f 1296/2319/1185 1284/2320/1186 1281/2317/1183
f 1285/2321/1187 1293/2322/1180 1292/2323/1188
f 1297/2324/1189 1279/2325/1190 1284/2320/1186
f 1291/2326/1191 1296/2319/1185 1288/2327/1192
f 1288/2327/1192 1295/2315/1181 1289/2328/1193
f 1287/2329/1194 1295/2315/1181 1294/2312/1178
f 1290/2330/1195 1294/2312/1178 1293/2314/1180
f 1293/2322/1180 1278/2331/1196 1292/2323/1188
f 1286/2332/1197 1297/2324/1189 1291/2326/1191
f 1292/2323/1188 1302/2333/1198 1301/2334/1199
f 1301/2334/1199 1303/2335/1200 1300/2336/1201
f 1299/2337/1202 1303/2335/1200 1304/2338/1203
f 1298/2339/1204 1304/2338/1203 1279/2325/1190
f 1307/2340/1205 1298/2339/1204 1286/2332/1197
f 1307/2340/1205 1300/2336/1201 1299/2337/1202
f 1306/2341/1206 1301/2334/1199 1300/2336/1201
f 1305/2342/1207 1292/2323/1188 1301/2334/1199
f 727/1323/616 1259/2343/115 1257/2344/1208
f 1260/2345/1209 726/2346/1210 1257/2344/1208
f 726/2346/1210 727/1323/616 1257/2344/1208
f 727/1323/616 742/1322/615 1259/2343/115
f 742/1322/615 741/2347/1211 1258/2348/1212
f 1259/2343/115 742/1322/615 1258/2348/1212
f 741/2347/1211 1261/2349/1213 1258/2348/1212
f 1255/2350/1214 726/2346/1210 1260/2345/1209
f 726/2346/1210 1255/2350/1214 725/2351/1215
f 725/2351/1215 1307/2352/1216 1286/2353/1217
f 1307/2352/1216 1275/2354/1218 1306/2355/1219
f 725/2351/1215 1275/2354/1218 1307/2352/1216
f 1255/2350/1214 1275/2354/1218 725/2351/1215
f 1277/2356/1220 1305/2357/1221 1276/2358/1222
f 1147/2359/1223 1285/2360/1217 740/2361/1224
f 740/2361/1224 1256/2362/1214 741/2347/1211
f 1147/2359/1223 1290/2363/1225 1285/2360/1217
f 741/2347/1211 1256/2362/1214 1261/2349/1213
f 1256/2362/1214 740/2361/1224 1277/2356/1220
f 1285/2360/1217 1305/2357/1221 740/2361/1224
f 740/2361/1224 1305/2357/1221 1277/2356/1220
f 1275/2354/1218 1276/2358/1222 1306/2355/1219
f 1306/2355/1219 1276/2358/1222 1305/2357/1221
f 1291/2364/1226 1134/2365/1227 1286/2353/1217
f 725/2351/1215 1286/2353/1217 1134/2365/1227
f 1134/2365/1227 1288/2366/1228 1135/2086/1014
f 1291/2364/1226 1288/2366/1228 1134/2365/1227
f 1135/2086/1014 1288/2366/1228 1289/2367/1229
f 1148/2084/1012 1289/2367/1229 1287/2368/1230
f 1290/2363/1225 1147/2359/1223 1287/2368/1230
f 1147/2359/1223 1148/2084/1012 1287/2368/1230
f 1148/2084/1012 1135/2086/1014 1289/2367/1229
f 701/1306/604 706/2369/1231 727/2370/1232
f 701/2371/1233 1252/2372/95 1251/2373/1234
f 687/2374/1235 688/1253/566 1254/2375/1236
f 688/1253/566 701/2371/1233 1251/2373/1234
f 701/2371/1233 700/2376/1237 1250/2377/1238
f 701/2371/1233 1250/2377/1238 1252/2372/95
f 1251/2373/1234 1254/2375/1236 688/1253/566
f 1248/2378/1239 699/2379/1240 1304/2380/1241
f 699/2379/1240 1248/2378/1239 700/2376/1237
f 700/2376/1237 1253/2381/1242 1250/2377/1238
f 700/2376/1237 1248/2378/1239 1253/2381/1242
f 1279/2382/1243 699/2379/1240 1284/2383/1244
f 1248/2378/1239 1304/2380/1241 1303/2384/1245
f 1304/2380/1241 699/2379/1240 1279/2382/1243
f 1272/2385/1246 1303/2384/1245 1273/2386/1247
f 1278/2387/1248 1249/2388/1249 1274/2389/1250
f 1278/2387/1248 1274/2389/1250 1302/2390/1251
f 1274/2389/1250 1273/2386/1247 1302/2390/1251
f 1248/2378/1239 1303/2384/1245 1272/2385/1246
f 1303/2384/1245 1302/2390/1251 1273/2386/1247
f 1278/2387/1248 686/2391/1252 1249/2388/1249
f 687/2374/1235 1249/2388/1249 686/2391/1252
f 686/2391/1252 1278/2387/1248 1105/2392/1253
f 687/2374/1235 1254/2375/1236 1249/2388/1249
f 1105/2392/1253 1283/2393/1254 1106/2035/975
f 1106/2035/975 1283/2393/1254 1280/2394/1255
f 1283/2393/1254 1105/2392/1253 1278/2387/1248
f 1281/2395/1256 1116/2396/1257 1117/2036/976
f 1116/2396/1257 1284/2383/1244 699/2379/1240
f 1281/2395/1256 1117/2036/976 1282/2397/119
f 1116/2396/1257 1281/2395/1256 1284/2383/1244
f 1106/2035/975 1282/2397/119 1117/2036/976
f 1106/2035/975 1280/2394/1255 1282/2397/119
f 1042/1949/925 1043/2398/925 1036/1947/925
f 1043/2398/925 1041/2399/1258 1036/1947/925
f 1041/2399/1258 1045/2400/1259 1036/1947/925
f 1045/2400/1259 1040/2401/1260 1037/2402/1261
f 1040/2401/1260 1044/2403/1262 1039/2404/1263
f 1037/2402/1261 1040/2401/1260 1039/2404/1263
f 1037/2402/1261 1038/2405/1264 1046/1282/583
f 1038/2405/1264 1034/2406/1265 1046/1282/583
f 1037/2402/1261 1046/1282/583 1036/1947/925
f 647/1283/584 590/2407/1266 589/2408/1267
f 589/2408/1267 605/2409/1268 649/1281/582
f 605/2409/1268 592/2410/1269 596/2411/1270
f 589/2408/1267 649/1281/582 647/1283/584
f 596/2411/1270 595/1286/587 605/2409/1268
f 595/1286/587 597/1950/927 598/1284/585
f 603/1285/586 594/1278/579 595/1286/587
f 594/1278/579 606/1267/570 605/2409/1268
f 606/1267/570 604/1269/572 649/1281/582
f 604/1269/572 648/2412/1271 649/1281/582
f 1036/1947/925 1046/1282/583 649/1281/582
f 595/1286/587 594/1278/579 605/2409/1268
f 1037/2402/1261 1036/1947/925 1045/2400/1259
f 649/1281/582 605/2409/1268 606/1267/570
f 721/1325/618 1224/1324/617 1226/1329/622
f 1229/2413/1272 735/2414/1273 1225/1330/623
f 735/2414/1273 736/1331/624 1225/1330/623
f 1130/2094/1022 1233/2415/1274 1231/2416/1275
f 1234/2417/1276 1129/2418/1277 1231/2416/1275
f 1129/2418/1277 1130/2094/1022 1231/2416/1275
f 1130/2094/1022 1143/2093/1021 1233/2415/1274
f 1143/2093/1021 1142/2419/1278 1232/2420/1279
f 1142/2419/1278 1235/2421/1280 1232/2420/1279
f 1143/2093/1021 1232/2420/1279 1233/2415/1274
f 735/2414/1273 1230/2422/1281 734/2423/44
f 1142/2419/1278 1230/2422/1281 1235/2421/1280
f 1129/2418/1277 1228/2424/1282 719/2425/44
f 720/2087/1015 1228/2424/1282 1227/1326/619
f 695/1241/556 682/1245/560 707/2426/97
f 682/1245/560 681/1266/65 712/1265/569
f 695/1241/556 707/2426/97 708/1239/97
f 712/1265/569 707/2426/97 682/1245/560
f 709/1261/568 694/1263/65 695/1241/556
f 705/1240/97 709/1261/568 695/1241/556
f 1100/2046/59 1101/2028/970 1127/2045/980
f 1101/2028/970 1112/2022/967 1123/2427/115
f 1123/2427/115 1112/2022/967 1124/2024/115
f 1112/2022/967 1111/2428/59 1125/2043/979
f 1112/2022/967 1125/2043/979 1121/2023/115
f 1123/2427/115 1127/2045/980 1101/2028/970
f 696/2429/1283 683/1249/563 710/1246/561
f 683/1249/563 682/1245/560 710/1246/561
f 1102/2029/971 1113/2430/1284 1126/2030/972
f 706/1252/565 701/2371/1233 688/1253/566
f 1122/2037/977 1107/2025/968 1106/2035/975
f 33/18/18 57/2431/18 56/19/19
f 26/21/20 50/33/20 49/22/21
f 65/24/22 64/60/23 40/25/23
f 43/27/24 42/2432/25 18/28/25
f 58/30/26 57/2431/18 33/18/18
f 27/32/27 51/2433/27 50/33/20
f 42/34/25 65/24/22 41/26/22
f 44/36/28 43/27/24 19/29/24
f 59/38/29 58/30/26 34/31/26
f 52/40/30 51/2433/27 27/32/27
f 21/42/31 45/2434/31 44/36/28
f 36/43/32 60/49/32 59/38/29
f 53/44/33 52/40/30 28/41/30
f 46/46/34 45/2434/31 21/42/31
f 37/48/35 61/2435/35 60/49/32
f 54/50/36 53/44/33 29/45/33
f 23/52/37 47/2436/37 46/46/34
f 62/53/38 61/2435/35 37/48/35
f 55/55/39 54/50/36 30/51/36
f 48/57/40 47/2436/37 23/52/37
f 39/59/41 63/2437/41 62/53/38
f 56/19/19 55/55/39 31/56/39
f 49/22/21 48/57/40 24/58/40
f 64/60/23 63/2437/41 39/59/41
f 79/61/42 78/107/43 54/62/43
f 72/64/44 71/2438/45 47/65/45
f 87/67/46 86/108/47 62/68/47
f 80/70/48 79/61/42 55/63/42
f 73/72/49 72/64/44 48/66/44
f 88/74/50 87/67/46 63/69/46
f 81/76/51 80/70/48 56/71/48
f 74/78/52 73/72/49 49/73/49
f 89/80/53 88/74/50 64/75/50
f 67/82/54 66/2439/55 42/83/55
f 82/85/56 81/76/51 57/77/51
f 75/87/57 74/78/52 50/79/52
f 66/89/55 89/80/53 65/81/53
f 68/91/58 67/82/54 43/84/54
f 83/93/59 82/85/56 58/86/56
f 76/95/60 75/87/57 51/88/57
f 69/97/61 68/91/58 44/92/58
f 84/99/62 83/93/59 59/94/59
f 77/101/63 76/95/60 52/96/60
f 70/103/64 69/97/61 45/98/61
f 85/105/65 84/99/62 60/100/62
f 78/107/43 77/101/63 53/102/63
f 47/65/45 71/2438/45 70/103/64
f 86/108/47 85/105/65 61/106/65
f 92/109/66 91/148/67 67/110/67
f 107/112/68 106/2440/69 82/113/69
f 100/115/70 99/151/71 75/116/71
f 69/118/72 93/124/72 92/109/66
f 108/119/73 107/112/68 83/114/68
f 101/121/74 100/115/70 76/117/70
f 70/123/75 94/2441/75 93/124/72
f 85/125/76 109/2442/76 108/119/73
f 102/126/77 101/121/74 77/122/74
f 95/128/78 94/2441/75 70/123/75
f 110/130/79 109/2442/76 85/125/76
f 103/132/80 102/126/77 78/127/77
f 96/134/81 95/128/78 71/129/78
f 111/136/82 110/130/79 86/131/79
f 104/138/83 103/132/80 79/133/80
f 73/140/84 97/2443/84 96/134/81
f 112/141/85 111/136/82 87/137/82
f 81/143/86 105/150/86 104/138/83
f 98/144/87 97/2443/84 73/140/84
f 113/146/88 112/141/85 88/142/85
f 91/148/67 90/2444/89 66/149/89
f 82/113/69 106/2440/69 105/150/86
f 99/151/71 98/144/87 74/145/87
f 90/152/89 113/146/88 89/147/88
f 120/154/44 119/184/96 95/155/45
f 135/157/46 134/186/47 273/158/47
f 131/160/90 143/2445/115 130/161/56
f 121/163/91 120/154/44 96/156/44
f 136/165/50 135/157/46 272/159/46
f 129/167/51 128/195/48 270/168/48
f 141/170/92 124/187/60 265/171/60
f 115/173/94 114/2446/55 90/174/55
f 130/161/56 129/167/51 269/169/51
f 123/176/57 122/202/52 267/177/52
f 114/179/55 137/204/101 113/180/53
f 139/182/95 118/196/64 262/183/64
f 144/185/97 133/197/99 273/158/47
f 124/187/60 123/176/57 266/178/57
f 117/188/61 116/449/58 264/189/58
f 132/191/62 131/160/90 107/192/59
f 142/194/98 127/205/102 270/168/48
f 118/196/64 117/188/61 263/190/61
f 133/197/99 132/191/62 108/193/62
f 126/199/43 125/172/93 101/200/63
f 122/202/52 140/2447/119 121/163/91
f 145/203/100 136/165/50 271/166/50
f 127/205/102 126/199/43 102/201/43
f 131/207/53 180/291/53 160/208/53
f 142/210/49 156/234/49 176/211/49
f 140/213/54 151/245/54 171/214/54
f 153/216/2 152/2448/2 122/217/2
f 135/219/2 163/2449/2 162/220/2
f 154/222/2 153/216/2 123/218/2
f 164/224/2 163/2449/2 135/219/2
f 155/226/2 154/222/2 124/223/2
f 116/228/2 147/236/2 146/229/2
f 165/231/2 164/224/2 136/225/2
f 128/233/2 157/238/2 156/234/2
f 117/235/2 148/2450/2 147/236/2
f 129/237/2 158/2451/2 157/238/2
f 149/239/2 148/2450/2 117/235/2
f 159/241/2 158/2451/2 129/237/2
f 150/243/2 149/239/2 118/240/2
f 160/208/2 159/241/2 130/242/2
f 122/217/2 152/2448/2 151/245/2
f 134/221/2 162/220/2 161/246/2
f 174/248/103 173/282/120 153/249/46
f 184/251/104 183/283/121 163/252/57
f 175/254/105 174/248/103 154/250/50
f 167/256/106 166/403/164 146/257/98
f 185/259/107 184/251/104 164/253/60
f 177/261/108 176/392/153 156/262/109
f 168/264/110 167/256/106 147/258/48
f 178/266/111 177/261/108 157/263/58
f 169/268/112 168/264/110 148/265/51
f 179/270/113 178/266/111 158/267/61
f 170/272/114 169/268/112 149/269/56
f 180/274/116 179/270/113 159/271/64
f 152/276/47 172/387/148 171/277/117
f 182/279/118 181/398/159 161/280/119
f 173/282/120 172/387/148 152/276/47
f 183/283/121 182/279/118 162/281/52
f 170/284/2 119/435/2 120/285/2
f 120/285/2 121/215/2 171/214/2
f 175/287/2 125/290/2 126/288/2
f 125/290/59 175/287/59 155/226/59
f 126/288/2 127/212/2 176/211/2
f 180/291/2 131/207/2 132/292/2
f 132/292/2 133/295/2 181/294/2
f 144/247/42 161/246/42 181/294/42
f 185/296/2 137/299/2 114/297/2
f 137/299/45 185/296/45 165/231/45
f 138/230/65 146/229/65 166/300/65
f 166/300/2 186/2452/2 114/302/2
f 29/303/122 201/2453/122 202/304/122
f 194/306/122 195/2454/122 23/307/122
f 37/309/122 209/2455/122 210/310/122
f 202/304/122 203/2456/122 31/312/122
f 23/307/122 195/2454/122 196/313/122
f 210/310/122 211/319/122 39/315/122
f 31/312/122 203/2456/122 204/316/122
f 196/313/122 197/2457/122 25/318/122
f 211/319/122 212/324/122 40/320/122
f 204/316/122 205/2458/122 33/321/122
f 25/318/122 197/2457/122 198/322/122
f 212/324/122 213/2459/122 41/325/122
f 190/326/122 191/2460/122 19/327/122
f 33/321/122 205/2458/122 206/329/122
f 198/322/122 199/337/122 27/331/122
f 41/325/122 213/2459/122 190/332/122
f 19/327/122 191/2460/122 192/334/122
f 206/329/122 207/2461/122 35/336/122
f 199/337/122 200/342/122 28/338/122
f 192/334/122 193/2462/122 21/339/122
f 35/336/122 207/2461/122 208/340/122
f 200/342/122 201/2453/122 29/303/122
f 21/339/122 193/2462/122 194/306/122
f 208/340/122 209/2455/122 37/309/122
f 214/343/123 215/355/124 191/344/124
f 229/346/125 230/357/126 206/347/126
f 222/349/127 223/359/128 199/350/128
f 213/352/129 237/2463/129 214/353/123
f 215/355/124 216/361/130 192/356/130
f 230/357/126 231/363/131 207/358/131
f 223/359/128 224/365/132 200/360/132
f 216/361/130 217/2464/133 193/362/133
f 231/363/131 232/369/134 208/364/134
f 224/365/132 225/2465/135 201/366/135
f 193/362/133 217/2464/133 218/367/136
f 232/369/134 233/2466/137 209/370/137
f 201/366/135 225/2465/135 226/371/138
f 218/367/136 219/2467/139 195/373/139
f 209/370/137 233/2466/137 234/374/140
f 226/371/138 227/2468/141 203/376/141
f 195/373/139 219/2467/139 220/377/142
f 234/374/140 235/383/143 211/379/143
f 203/376/141 227/2468/141 228/380/144
f 220/377/142 221/2469/145 197/382/145
f 235/383/143 236/385/146 212/384/146
f 228/380/144 229/346/125 205/348/125
f 197/382/145 221/2469/145 222/349/127
f 236/385/146 237/2463/129 213/352/129
f 244/386/147 243/410/170 171/277/117
f 188/388/149 260/2470/149 247/389/150
f 173/282/120 245/2471/1285 244/386/147
f 246/390/151 245/2471/1285 173/282/120
f 248/391/152 260/2470/149 188/388/149
f 175/254/105 247/389/150 246/390/151
f 249/393/154 248/391/152 176/392/153
f 189/394/155 261/2472/155 252/395/156
f 178/266/111 250/2473/1286 249/393/154
f 251/396/157 250/2473/1286 178/266/111
f 253/397/158 261/2472/155 189/394/155
f 180/274/116 252/395/156 251/396/157
f 182/279/118 254/401/162 253/397/158
f 186/399/160 258/2474/160 257/400/161
f 183/283/121 255/2475/1287 254/401/162
f 239/402/163 238/407/168 166/403/164
f 256/404/165 255/2475/1287 183/283/121
f 187/405/166 259/2476/166 242/406/167
f 168/264/110 240/2477/1288 239/402/163
f 238/407/168 258/2478/160 186/408/160
f 257/400/161 256/404/165 184/251/104
f 241/409/169 240/2477/1288 168/264/110
f 243/410/170 259/2476/166 187/405/166
f 242/406/167 241/409/169 169/268/112
f 119/435/63 170/284/63 150/243/63
f 263/190/61 264/189/58 92/436/58
f 262/183/64 263/190/61 93/437/61
f 119/184/96 262/183/64 94/438/64
f 264/189/58 115/173/94 91/175/54
f 266/178/57 267/177/52 98/439/52
f 265/171/60 266/178/57 99/440/57
f 125/172/93 265/171/60 100/441/60
f 267/177/52 121/163/91 97/164/49
f 269/169/51 270/168/48 104/442/48
f 268/162/56 269/169/51 105/443/51
f 131/160/90 268/162/56 106/444/56
f 270/168/48 127/205/102 103/206/42
f 272/159/46 273/158/47 110/445/47
f 271/166/50 272/159/46 111/446/46
f 137/204/101 271/166/50 112/447/50
f 273/158/47 133/197/99 109/198/65
f 138/448/109 115/173/94 264/189/58
f 280/450/171 281/454/175 282/451/172
f 282/461/172 292/465/184 291/462/182
f 295/475/194 293/499/195 337/476/195
f 338/478/196 294/2479/196 292/479/197
f 292/481/198 282/2480/55 326/482/55
f 311/484/199 310/525/175 309/485/172
f 328/487/200 284/2481/200 283/488/201
f 326/490/55 282/2482/55 281/491/202
f 283/488/201 285/2483/203 329/493/203
f 281/494/204 284/2481/200 328/487/200
f 293/499/195 294/2479/196 338/478/196
f 326/500/208 325/504/212 324/501/209
f 335/511/219 336/515/221 326/512/208
f 309/539/172 299/535/184 300/538/236
f 353/544/240 304/569/244 296/545/241
f 361/547/194 296/2484/194 298/548/195
f 360/550/196 297/2485/196 299/551/197
f 299/553/198 309/2486/55 348/554/55
f 350/556/200 307/2487/200 308/557/201
f 306/559/242 315/592/265 342/560/243
f 348/562/55 309/2488/55 310/563/202
f 308/557/201 306/2489/203 351/565/203
f 310/566/204 307/2487/200 350/556/200
f 352/568/44 305/2490/44 304/569/244
f 298/548/195 297/2485/196 360/550/196
f 348/570/245 347/574/249 346/571/246
f 357/581/256 358/585/258 348/582/245
f 315/592/265 316/2491/62 341/593/62
f 332/594/266 333/597/267 372/595/267
f 333/597/267 334/602/269 373/598/269
f 319/599/270 363/2492/1289 364/600/271
f 334/602/269 335/607/273 374/603/273
f 321/604/274 320/601/272 364/600/271
f 318/606/276 362/2493/276 374/603/273
f 321/604/274 365/605/275 366/608/277
f 322/609/277 366/608/277 367/610/278
f 323/611/278 367/610/278 368/612/279
f 370/614/280 369/2494/1290 330/615/281
f 324/613/279 368/612/279 362/617/276
f 332/594/266 371/596/268 370/614/280
f 383/619/45 382/2495/44 369/620/44
f 371/622/64 384/627/64 383/619/45
f 363/623/62 376/2496/62 377/624/65
f 372/626/61 385/631/61 384/627/64
f 364/625/65 377/624/65 378/628/47
f 373/630/58 386/635/58 385/631/61
f 365/629/47 378/628/47 379/632/46
f 374/634/54 387/639/54 386/635/58
f 366/633/46 379/632/46 380/636/50
f 362/638/55 375/2497/55 387/639/54
f 367/637/50 380/636/50 381/640/53
f 368/641/53 381/640/53 375/642/55
f 387/644/283 400/651/283 399/645/284
f 379/647/285 392/668/285 393/648/286
f 387/644/283 375/2498/287 388/650/287
f 380/649/286 393/648/286 394/652/288
f 375/654/287 381/653/288 394/652/288
f 396/656/289 395/2499/290 382/657/290
f 384/659/291 397/664/291 396/656/289
f 376/660/292 389/2500/292 390/661/293
f 385/663/294 398/667/294 397/664/291
f 378/665/295 377/662/293 390/661/293
f 386/646/284 399/645/284 398/667/294
f 379/647/285 378/665/295 391/666/295
f 397/669/64 410/676/64 409/670/45
f 389/672/62 402/2501/62 403/673/65
f 398/675/61 411/680/61 410/676/64
f 390/674/65 403/673/65 404/677/47
f 399/679/58 412/684/58 411/680/61
f 391/678/47 404/677/47 405/681/46
f 400/683/54 413/688/54 412/684/58
f 392/682/46 405/681/46 406/685/50
f 400/683/54 388/2502/55 401/687/55
f 393/686/50 406/685/50 407/689/53
f 394/690/53 407/689/53 401/691/55
f 409/670/45 408/2503/44 395/693/44
f 413/694/296 426/701/296 425/695/297
f 405/697/298 418/718/298 419/698/299
f 401/700/300 414/2504/300 426/701/296
f 406/699/299 419/698/299 420/702/301
f 407/703/301 420/702/301 414/704/300
f 422/706/302 421/2505/303 408/707/303
f 410/709/304 423/714/304 422/706/302
f 402/710/305 415/2506/305 416/711/306
f 410/709/304 411/717/307 424/713/307
f 403/712/306 416/711/306 417/715/308
f 411/717/307 412/696/297 425/695/297
f 404/716/308 417/715/308 418/718/298
f 423/719/64 436/726/64 435/720/45
f 415/722/62 428/2507/62 429/723/65
f 424/725/61 437/730/61 436/726/64
f 416/724/65 429/723/65 430/727/47
f 425/729/58 438/734/58 437/730/61
f 417/728/47 430/727/47 431/731/46
f 426/733/54 439/738/54 438/734/58
f 418/732/46 431/731/46 432/735/50
f 414/737/55 427/2508/55 439/738/54
f 419/736/50 432/735/50 433/739/53
f 420/740/53 433/739/53 427/741/55
f 422/721/45 435/720/45 434/743/44
f 432/745/309 431/768/310 444/746/310
f 427/748/311 440/2509/311 452/749/312
f 433/751/313 432/745/309 445/747/309
f 433/751/313 446/752/313 440/753/311
f 448/755/314 447/2510/315 434/756/315
f 435/757/314 436/763/316 449/758/316
f 428/759/317 441/2511/317 442/760/318
f 437/762/319 450/767/319 449/758/316
f 430/764/320 429/761/318 442/760/318
f 438/766/321 451/769/321 450/767/319
f 431/768/310 430/764/320 443/765/320
f 439/750/312 452/749/312 451/769/321
f 461/770/322 454/1650/323 467/771/323
f 462/773/324 461/770/322 474/772/322
f 456/775/325 469/781/325 466/776/326
f 462/773/324 475/774/324 476/778/327
f 457/780/328 470/785/328 469/781/325
f 463/779/327 476/778/327 477/782/329
f 457/780/328 458/789/330 471/784/330
f 464/783/329 477/782/329 478/786/331
f 459/788/332 472/793/332 471/784/330
f 455/790/333 465/787/331 478/786/331
f 459/788/332 460/795/334 473/792/334
f 455/794/333 468/2512/333 473/792/334
f 469/796/65 470/799/47 443/797/47
f 470/799/47 471/801/46 444/800/46
f 471/801/46 472/803/50 445/802/50
f 472/803/50 473/805/53 446/804/53
f 473/805/53 468/2513/55 440/806/55
f 440/807/55 468/2514/55 478/808/54
f 478/808/54 477/811/58 451/810/58
f 477/811/58 476/813/61 450/812/61
f 476/813/61 475/815/64 449/814/64
f 475/815/64 474/817/45 448/816/45
f 474/817/45 467/1692/44 447/818/44
f 466/819/62 469/796/65 442/798/65
f 461/821/45 487/825/45 480/822/44
f 462/824/64 488/830/64 487/825/45
f 479/826/62 482/2515/65 456/827/65
f 463/829/61 489/834/61 488/830/64
f 456/827/65 482/2515/65 483/831/47
f 464/833/58 490/838/58 489/834/61
f 458/835/46 457/832/47 483/831/47
f 465/837/54 491/842/54 490/838/58
f 459/839/50 458/835/46 484/836/46
f 455/841/55 481/2516/55 491/842/54
f 459/839/50 485/840/50 486/843/53
f 455/845/55 460/844/53 486/843/53
f 487/847/335 500/851/335 493/848/336
f 488/850/337 501/856/337 500/851/335
f 492/852/338 495/2517/339 482/853/339
f 489/855/340 502/860/340 501/856/337
f 482/853/339 495/2517/339 496/857/341
f 490/859/342 503/864/342 502/860/340
f 484/861/343 483/858/341 496/857/341
f 490/859/342 491/867/346 504/863/344
f 484/861/343 497/862/343 498/865/345
f 491/867/346 481/2518/347 494/868/347
f 486/869/348 485/866/345 498/865/345
f 486/869/348 499/870/348 494/871/347
f 517/873/349 530/897/349 518/874/350
f 510/876/351 511/879/352 524/877/352
f 511/879/352 505/2519/350 518/880/350
f 525/881/353 526/2520/354 513/882/354
f 513/882/354 526/2520/354 527/884/355
f 507/886/356 520/892/356 519/887/357
f 514/885/355 527/884/355 528/889/358
f 507/886/356 508/896/359 521/891/359
f 515/890/358 528/889/358 529/893/360
f 509/895/361 522/898/361 521/891/359
f 516/894/360 529/893/360 530/897/349
f 510/876/351 523/878/351 522/898/361
f 500/899/45 526/903/45 525/900/44
f 501/902/64 527/905/64 526/903/45
f 502/904/61 528/907/61 527/905/64
f 502/904/61 503/909/58 529/906/58
f 504/908/54 530/911/54 529/906/58
f 504/908/54 494/2521/55 518/910/55
f 499/912/53 524/916/53 518/913/55
f 498/915/50 523/918/50 524/916/53
f 497/917/46 522/920/46 523/918/50
f 496/919/47 521/922/47 522/920/46
f 495/921/65 520/924/65 521/922/47
f 492/923/62 519/2522/62 520/924/65
f 312/925/229 538/939/370 539/926/362
f 314/928/230 540/950/377 541/929/363
f 303/931/232 534/935/367 533/932/365
f 303/931/232 304/937/369 535/934/366
f 305/936/368 536/1782/813 535/934/366
f 311/938/199 537/949/376 538/939/370
f 301/940/234 532/945/374 531/941/371
f 316/943/372 315/930/364 541/929/363
f 301/940/234 302/933/233 533/932/365
f 317/946/375 300/942/236 531/941/371
f 317/948/375 543/2523/375 537/949/376
f 314/928/230 313/927/228 539/926/362
f 512/951/378 513/954/379 535/952/379
f 513/954/379 514/956/380 534/955/380
f 514/956/380 515/958/381 533/957/381
f 515/958/381 516/960/382 532/959/382
f 516/960/382 517/963/383 531/961/383
f 505/962/384 543/2524/384 531/961/383
f 511/964/385 537/968/385 543/965/384
f 510/967/386 538/970/386 537/968/385
f 509/969/387 539/972/387 538/970/386
f 508/971/388 540/974/388 539/972/387
f 507/973/389 541/976/389 540/974/388
f 506/975/390 542/2525/390 541/976/389
f 278/977/391 279/981/392 549/978/392
f 280/980/393 550/986/393 549/978/392
f 286/982/394 551/1817/832 552/983/395
f 280/980/393 274/2526/397 544/985/397
f 288/987/398 287/984/396 552/983/395
f 288/987/398 553/988/399 554/989/400
f 290/991/401 289/990/400 554/989/400
f 275/993/402 276/999/407 546/994/403
f 291/996/405 290/991/401 555/992/401
f 277/998/406 547/1002/408 546/994/403
f 274/1000/397 291/996/405 556/997/405
f 277/998/406 278/977/391 548/979/391
f 572/1003/44 573/2527/45 552/1004/45
f 552/1004/45 573/2527/45 574/1009/64
f 546/1014/65 567/1020/65 566/1015/62
f 553/1010/64 574/1009/64 575/1017/61
f 547/1019/47 568/1024/47 567/1020/65
f 554/1018/61 575/1017/61 576/1021/58
f 548/1023/46 569/1028/46 568/1024/47
f 555/1022/58 576/1021/58 577/1025/54
f 549/1027/50 570/1032/50 569/1028/46
f 556/1026/54 577/1025/54 565/1029/55
f 550/1031/53 571/1034/53 570/1032/50
f 544/1033/55 565/2528/55 571/1034/53
f 585/543/239 276/542/238 275/1035/62
f 557/1038/415 587/1056/433 605/1039/416
f 581/1041/418 600/1069/445 601/1042/419
f 588/1044/421 606/2529/1291 591/1045/422
f 579/1047/424 598/1063/440 602/1048/425
f 583/1049/426 602/1048/425 597/1050/427
f 562/1052/429 594/1070/446 593/1053/430
f 560/1055/432 592/1066/443 605/1039/416
f 580/1057/434 599/1060/437 603/1058/435
f 582/1043/420 601/1042/419 599/1060/437
f 578/1051/428 597/1050/427 595/1061/438
f 584/1059/436 603/1058/435 598/1063/440
f 563/1062/439 595/1061/438 596/1064/441
f 564/1065/442 596/1064/441 592/1066/443
f 558/1067/444 557/1038/415 589/1040/417
f 561/1054/431 593/1053/430 600/1069/445
f 559/1046/423 591/1045/422 594/1070/446
f 634/1071/447 632/1096/448 613/1072/448
f 630/1078/453 637/1081/454 618/1079/454
f 637/1081/454 638/2530/455 619/1082/455
f 617/1084/457 636/1093/457 640/1085/458
f 621/1086/458 640/1085/458 635/1087/459
f 629/1090/461 641/2531/462 622/1091/462
f 619/1082/455 638/2530/455 636/1093/457
f 632/1096/448 633/1108/465 614/1097/465
f 628/1099/467 631/2532/468 612/1100/468
f 635/1087/459 639/2533/470 620/1102/470
f 620/1102/470 639/2533/470 634/1071/447
f 607/1105/473 627/1109/475 626/1106/474
f 633/1108/465 629/1090/461 610/1092/461
f 622/1091/462 641/2531/462 627/1109/475
f 625/1113/479 644/2534/1292 642/1114/480
f 642/1114/480 628/1099/467 609/1101/469
f 643/1118/483 644/2534/1292 625/1113/479
f 612/1100/468 631/2532/468 630/1078/453
f 558/1067/444 590/1068/444 647/1144/507
f 651/1147/510 652/1924/904 643/1148/483
f 356/1165/526 357/1171/527 665/1166/527
f 343/1168/528 342/1193/543 655/1169/529
f 357/1171/527 340/2535/531 653/1172/531
f 657/1173/46 656/1196/47 669/1174/47
f 345/1176/532 344/1194/533 657/1177/533
f 346/1179/534 345/1176/532 658/1178/532
f 661/1181/535 660/2536/1293 352/1182/536
f 340/1184/531 346/1179/534 659/1180/534
f 354/1186/538 662/1231/553 661/1181/535
f 675/1187/539 676/1229/540 689/1188/540
f 356/1165/526 664/1167/526 663/1190/541
f 341/1192/542 654/2537/1294 655/1169/529
f 344/1194/533 343/1168/528 656/1170/530
f 655/1195/65 668/1218/65 669/1174/47
f 664/1197/58 677/1204/58 676/1198/61
f 670/1200/544 669/1228/545 682/1201/545
f 665/1203/54 678/1208/54 677/1204/58
f 657/1173/46 670/1175/46 671/1205/50
f 665/1203/54 653/2538/55 666/1207/55
f 659/1209/53 658/1206/50 671/1205/50
f 659/1209/53 672/1210/53 666/1211/55
f 674/1213/45 673/2539/44 660/1214/44
f 662/1216/64 675/1260/64 674/1213/45
f 654/1217/62 667/2540/62 668/1218/65
f 672/1219/546 685/1238/546 679/1220/547
f 687/1222/548 686/2541/549 673/1223/549
f 675/1187/539 688/1189/539 687/1222/548
f 667/1225/550 680/2542/550 681/1226/551
f 669/1228/545 668/1227/551 681/1226/551
f 676/1229/540 677/1232/552 690/1230/552
f 355/1191/541 663/1190/541 662/1231/553
f 677/1232/552 678/1236/554 691/1233/554
f 670/1200/544 683/1202/544 684/1234/555
f 678/1236/554 666/2543/547 679/1237/547
f 672/1219/546 671/1235/555 684/1234/555
f 689/1242/557 690/1247/58 703/1243/558
f 690/1247/58 691/1254/54 704/1248/562
f 683/1249/563 696/2429/1283 697/1250/564
f 691/1254/54 679/2544/55 692/1255/55
f 684/1251/50 697/1250/564 698/1256/567
f 685/1257/53 698/1256/567 692/1258/55
f 663/1199/61 676/1198/61 675/1260/64
f 709/1261/568 711/2044/62 693/1262/62
f 680/1264/62 713/2545/62 712/1265/569
f 715/1270/573 649/2546/1295 648/1271/574
f 648/1273/576 604/2547/1296 586/1274/577
f 626/1106/474 716/1921/902 650/1279/580
f 693/1287/588 719/2548/588 720/1288/589
f 694/1289/589 720/1288/589 721/1290/590
f 696/1292/591 710/1295/594 732/1293/592
f 710/1295/594 695/2549/1297 721/1296/595
f 697/1297/596 696/1292/591 722/1294/593
f 698/1299/598 697/1297/596 723/1298/597
f 692/1301/600 698/1299/598 724/1300/599
f 700/1303/602 726/1307/602 725/1304/603
f 701/1306/604 727/2370/1232 726/1307/602
f 702/1308/605 728/1312/609 731/1309/606
f 703/1311/608 729/1315/612 728/1312/609
f 704/1314/611 730/1317/613 729/1315/612
f 692/1316/600 718/2550/601 730/1317/613
f 718/1318/43 724/1343/632 739/1319/63
f 731/1321/614 746/1328/621 742/1322/615
f 728/1327/620 743/1333/626 746/1328/621
f 729/1332/625 744/1337/48 743/1333/626
f 732/1334/627 721/1325/618 736/1331/624
f 730/1336/629 745/1342/42 744/1337/48
f 723/1338/630 722/1344/633 737/1339/631
f 718/1341/43 733/2551/43 745/1342/42
f 724/1343/632 723/1338/630 738/1340/60
f 722/1344/633 732/1334/627 747/1335/628
f 733/1345/122 748/2552/122 760/1346/122
f 739/1348/122 738/1373/122 753/1349/122
f 737/1351/122 747/1371/122 762/1352/122
f 733/1354/122 739/1348/122 754/1350/122
f 742/1356/122 746/1366/122 761/1357/122
f 756/1359/122 755/2553/122 740/1360/122
f 741/1361/122 742/1356/122 757/1358/122
f 734/1362/122 749/2554/122 750/1363/122
f 743/1365/122 758/1370/122 761/1357/122
f 735/1364/122 750/1363/122 751/1367/122
f 744/1369/122 759/1372/122 758/1370/122
f 736/1368/122 751/1367/122 762/1352/122
f 745/1347/122 760/1346/122 759/1372/122
f 738/1373/122 737/1351/122 752/1353/122
f 770/1374/634 769/1378/638 768/1375/635
f 778/1385/645 779/1387/647 770/1374/634
f 820/1397/657 780/1421/657 782/1398/658
f 821/1400/659 819/2555/660 779/1401/660
f 810/1403/43 770/1413/43 779/1404/661
f 795/1406/634 796/1445/638 797/1407/662
f 812/1409/663 811/1415/664 771/1410/664
f 810/1403/43 809/2556/665 769/1412/665
f 813/1414/666 773/2557/666 771/1410/664
f 812/1409/663 772/1411/663 769/1416/667
f 821/1400/659 781/1402/659 780/1421/657
f 808/1422/671 809/1426/675 810/1423/672
f 810/1423/672 819/1435/684 818/1433/682
f 787/1458/697 786/1455/647 795/1406/634
f 834/1462/701 842/2558/702 783/1463/702
f 840/1465/657 785/1486/657 783/1466/658
f 841/1468/659 839/2559/660 786/1469/660
f 830/1471/43 795/1481/43 786/1472/661
f 832/1474/663 831/1483/664 794/1475/664
f 824/1477/704 801/1507/726 792/1478/705
f 830/1471/43 829/2560/665 796/1480/665
f 833/1482/666 792/2561/666 794/1475/664
f 832/1474/663 793/1476/663 796/1484/667
f 791/1464/703 305/2490/44 352/568/44
f 841/1468/659 784/1470/659 785/1486/657
f 828/1487/706 829/1491/710 830/1488/707
f 830/1488/707 839/1500/719 838/1498/717
f 341/593/62 316/2491/62 801/1507/726
f 815/1508/727 850/2562/1298 851/1509/728
f 851/1509/728 852/2563/729 817/1511/729
f 844/1512/730 363/2492/1289 319/599/270
f 817/1511/729 852/2563/729 853/1514/732
f 805/1516/733 845/2564/1299 844/1512/730
f 853/1514/732 843/1526/734 803/1517/734
f 846/1518/735 845/2564/1299 805/1516/733
f 847/1520/736 846/1518/735 806/1519/735
f 848/1522/737 847/1520/736 807/1521/736
f 330/615/281 369/2494/1290 849/1524/738
f 843/1526/734 848/1522/737 808/1523/737
f 849/1524/738 850/2562/1298 815/1508/727
f 369/620/44 382/2495/44 860/1527/49
f 860/1527/49 861/1532/52 850/1529/52
f 855/1530/59 376/2496/62 363/623/62
f 861/1532/52 862/1536/57 851/1533/57
f 856/1534/56 855/1530/59 844/1531/59
f 862/1536/57 863/1540/60 852/1537/60
f 857/1538/51 856/1534/56 845/1535/56
f 863/1540/60 864/1544/63 853/1541/63
f 858/1542/48 857/1538/51 846/1539/51
f 864/1544/63 854/1548/43 843/1545/43
f 859/1546/42 858/1542/48 847/1543/48
f 854/1548/43 859/1546/42 848/1547/42
f 874/1549/740 875/2565/741 864/1550/741
f 869/1552/742 868/1566/743 857/1553/743
f 864/1550/741 875/2565/741 865/1555/744
f 859/1557/745 870/2566/745 869/1552/742
f 865/1555/744 870/2566/745 859/1557/745
f 382/657/290 395/2499/290 871/1558/746
f 871/1558/746 872/2567/747 861/1560/747
f 866/1561/748 389/2500/292 376/660/292
f 861/1560/747 872/2567/747 873/1563/749
f 856/1565/750 867/2568/750 866/1561/748
f 862/1564/749 873/1563/749 874/1549/740
f 868/1566/743 867/2568/750 856/1565/750
f 882/1567/49 883/1572/52 872/1568/52
f 877/1570/59 402/2501/62 389/672/62
f 883/1572/52 884/1576/57 873/1573/57
f 878/1574/56 877/1570/59 866/1571/59
f 884/1576/57 885/1579/60 874/1577/60
f 868/1578/51 879/1582/51 878/1574/56
f 885/1579/60 886/1583/63 875/1580/63
f 869/1581/48 880/2569/48 879/1582/51
f 886/1583/63 876/1587/43 865/1584/43
f 881/1585/42 880/2569/48 869/1581/48
f 876/1587/43 881/1585/42 870/1586/42
f 395/693/44 408/2503/44 882/1567/49
f 896/1588/751 897/1594/752 886/1589/752
f 880/1591/753 891/2570/753 890/1592/754
f 897/1594/752 887/1598/755 876/1595/755
f 892/1596/756 891/2570/753 880/1591/753
f 887/1598/755 892/1596/756 881/1597/756
f 408/707/303 421/2505/303 893/1599/757
f 882/1600/757 893/1599/757 894/1601/758
f 888/1603/759 415/2506/305 402/710/305
f 894/1601/758 895/2571/760 884/1605/760
f 878/1606/761 889/2572/761 888/1603/759
f 884/1605/760 895/2571/760 896/1588/751
f 890/1592/754 889/2572/761 878/1606/761
f 904/1607/49 905/1612/52 894/1608/52
f 899/1610/59 428/2507/62 415/722/62
f 905/1612/52 906/1616/57 895/1613/57
f 900/1614/56 899/1610/59 888/1611/59
f 906/1616/57 907/1620/60 896/1617/60
f 901/1618/51 900/1614/56 889/1615/56
f 907/1620/60 908/1624/63 897/1621/63
f 902/1622/48 901/1618/51 890/1619/51
f 908/1624/63 898/1628/43 887/1625/43
f 903/1626/42 902/1622/48 891/1623/48
f 898/1628/43 903/1626/42 892/1627/42
f 421/744/44 434/743/44 904/1607/49
f 902/1629/762 913/2573/762 912/1630/763
f 908/1632/764 919/2574/764 909/1633/765
f 914/1635/766 913/2573/762 902/1629/762
f 909/1633/765 914/1635/766 903/1636/766
f 434/756/315 447/2510/315 915/1637/767
f 904/1638/767 915/1637/767 916/1639/768
f 910/1641/769 441/2511/317 428/759/317
f 916/1639/768 917/1646/770 906/1643/770
f 911/1644/771 910/1641/769 899/1642/769
f 917/1646/770 918/1648/772 907/1647/772
f 901/1631/763 912/1630/763 911/1644/771
f 918/1648/772 919/2574/764 908/1632/764
f 937/1649/773 467/771/323 454/1650/323
f 938/1652/774 937/1649/773 926/1651/773
f 921/1654/775 453/777/326 466/776/326
f 939/1656/776 938/1652/774 927/1653/774
f 921/1654/775 932/1655/775 933/1658/777
f 940/1660/778 939/1656/776 928/1657/776
f 933/1658/777 934/1665/779 923/1662/779
f 941/1663/780 940/1660/778 929/1661/778
f 934/1665/779 935/2575/781 924/1666/781
f 931/1667/782 941/1663/780 930/1664/780
f 924/1666/781 935/2575/781 936/1669/783
f 936/1669/783 931/1667/782 920/1668/782
f 911/1671/56 933/1675/56 932/1672/59
f 912/1674/51 934/1677/51 933/1675/56
f 913/1676/48 935/1679/48 934/1677/51
f 914/1678/42 936/1681/42 935/1679/48
f 909/1680/43 931/1683/43 936/1681/42
f 919/1682/63 941/1685/63 931/1683/43
f 918/1684/60 940/1687/60 941/1685/63
f 917/1686/57 939/1689/57 940/1687/60
f 916/1688/52 938/1691/52 939/1689/57
f 915/1690/49 937/1693/49 938/1691/52
f 915/1690/49 447/818/44 467/1692/44
f 910/1673/59 932/1672/59 466/819/62
f 480/822/44 948/2576/49 926/1694/49
f 926/1694/49 948/2576/49 949/1695/52
f 921/1697/59 943/2577/59 479/826/62
f 949/1695/52 950/2578/57 928/1698/57
f 944/1699/56 943/2577/59 921/1697/59
f 928/1698/57 950/2578/57 951/1701/60
f 945/1703/51 944/1699/56 922/1700/56
f 951/1701/60 952/1708/63 930/1705/63
f 946/1706/48 945/1703/51 923/1704/51
f 952/1708/63 942/2579/43 920/1709/43
f 925/1710/42 947/1711/42 946/1706/48
f 920/1709/43 942/2579/43 947/1711/42
f 493/848/336 959/2580/784 948/1712/784
f 948/1712/784 959/2580/784 960/1713/785
f 943/1715/786 954/2581/786 492/852/338
f 949/1714/785 960/1713/785 961/1716/787
f 955/1718/788 954/2581/786 943/1715/786
f 950/1717/787 961/1716/787 962/1720/789
f 945/1722/790 956/2582/790 955/1718/788
f 951/1721/789 962/1720/789 963/1723/791
f 957/1725/793 956/2582/790 945/1722/790
f 952/1724/792 963/1723/791 953/1727/794
f 958/1729/795 957/1725/793 946/1726/793
f 953/1727/794 958/1729/795 947/1730/795
f 975/1731/796 985/1748/797 974/1732/797
f 979/1734/798 980/2583/799 969/1735/799
f 969/1735/799 980/2583/799 975/1731/796
f 970/1737/800 981/2584/800 525/881/353
f 982/1738/801 981/2584/800 970/1737/800
f 519/887/357 976/2585/802 965/1740/802
f 983/1741/803 982/1738/801 971/1739/801
f 965/1740/802 976/2585/802 977/1743/804
f 984/1745/805 983/1741/803 972/1742/803
f 977/1743/804 978/1749/806 967/1747/806
f 985/1748/797 984/1745/805 973/1746/805
f 978/1749/806 979/1734/798 968/1736/798
f 525/900/44 981/1751/49 959/1750/49
f 981/1751/49 982/2586/52 960/1752/52
f 960/1752/52 982/2586/52 983/1753/57
f 983/1753/57 984/1756/60 962/1755/60
f 984/1756/60 985/1758/63 963/1757/63
f 985/1758/63 975/1760/43 953/1759/43
f 975/1760/43 980/1762/42 958/1761/42
f 980/1762/42 979/1764/48 957/1763/48
f 979/1764/48 978/1766/51 956/1765/51
f 978/1766/51 977/1768/56 955/1767/56
f 977/1768/56 976/1770/59 954/1769/59
f 976/1770/59 519/2522/62 492/923/62
f 993/1771/807 992/2587/1300 798/1772/692
f 995/1774/808 994/2588/1301 800/1775/693
f 988/1777/810 989/2589/1302 790/1778/694
f 790/1778/694 989/2589/1302 990/1780/811
f 305/936/368 791/1781/812 990/1780/811
f 798/1772/692 992/2587/1300 991/1783/814
f 787/1785/697 986/2590/1303 987/1786/815
f 316/943/372 542/944/373 995/1774/808
f 987/1786/815 988/1777/810 789/1779/695
f 996/1788/816 986/2590/1303 787/1785/697
f 991/1783/814 996/1788/816 802/1789/816
f 800/1775/693 994/2588/1301 993/1771/807
f 512/951/378 536/953/378 990/1790/817
f 970/1791/817 990/1790/817 989/1792/818
f 971/1793/818 989/1792/818 988/1794/819
f 972/1795/819 988/1794/819 987/1796/820
f 973/1797/820 987/1796/820 986/1798/821
f 974/1799/821 986/1798/821 996/1800/822
f 996/1800/822 991/2591/823 969/1802/823
f 969/1802/823 991/2591/823 992/1803/824
f 992/1803/824 993/1806/825 967/1805/825
f 993/1806/825 994/1808/826 966/1807/826
f 994/1808/826 995/1810/827 965/1809/827
f 995/1810/827 542/2525/390 506/975/390
f 1000/1811/828 1001/2592/829 767/1812/829
f 767/1812/829 1001/2592/829 1002/1814/830
f 286/982/394 774/1820/835 1003/1816/831
f 1002/1814/830 997/2593/833 763/1818/833
f 775/1819/834 1004/2594/1304 1003/1816/831
f 1005/1821/836 1004/2594/1304 775/1819/834
f 777/1823/837 1006/2595/837 1005/1821/836
f 275/993/402 545/995/404 998/1824/838
f 1007/1826/840 1006/2595/837 777/1823/837
f 998/1824/838 999/2596/1305 765/1828/841
f 763/1818/833 997/2593/833 1007/1826/840
f 765/1828/841 999/2596/1305 1000/1811/828
f 1003/1829/49 1020/1832/49 572/1003/44
f 1004/1831/52 1021/1838/52 1020/1832/49
f 566/1015/62 1015/1839/59 998/1836/59
f 1005/1837/57 1022/2597/57 1021/1838/52
f 1015/1839/59 1016/1843/56 999/1840/56
f 1023/1841/60 1022/2597/57 1005/1837/57
f 1016/1843/56 1017/1847/51 1000/1844/51
f 1024/1845/63 1023/1841/60 1006/1842/60
f 1017/1847/51 1018/1851/48 1001/1848/48
f 1014/1849/43 1024/1845/63 1007/1846/63
f 1018/1851/48 1019/1853/42 1002/1852/42
f 1019/1853/42 1014/1849/43 997/1850/43
f 275/1035/62 764/1461/700 714/1460/699
f 646/1145/508 647/1144/507 1046/1855/847
f 1043/1857/849 1042/1885/877 1028/1858/850
f 1033/1860/852 649/2598/1306 715/1861/853
f 1044/1863/855 1040/1880/872 1026/1864/856
f 586/1274/577 604/2547/1296 717/1866/858
f 1039/1868/860 1044/1863/855 1030/1865/857
f 1035/1870/862 1036/1886/878 1011/1871/863
f 1046/1855/847 1034/1883/875 1009/1873/865
f 1045/1874/866 1041/1877/869 1027/1875/867
f 1041/1877/869 1043/1857/849 1029/1859/851
f 1037/1878/870 1039/1868/860 1025/1869/861
f 1040/1880/872 1045/1874/866 1031/1876/868
f 1038/1881/873 1037/1878/870 1012/1879/871
f 1034/1883/875 1038/1881/873 1013/1882/874
f 1042/1885/877 1035/1870/862 1010/1872/864
f 1036/1886/878 1033/1860/852 1008/1862/854
f 1051/1887/879 1066/1910/879 1068/1888/880
f 1056/1892/883 1071/1896/883 1064/1893/884
f 1057/1895/885 1072/1906/885 1071/1896/883
f 1055/1897/886 1059/1901/887 1074/1898/887
f 1054/1900/888 1069/1916/888 1074/1898/887
f 1048/1903/890 1060/1922/891 1075/1904/891
f 1057/1895/885 1055/1897/886 1070/1899/886
f 1051/1887/879 1052/1920/894 1067/1909/894
f 1050/1912/896 1065/1928/896 1062/1913/897
f 1054/1900/888 1058/1919/899 1073/1915/899
f 1058/1919/899 1053/1889/880 1068/1888/880
f 1048/1903/890 1063/1905/890 1067/1909/894
f 716/1921/902 1075/1904/891 1060/1922/891
f 651/1147/510 1061/1925/903 1076/1923/903
f 1047/1914/898 1062/1913/897 1076/1923/903
f 1049/1894/884 1064/1893/884 1065/1928/896
f 837/1965/942 1086/2599/942 1087/1966/943
f 825/1968/944 1079/1990/957 1078/1969/945
f 838/1967/943 1087/1966/943 1077/1971/947
f 1091/1973/51 1090/1991/56 1079/1974/56
f 827/1976/948 1081/1980/948 1080/1977/949
f 828/1979/950 1082/1983/950 1081/1980/948
f 352/1182/536 660/2536/1293 1083/1981/951
f 823/1972/947 1077/1971/947 1082/1983/950
f 1083/1981/951 1084/2600/1307 835/1984/953
f 1106/1985/954 1107/2601/955 1096/1986/955
f 1085/1988/956 1086/2599/942 837/1965/942
f 1078/1969/945 654/2537/1294 341/1192/542
f 826/1978/949 1080/1977/949 1079/1990/957
f 1090/1991/56 1089/2009/59 1078/1992/59
f 1085/1993/57 1096/2602/57 1097/1994/60
f 1091/1996/958 1102/2603/958 1101/1997/959
f 1086/1995/60 1097/1994/60 1098/1999/63
f 1092/2001/48 1091/1973/51 1080/1975/51
f 1098/1999/63 1088/2604/43 1077/2003/43
f 1082/2004/42 1093/2005/42 1092/2001/48
f 1077/2003/43 1088/2604/43 1093/2005/42
f 660/1214/44 673/2539/44 1094/2006/49
f 1094/2006/49 1095/2042/52 1084/2008/52
f 1089/2009/59 667/2540/62 654/1217/62
f 1099/2010/960 1104/2605/961 1093/2011/961
f 673/1223/549 686/2541/549 1105/2013/962
f 1105/2013/962 1106/1985/954 1095/1987/954
f 1100/2015/963 680/2542/550 667/1225/550
f 1090/1998/959 1101/1997/959 1100/2015/963
f 1096/1986/955 1107/2601/955 1108/2017/964
f 835/1984/953 1084/2600/1307 1085/1988/956
f 1108/2017/964 1109/2606/965 1098/2019/965
f 1103/2020/966 1102/2603/958 1091/1996/958
f 1098/2019/965 1109/2606/965 1099/2010/960
f 1093/2011/961 1104/2605/961 1103/2020/966
f 1107/2025/968 1118/2047/981 1119/2026/969
f 1108/2027/60 1119/2026/969 1120/2031/973
f 1114/2033/974 1113/2430/1284 1102/2029/971
f 1109/2032/63 1120/2031/973 1110/2038/43
f 1115/2040/978 1114/2033/974 1103/2034/48
f 1110/2038/43 1115/2040/978 1104/2041/42
f 1095/2042/52 1096/2602/57 1085/1993/57
f 1125/2043/979 1111/2428/59 693/1262/62
f 1127/2045/980 713/2545/62 680/1264/62
f 588/2049/982 585/2607/1308 717/2050/983
f 1129/2053/986 719/2548/588 693/1287/588
f 1130/2055/987 1129/2053/986 1111/2054/986
f 1113/2057/988 1131/2063/994 1140/2058/989
f 1126/2059/990 1140/2058/989 1130/2060/991
f 1114/2062/993 1132/2065/996 1131/2063/994
f 1115/2064/995 1133/2067/998 1132/2065/996
f 1110/2066/997 1128/2608/1309 1133/2067/998
f 1116/2068/999 699/1305/603 725/1304/603
f 1134/2069/999 1135/2609/1000 1117/2070/1000
f 1139/2071/1001 1136/2074/1004 1118/2072/1002
f 1136/2074/1004 1137/2078/1008 1119/2075/1005
f 1135/2076/1006 1139/2071/1001 1122/2073/1003
f 1137/2078/1008 1138/2080/1010 1120/2079/1009
f 1138/2080/1010 1128/2608/1309 1110/2066/997
f 1128/2081/55 1141/2610/55 1146/2082/54
f 1148/2084/1012 1152/2088/1016 1139/2085/1013
f 1152/2088/1016 1149/2090/1018 1136/2089/1017
f 1149/2090/1018 1150/2095/50 1137/2091/1019
f 1140/2092/1020 1153/2102/1027 1143/2093/1021
f 1150/2095/50 1151/2100/53 1138/2096/1023
f 1132/2097/1024 1145/2101/58 1144/2098/1025
f 1151/2100/53 1141/2610/55 1128/2081/55
f 1133/2083/1011 1146/2082/54 1145/2101/58
f 1131/2099/1026 1144/2098/1025 1153/2102/1027
f 1164/2103/122 1154/2611/122 1141/2104/122
f 1146/2106/122 1159/2112/122 1158/2107/122
f 1144/2109/122 1157/2127/122 1166/2110/122
f 1141/2104/122 1154/2611/122 1159/2112/122
f 1148/2113/122 1161/2118/122 1165/2114/122
f 740/1360/122 755/2553/122 1160/2116/122
f 1147/2117/122 1160/2116/122 1161/2118/122
f 1155/2119/122 749/2554/122 734/1362/122
f 1165/2114/122 1162/2124/122 1149/2121/122
f 1156/2122/122 1155/2119/122 1142/2120/122
f 1162/2124/122 1163/2126/122 1150/2125/122
f 1166/2110/122 1156/2122/122 1143/2123/122
f 1163/2126/122 1164/2103/122 1151/2105/122
f 1145/2108/122 1158/2107/122 1157/2127/122
f 752/2128/1028 1171/2170/1028 1172/2129/1029
f 1159/2131/1030 1187/2137/1030 1186/2132/1031
f 753/2130/1029 1172/2129/1029 1173/2134/1032
f 1154/2136/1033 1182/2162/1033 1187/2137/1030
f 1174/2138/1034 1188/2612/1035 1160/2139/1035
f 754/2135/1032 1173/2134/1032 1167/2141/1036
f 1160/2139/1035 1188/2612/1035 1189/2143/1037
f 1175/2145/1038 1174/2138/1034 755/2140/1034
f 757/2147/1039 1176/2174/1039 1175/2145/1038
f 1165/2148/1040 1193/2168/1040 1190/2149/1041
f 758/2151/1042 1177/2157/1042 1180/2152/1043
f 1162/2150/1041 1190/2149/1041 1191/2154/1044
f 759/2156/1045 1178/2161/1045 1177/2157/1042
f 1163/2155/1044 1191/2154/1044 1192/2158/1046
f 760/2160/1047 1179/2164/1047 1178/2161/1045
f 1164/2159/1046 1192/2158/1046 1182/2162/1033
f 748/2163/1036 1167/2613/1036 1179/2164/1047
f 1157/2165/1048 1185/2183/1048 1194/2166/1049
f 1161/2144/1037 1189/2143/1037 1193/2168/1040
f 762/2169/1050 1181/2182/1050 1171/2170/1028
f 1155/2171/1051 1183/2178/1051 1168/2172/1052
f 757/2147/1039 761/2153/1043 1180/2152/1043
f 749/2173/1052 1168/2172/1052 1169/2175/1053
f 1156/2177/1054 1184/2181/1054 1183/2178/1051
f 750/2176/1053 1169/2175/1053 1170/2179/1055
f 1166/2167/1049 1194/2166/1049 1184/2181/1054
f 751/2180/1055 1170/2179/1055 1181/2182/1050
f 1158/2133/1031 1186/2132/1031 1185/2183/1048
f 1185/2184/1056 1186/2190/1062 1214/2185/1057
f 1173/2187/1059 1172/2239/1110 1200/2188/1060
f 1186/2190/1062 1187/2194/1066 1215/2191/1063
f 1173/2187/1059 1201/2189/1061 1195/2192/1064
f 1187/2194/1066 1182/2220/1091 1210/2195/1067
f 1203/2196/1068 1202/2241/1111 1174/2197/1069
f 1174/2197/1069 1202/2241/1111 1216/2199/1071
f 1176/2201/1073 1204/2226/1097 1203/2196/1068
f 1188/2200/1072 1216/2199/1071 1217/2202/1074
f 1180/2204/1076 1177/2211/1083 1205/2205/1077
f 1190/2207/1079 1193/2230/1101 1221/2208/1080
f 1178/2210/1082 1206/2215/1087 1205/2205/1077
f 1191/2212/1084 1190/2207/1079 1218/2209/1081
f 1179/2214/1086 1207/2219/1090 1206/2215/1087
f 1192/2216/1088 1191/2212/1084 1219/2213/1085
f 1179/2214/1086 1167/2614/1065 1195/2218/1064
f 1182/2220/1091 1192/2216/1088 1220/2217/1089
f 1181/2221/1092 1209/2237/1108 1199/2222/1093
f 1185/2184/1056 1213/2186/1058 1222/2224/1095
f 1180/2204/1076 1208/2206/1078 1204/2226/1097
f 1169/2227/1098 1168/2231/1102 1196/2228/1099
f 1193/2230/1101 1189/2203/1075 1217/2202/1074
f 1168/2231/1102 1183/2236/1107 1211/2232/1103
f 1170/2233/1104 1169/2227/1098 1197/2229/1100
f 1184/2235/1106 1212/2238/1109 1211/2232/1103
f 1170/2233/1104 1198/2234/1105 1209/2237/1108
f 1184/2235/1106 1194/2225/1096 1222/2224/1095
f 1171/2223/1094 1199/2222/1093 1200/2188/1060
f 1236/2242/1112 1237/2246/1116 711/2243/1113
f 1238/2245/1115 1125/2248/1118 711/2243/1113
f 1239/2247/1117 1121/2250/1120 1125/2248/1118
f 1240/2249/1119 1124/2252/1122 1121/2250/1120
f 1240/2249/1119 1241/2253/1123 1123/2251/1121
f 1241/2253/1123 1242/2255/1125 1127/2254/1124
f 1242/2255/1125 1243/2615/1128 713/2256/1126
f 1244/2257/1127 712/2261/1130 713/2258/1126
f 1245/2260/1129 707/2263/1132 712/2261/1130
f 1246/2262/1131 708/2265/1134 707/2263/1132
f 1246/2262/1131 1247/2266/1135 705/2264/1133
f 1247/2266/1135 1236/2242/1112 709/2244/1114
f 1227/2267/1136 1236/2242/1112 1247/2266/1135
f 1224/2268/1137 1247/2266/1135 1246/2262/1131
f 1225/2270/1139 1226/2269/1138 1246/2262/1131
f 1229/2271/1140 1225/2270/1139 1245/2260/1129
f 1230/2272/1141 1229/2271/1140 1244/2257/1127
f 1230/2273/1141 1243/2615/1128 1242/2255/1125
f 1235/2274/1142 1242/2255/1125 1241/2253/1123
f 1232/2275/1143 1241/2253/1123 1240/2249/1119
f 1231/2277/1145 1233/2276/1144 1240/2249/1119
f 1234/2278/1146 1231/2277/1145 1239/2247/1117
f 1228/2279/1147 1234/2278/1146 1238/2245/1115
f 1228/2279/1147 1237/2246/1116 1236/2242/1112
f 1264/2280/1148 1250/2284/1152 1253/2281/1149
f 1265/2283/1151 1252/2286/1154 1250/2284/1152
f 1265/2283/1151 1266/2287/1155 1251/2285/1153
f 1266/2287/1155 1267/2291/1159 1254/2288/1156
f 1255/2289/1157 1260/2297/1165 1263/2282/1150
f 1267/2291/1159 1268/2616/1174 1249/2292/1160
f 1261/2293/1161 1267/2291/1159 1266/2287/1155
f 1258/2294/1162 1266/2287/1155 1265/2283/1151
f 1257/2296/1164 1259/2295/1163 1265/2283/1151
f 1260/2297/1165 1257/2296/1164 1264/2280/1148
f 1263/2282/1150 1253/2281/1149 1248/2298/1166
f 1256/2299/1167 1268/2616/1174 1267/2291/1159
f 1262/2290/1158 1248/2298/1166 1272/2300/1168
f 1271/2301/1169 1272/2300/1168 1273/2302/1170
f 1269/2304/1172 1270/2303/1171 1273/2302/1170
f 1268/2306/1174 1269/2304/1172 1274/2305/1173
f 1277/2308/1175 1269/2304/1172 1268/2306/1174
f 1277/2308/1175 1276/2310/1176 1270/2303/1171
f 1276/2310/1176 1275/2311/1177 1271/2301/1169
f 1275/2311/1177 1255/2289/1157 1262/2290/1158
f 1294/2312/1178 1280/2316/1182 1283/2313/1179
f 1295/2315/1181 1282/2318/1184 1280/2316/1182
f 1295/2315/1181 1296/2319/1185 1281/2317/1183
f 1296/2319/1185 1297/2324/1189 1284/2320/1186
f 1285/2321/1187 1290/2617/1195 1293/2322/1180
f 1297/2324/1189 1298/2339/1204 1279/2325/1190
f 1291/2326/1191 1297/2324/1189 1296/2319/1185
f 1288/2327/1192 1296/2319/1185 1295/2315/1181
f 1287/2329/1194 1289/2328/1193 1295/2315/1181
f 1290/2330/1195 1287/2329/1194 1294/2312/1178
f 1293/2322/1180 1283/2618/1179 1278/2331/1196
f 1286/2332/1197 1298/2339/1204 1297/2324/1189
f 1292/2323/1188 1278/2331/1196 1302/2333/1198
f 1301/2334/1199 1302/2333/1198 1303/2335/1200
f 1299/2337/1202 1300/2336/1201 1303/2335/1200
f 1298/2339/1204 1299/2337/1202 1304/2338/1203
f 1307/2340/1205 1299/2337/1202 1298/2339/1204
f 1307/2340/1205 1306/2341/1206 1300/2336/1201
f 1306/2341/1206 1305/2342/1207 1301/2334/1199
f 1305/2342/1207 1285/2321/1187 1292/2323/1188
f 735/2414/1273 1229/2413/1272 1230/2422/1281
f 1142/2419/1278 734/2423/44 1230/2422/1281
f 1129/2418/1277 1234/2417/1276 1228/2424/1282
f 720/2087/1015 719/2425/44 1228/2424/1282
