mtllib traffic cone.mtl
o cone2456
usemtl cone_mat
v 0.03997195290750663 -0.08211440881458643 -0.2821771755727802
v 0.03997195290750663 -0.08211440881458643 -0.2821771755727802
v 0.03997195290750663 -0.08211440881458643 -0.2821771755727802
v 0.040221053559339734 -0.09071745676795828 -0.28917144772209724
v 0.040221053559339734 -0.09071745676795828 -0.28917144772209724
v 0.040221053559339734 -0.09071745676795828 -0.28917144772209724
v 0.04034854443250893 0.848642783485225 0.006170727382210028
v 0.0408162397031899 0.8665665346147797 -0.01076756183468186
v 0.0408162397031899 0.8665665346147797 -0.01076756183468186
v 0.04108380024718708 0.24803768141268812 -0.2091809575203598
v 0.0413788393232182 0.10861603863663305 -0.23223283600629152
v 0.04140366376081947 -0.0731702073597198 0.20659963419070948
v 0.04140366376081947 -0.0731702073597198 0.20659963419070948
v 0.04222965898808709 0.20124400878563264 -0.2288425337468052
v 0.042698438882562334 -0.08115402120781212 -0.2874508053740161
v 0.042698438882562334 -0.08115402120781212 -0.2874508053740161
v 0.042698438882562334 -0.08115402120781212 -0.2874508053740161
v 0.04405876348294402 0.3360491055602495 -0.19362576046479596
v 0.04410304414505578 -0.08168704377443703 0.18844571760959639
v 0.04410304414505578 -0.08168704377443703 0.18844571760959639
v 0.04410304414505578 -0.08168704377443703 0.18844571760959639
v 0.04410304414505578 -0.08168704377443703 0.18844571760959639
v 0.04439950472503007 0.04101157061621663 0.15917174838965487
v 0.04461128647796636 0.8968265166674065 -0.0017256130225815625
v 0.045113172757239084 0.897068593903235 -0.01225937880693495
v 0.045113172757239084 0.897068593903235 -0.01225937880693495
v 0.045113172757239084 0.897068593903235 -0.01225937880693495
v 0.045113172757239084 0.897068593903235 -0.01225937880693495
v 0.04515536373875878 0.8501046572097692 -0.10251809506461784
v 0.04532109760471387 -0.09076951126521848 0.18801208399297487
v 0.04532109760471387 -0.09076951126521848 0.18801208399297487
v 0.04532109760471387 -0.09076951126521848 0.18801208399297487
v 0.04533680766613224 -0.07498979196589417 0.1718611488266042
v 0.04533680766613224 -0.07498979196589417 0.1718611488266042
v 0.04533680766613224 -0.07498979196589417 0.1718611488266042
v 0.04533680766613224 -0.07498979196589417 0.1718611488266042
v 0.04533680766613224 -0.07498979196589417 0.1718611488266042
v 0.04533680766613224 -0.07498979196589417 0.1718611488266042
v 0.04533680766613224 -0.07498979196589417 0.1718611488266042
v 0.045652698878893005 -0.09050462296251283 -0.28359505014417685
v 0.045652698878893005 -0.09050462296251283 -0.28359505014417685
v 0.045652698878893005 -0.09050462296251283 -0.28359505014417685
v 0.045652698878893005 -0.09050462296251283 -0.28359505014417685
v 0.046036471906958754 0.2168814120423903 0.11736661189706155
v 0.046153037556818766 0.5027323928357168 -0.1730974530353997
v 0.047151508440755885 -0.07481650528422534 -0.2692976332794199
v 0.047151508440755885 -0.07481650528422534 -0.2692976332794199
v 0.047151508440755885 -0.07481650528422534 -0.2692976332794199
v 0.047151508440755885 -0.07481650528422534 -0.2692976332794199
v 0.047151508440755885 -0.07481650528422534 -0.2692976332794199
v 0.04760226245544119 0.8664430391913598 -0.09605038333895921
v 0.047810365979680025 0.34196264385733866 0.10675586248443025
v 0.048066569847166285 0.4107180066046377 0.09363465986769093
v 0.0482350759947886 -0.07545604898168534 0.2023017730876866
v 0.0482350759947886 -0.07545604898168534 0.2023017730876866
v 0.0482350759947886 -0.07545604898168534 0.2023017730876866
v 0.048679312960626775 0.9003231018220426 -0.017124125445802996
v 0.048679312960626775 0.9003231018220426 -0.017124125445802996
v 0.048679312960626775 0.9003231018220426 -0.017124125445802996
v 0.048679312960626775 0.9003231018220426 -0.017124125445802996
v 0.048679312960626775 0.9003231018220426 -0.017124125445802996
v 0.049093439169289765 0.8967307757013359 -0.08403023533392595
v 0.049093439169289765 0.8967307757013359 -0.08403023533392595
v 0.04919647331140142 0.8671529219749345 -0.0845338581279993
v 0.04933654193529524 0.7278832586764352 -0.11619201563878612
v 0.04964143429037726 -0.08834766684634943 0.17782802958262778
v 0.04964143429037726 -0.08834766684634943 0.17782802958262778
v 0.04964143429037726 -0.08834766684634943 0.17782802958262778
v 0.04964143429037726 -0.08834766684634943 0.17782802958262778
v 0.049822363126141855 0.6268044136181139 -0.1367435808269697
v 0.049841956150049826 -0.08706143238086739 -0.29599319256599266
v 0.049841956150049826 -0.08706143238086739 -0.29599319256599266
v 0.049841956150049826 -0.08706143238086739 -0.29599319256599266
v 0.04992239884880678 0.8975487877066222 -0.09451084105854157
v 0.04992239884880678 0.8975487877066222 -0.09451084105854157
v 0.05027135456899845 -0.08628603478380725 0.19940566097810475
v 0.05027135456899845 -0.08628603478380725 0.19940566097810475
v 0.05027135456899845 -0.08628603478380725 0.19940566097810475
v 0.05116104294430546 0.5284512751505259 0.05954243346942789
v 0.05116104294430546 0.5284512751505259 0.05954243346942789
v 0.05126043282491699 -0.07497219230463514 -0.297954974096891
v 0.05126043282491699 -0.07497219230463514 -0.297954974096891
v 0.05126043282491699 -0.07497219230463514 -0.297954974096891
v 0.05126043282491699 -0.07497219230463514 -0.297954974096891
v 0.05134451513213334 0.6953737063849452 0.03718668710110418
v 0.051539089475144184 0.40392513341317093 0.08370600900182446
v 0.051539089475144184 0.40392513341317093 0.08370600900182446
v 0.051686526654338816 0.7702391811839462 0.01053795601644314
v 0.051686526654338816 0.7702391811839462 0.01053795601644314
v 0.05188530734617003 0.699619870344236 -0.13321469984723144
v 0.05275406727487941 -0.07094556252944173 0.22215600753497
v 0.05275406727487941 -0.07094556252944173 0.22215600753497
v 0.05275406727487941 -0.07094556252944173 0.22215600753497
v 0.05297327760734194 0.3166581501826897 0.09976494052443918
v 0.05297327760734194 0.3166581501826897 0.09976494052443918
v 0.05377377370610237 -0.07076247840521077 -0.3188381038002319
v 0.05377377370610237 -0.07076247840521077 -0.3188381038002319
v 0.05377377370610237 -0.07076247840521077 -0.3188381038002319
v 0.05391779276157638 0.9068021893016791 -0.019680576749356415
v 0.05391779276157638 0.9068021893016791 -0.019680576749356415
v 0.05391779276157638 0.9068021893016791 -0.019680576749356415
v 0.05407722268794979 0.6319637051800875 0.03844323888915824
v 0.05407722268794979 0.6319637051800875 0.03844323888915824
v 0.05408105586290357 -0.08785702045226529 -0.27677568765713545
v 0.05408105586290357 -0.08785702045226529 -0.27677568765713545
v 0.05408105586290357 -0.08785702045226529 -0.27677568765713545
v 0.05408105586290357 -0.08785702045226529 -0.27677568765713545
v 0.05408105586290357 -0.08785702045226529 -0.27677568765713545
v 0.05429131560621692 -0.07664284982797298 -0.2778786742113528
v 0.05429131560621692 -0.07664284982797298 -0.2778786742113528
v 0.05429131560621692 -0.07664284982797298 -0.2778786742113528
v 0.05429131560621692 -0.07664284982797298 -0.2778786742113528
v 0.0544090868589302 0.12546445344120727 -0.24163668343667943
v 0.05480387316910096 -0.062137036297411186 0.21916900851140753
v 0.05480387316910096 -0.062137036297411186 0.21916900851140753
v 0.05480387316910096 -0.062137036297411186 0.21916900851140753
v 0.05497384781637782 -0.08981510933003989 -0.2887441869100602
v 0.05497384781637782 -0.08981510933003989 -0.2887441869100602
v 0.05497384781637782 -0.08981510933003989 -0.2887441869100602
v 0.05507513986003998 0.9054748294010047 -0.08866351739226364
v 0.05507513986003998 0.9054748294010047 -0.08866351739226364
v 0.05507513986003998 0.9054748294010047 -0.08866351739226364
v 0.055090714517973094 -0.08945587969591529 0.19263098257180644
v 0.055090714517973094 -0.08945587969591529 0.19263098257180644
v 0.055090714517973094 -0.08945587969591529 0.19263098257180644
v 0.055090714517973094 -0.08945587969591529 0.19263098257180644
v 0.05519228853590352 0.21282524104220713 0.12925577866674764
v 0.055276248002844586 0.8486606809410908 -0.006669442741705112
v 0.055276248002844586 0.8486606809410908 -0.006669442741705112
v 0.05529234007890693 -0.0871541358419492 0.18295911999534198
v 0.05529234007890693 -0.0871541358419492 0.18295911999534198
v 0.05529234007890693 -0.0871541358419492 0.18295911999534198
v 0.05529234007890693 -0.0871541358419492 0.18295911999534198
v 0.055342170422697956 0.9027715690787552 -0.07571612632018754
v 0.055342170422697956 0.9027715690787552 -0.07571612632018754
v 0.055342170422697956 0.9027715690787552 -0.07571612632018754
v 0.055342170422697956 0.9027715690787552 -0.07571612632018754
v 0.05552349755874908 -0.061904428930077415 -0.317383079351643
v 0.05552349755874908 -0.061904428930077415 -0.317383079351643
v 0.05552349755874908 -0.061904428930077415 -0.317383079351643
v 0.05558617587860515 -0.07729972517154593 0.18949469911187933
v 0.05558617587860515 -0.07729972517154593 0.18949469911187933
v 0.05558617587860515 -0.07729972517154593 0.18949469911187933
v 0.05558617587860515 -0.07729972517154593 0.18949469911187933
v 0.05558617587860515 -0.07729972517154593 0.18949469911187933
v 0.05558617587860515 -0.07729972517154593 0.18949469911187933
v 0.056087769946919996 0.2654590381509223 0.120490075299168
v 0.05668687313678311 0.8457525974883175 -0.08957670083143521
v 0.05719270891702788 0.7004313904270951 0.03456157552853156
v 0.057203660313691174 0.7826646313712011 -0.11439186957556746
v 0.05740469400784409 0.26561770311739963 -0.21716027466989019
v 0.057542070382371246 0.9068227073500843 -0.010193410110431955
v 0.057542070382371246 0.9068227073500843 -0.010193410110431955
v 0.057542070382371246 0.9068227073500843 -0.010193410110431955
v 0.05779746648198669 0.5229619973848108 -0.15647656075524896
v 0.057964577647998006 0.8657495351111564 -0.01568354403564154
v 0.058309453582077175 -0.07166488540205052 -0.2985131156385954
v 0.058309453582077175 -0.07166488540205052 -0.2985131156385954
v 0.058309453582077175 -0.07166488540205052 -0.2985131156385954
v 0.058309453582077175 -0.07166488540205052 -0.2985131156385954
v 0.05878164787784046 0.8523938936902518 0.0019928216692193246
v 0.05878164787784046 0.8523938936902518 0.0019928216692193246
v 0.058960901618942074 -0.07132045615988147 0.19925019730365
v 0.058960901618942074 -0.07132045615988147 0.19925019730365
v 0.058960901618942074 -0.07132045615988147 0.19925019730365
v 0.058960901618942074 -0.07132045615988147 0.19925019730365
v 0.05916562424378613 -0.062432627224072945 0.20325590700771912
v 0.05916562424378613 -0.062432627224072945 0.20325590700771912
v 0.059530824659776105 -0.062485307090007325 -0.2995147775778655
v 0.059530824659776105 -0.062485307090007325 -0.2995147775778655
v 0.05969418547495864 0.867036633180998 -0.0047905895639219764
v 0.05969418547495864 0.867036633180998 -0.0047905895639219764
v 0.059805562519100075 -0.07097549088742028 0.18117762331937115
v 0.059805562519100075 -0.07097549088742028 0.18117762331937115
v 0.059805562519100075 -0.07097549088742028 0.18117762331937115
v 0.059805562519100075 -0.07097549088742028 0.18117762331937115
v 0.060041294868588446 0.3315593605023661 -0.20437861746376917
v 0.06081471213151368 -0.07064282453221793 -0.2755520049488016
v 0.06081471213151368 -0.07064282453221793 -0.2755520049488016
v 0.06081471213151368 -0.07064282453221793 -0.2755520049488016
v 0.06081471213151368 -0.07064282453221793 -0.2755520049488016
v 0.06081471213151368 -0.07064282453221793 -0.2755520049488016
v 0.061149913463306005 -0.0710234358191073 -0.26324250109168545
v 0.061149913463306005 -0.0710234358191073 -0.26324250109168545
v 0.061149913463306005 -0.0710234358191073 -0.26324250109168545
v 0.06125107801365215 -0.06308512498692664 0.1806561551834882
v 0.06125107801365215 -0.06308512498692664 0.1806561551834882
v 0.06125107801365215 -0.06308512498692664 0.1806561551834882
v 0.06125107801365215 -0.06308512498692664 0.1806561551834882
v 0.06169308338115598 0.09102754467535945 0.1369539032588527
v 0.06169308338115598 0.09102754467535945 0.1369539032588527
v 0.06177601731792004 -0.06318080639407597 -0.27776499112022535
v 0.06177601731792004 -0.06318080639407597 -0.27776499112022535
v 0.06177601731792004 -0.06318080639407597 -0.27776499112022535
v 0.061948462729824794 0.8962346201070268 -0.01846995419574493
v 0.061948462729824794 0.8962346201070268 -0.01846995419574493
v 0.06255929158232876 0.09408535925640749 0.14887538074337137
v 0.06307754167524249 -0.07107584766989561 0.17771431671203963
v 0.06307754167524249 -0.07107584766989561 0.17771431671203963
v 0.06307754167524249 -0.07107584766989561 0.17771431671203963
v 0.06307754167524249 -0.07107584766989561 0.17771431671203963
v 0.06307754167524249 -0.07107584766989561 0.17771431671203963
v 0.06314674914185159 0.8512542635096736 -0.09683234358466564
v 0.06333235893659106 0.8971042101382025 -0.07621703546090686
v 0.06333235893659106 0.8971042101382025 -0.07621703546090686
v 0.06351484747160852 0.7004568816454331 -0.13010398205429397
v 0.06375100045597892 0.026245693055578556 -0.2572185926684689
v 0.06436635206407293 0.5027198035687164 -0.17075685443011768
v 0.06439188050673672 0.8648504336344516 -0.07705673621964615
v 0.06569010120514052 0.6011315405700479 0.05418504149017789
v 0.06569145803181753 0.12017005246615042 -0.22841571962667828
v 0.06638610676004064 -0.05283172910239742 0.22932713990123688
v 0.06638610676004064 -0.05283172910239742 0.22932713990123688
v 0.06656413582082199 0.4097827207566922 -0.1886854372771669
v 0.06671476033291701 0.5023109762428373 0.07358721627954701
v 0.06672473272981061 0.40689291910094905 -0.1776439428555996
v 0.06738180350109424 0.8670891939290897 -0.08748005184557162
v 0.06758223416116849 0.8485312296255358 -0.08225441909007891
v 0.06776256368528699 0.8988471721920597 -0.011372055106927181
v 0.06776256368528699 0.8988471721920597 -0.011372055106927181
v 0.06797646582888417 0.28175194689606187 -0.20052022675166015
v 0.06831614338585923 0.6985234799405582 -0.11724071423619264
v 0.06832167305946335 0.9000799823050905 -0.06337274739594523
v 0.06832167305946335 0.9000799823050905 -0.06337274739594523
v 0.06832167305946335 0.9000799823050905 -0.06337274739594523
v 0.06832167305946335 0.9000799823050905 -0.06337274739594523
v 0.0688814524715049 0.9070230933409675 -0.034650612055693863
v 0.0688814524715049 0.9070230933409675 -0.034650612055693863
v 0.0688814524715049 0.9070230933409675 -0.034650612055693863
v 0.06957079487207896 0.8652935222298375 -0.02544829433360074
v 0.06958973647028466 0.9006275670279855 -0.03679514920614757
v 0.06958973647028466 0.9006275670279855 -0.03679514920614757
v 0.06958973647028466 0.9006275670279855 -0.03679514920614757
v 0.07022055478576683 0.41085197997782663 0.09022007245802399
v 0.07033134368555993 -0.06924039061118137 0.16328464926242425
v 0.07033134368555993 -0.06924039061118137 0.16328464926242425
v 0.07033134368555993 -0.06924039061118137 0.16328464926242425
v 0.07038922937346359 0.9066161570108413 -0.05864727557222238
v 0.07038922937346359 0.9066161570108413 -0.05864727557222238
v 0.07038922937346359 0.9066161570108413 -0.05864727557222238
v 0.07087484489990992 -0.05346656764507074 -0.27325070778674565
v 0.07087484489990992 -0.05346656764507074 -0.27325070778674565
v 0.07087484489990992 -0.05346656764507074 -0.27325070778674565
v 0.07137065430798861 0.22954413008257468 -0.22113173799418284
v 0.07166209099988619 0.014987002137576866 -0.24541737953588694
v 0.072025850834466 -0.0613611026700589 -0.2582908914884605
v 0.07218689071293216 0.7008346638835583 0.018234383179289715
v 0.07242707695300776 0.9073829483437663 -0.07362677888583824
v 0.07242707695300776 0.9073829483437663 -0.07362677888583824
v 0.07242707695300776 0.9073829483437663 -0.07362677888583824
v 0.07242707695300776 0.9073829483437663 -0.07362677888583824
v 0.07242707695300776 0.9073829483437663 -0.07362677888583824
v 0.07242707695300776 0.9073829483437663 -0.07362677888583824
v 0.07272495345327634 0.895600466491949 -0.08154768176203797
v 0.0727568844799853 -0.0469796779467373 -0.2684338651328062
v 0.0730241476946798 0.4121111563135047 -0.18557040146243153
v 0.07343544299336235 0.8667872897567648 -0.014488524058207553
v 0.07371622980563597 0.8482205702917724 -0.020260675059659894
v 0.07384802625371911 0.4867154131283282 0.0629350808614424
v 0.07394207723539648 0.7730067055823326 -0.1094775996935966
v 0.07405417829267558 -0.04907758139238183 0.17162679936082093
v 0.07405417829267558 -0.04907758139238183 0.17162679936082093
v 0.07405417829267558 -0.04907758139238183 0.17162679936082093
v 0.07405417829267558 -0.04907758139238183 0.17162679936082093
v 0.07405417829267558 -0.04907758139238183 0.17162679936082093
v 0.07428282499173955 0.8966063868940957 -0.061096555249846585
v 0.07428282499173955 0.8966063868940957 -0.061096555249846585
v 0.07428282499173955 0.8966063868940957 -0.061096555249846585
v 0.07428282499173955 0.8966063868940957 -0.061096555249846585
v 0.0748372589905899 -0.00044840703742110577 0.16319726143507296
v 0.07503411983781572 -0.0529801201549418 -0.3291926902921354
v 0.07503411983781572 -0.0529801201549418 -0.3291926902921354
v 0.07503411983781572 -0.0529801201549418 -0.3291926902921354
v 0.07519142611639973 -0.05416120334477981 0.17856748337065298
v 0.07519142611639973 -0.05416120334477981 0.17856748337065298
v 0.07519142611639973 -0.05416120334477981 0.17856748337065298
v 0.07519142611639973 -0.05416120334477981 0.17856748337065298
v 0.07581255121743213 0.8963223503981759 -0.04003958422238174
v 0.07581255121743213 0.8963223503981759 -0.04003958422238174
v 0.07596706939401043 0.6032863525650427 0.037751417348482974
v 0.07596816006675766 0.864476165372686 -0.05990799555416282
v 0.07596816006675766 0.864476165372686 -0.05990799555416282
v 0.07600568218720838 0.700411140393836 0.028517111832583986
v 0.07600568218720838 0.700411140393836 0.028517111832583986
v 0.07657804342138519 0.20650041116886797 0.1149861311490703
v 0.07657804342138519 0.20650041116886797 0.1149861311490703
v 0.07661528263695949 0.8656400062547931 -0.041763641437054966
v 0.07704610209454721 0.610217522037189 -0.13279469033386881
v 0.0773289213550119 0.8473493721697203 -0.07118553128712302
v 0.0782221786125592 0.7665233894192802 -0.0015646140908738282
v 0.07870966466137919 0.6062831192517066 -0.14546372161971632
v 0.07885950001776632 0.3419368622892591 0.1018265874767117
v 0.07887648175521633 0.8498397689070636 -0.01060789553383934
v 0.07894597584913443 0.8490330135379125 -0.0860866262113893
v 0.07898400422041663 0.9070786915940481 -0.03330734713119443
v 0.07898400422041663 0.9070786915940481 -0.03330734713119443
v 0.07898400422041663 0.9070786915940481 -0.03330734713119443
v 0.08003408756274455 0.7000604574649252 -0.12329915938892722
v 0.08114785055929374 0.8480145857622823 -0.03361685623328925
v 0.08162301535625938 0.8662947374771974 -0.07194368099280335
v 0.08162301535625938 0.8662947374771974 -0.07194368099280335
v 0.0817489713076176 0.1865805427902565 0.12963187836534473
v 0.08249857989173304 0.866383152695942 -0.02679107068882347
v 0.0825143332264302 0.8966900671785929 -0.029226334477159277
v 0.08273299636130282 0.40221969068794006 0.07739185506513735
v 0.08279470312625437 0.18213429063468922 -0.21449097782254078
v 0.08282729674596334 0.8960312263906154 -0.06611686979128173
v 0.08282729674596334 0.8960312263906154 -0.06611686979128173
v 0.08282729674596334 0.8960312263906154 -0.06611686979128173
v 0.08366117003649176 0.8477691434473975 -0.05436563915692266
v 0.08366117003649176 0.8477691434473975 -0.05436563915692266
v 0.08414527239409253 0.7851142004679588 0.002657190269584664
v 0.08502103794092575 0.7356718979392625 -0.09784132382639665
v 0.08567849026154928 0.5025380520753506 -0.1646262685338975
v 0.08575411520193388 0.9003300702158405 -0.04970613349163605
v 0.08575411520193388 0.9003300702158405 -0.04970613349163605
v 0.08710774058692383 0.2659082762049376 -0.21107202772188494
v 0.08788505523676493 0.8672877038139504 -0.049903085887438234
v 0.08835397379185395 0.8518290368801651 -0.026043088807747417
v 0.0885608665948947 -0.06180600781254597 0.175373338418634
v 0.0885608665948947 -0.06180600781254597 0.175373338418634
v 0.0894055535520808 0.5024505376852915 0.06636137904401984
v 0.0894055535520808 0.5024505376852915 0.06636137904401984
v 0.09011338527530155 0.272296938352234 0.09981315347127229
v 0.09014905734675782 0.849414250193476 -0.06871975471889291
v 0.09014905734675782 0.849414250193476 -0.06871975471889291
v 0.09147263897835911 0.2654854227530805 0.11293108034733734
v 0.09211670915384174 0.6678660314262999 0.012713449846876834
v 0.0925335620443728 0.14544965795654008 -0.2309448296628993
v 0.09290213498428423 0.43292865953038273 -0.16378342790327327
v 0.09316240002572007 0.41063532835246175 0.08345718671815305
v 0.09316240002572007 0.41063532835246175 0.08345718671815305
v 0.09351620979800179 0.8509846998316419 -0.04344943297536874
v 0.09459529833502733 0.5902954201990269 0.04393554671499711
v 0.09459529833502733 0.5902954201990269 0.04393554671499711
v 0.09478013572500554 0.6995899419862575 0.01681050804656703
v 0.09528173351575298 0.5093888765625953 0.04910144187237542
v 0.0955774770621507 0.3005784177067934 -0.1893713624846285
v 0.09564522161275413 0.4108762725728724 -0.17912167414295332
v 0.09641790183402765 0.10103067397237453 0.14080980738599536
v 0.09694688928373107 0.7001839826678058 -0.11085462801224466
v 0.09696689363643962 0.5340119268386143 -0.13927371080971884
v 0.09735253392975052 0.6475987558594518 -0.11033543428267079
v 0.09774961698082585 0.724669608177674 -0.01070532276187075
v 0.0977677824518377 0.7725636467664074 -0.036277966520777416
v 0.09885271893045333 -0.0705690905875862 -0.2670201299064434
v 0.09885271893045333 -0.0705690905875862 -0.2670201299064434
v 0.09939191701273575 0.0700717977571621 0.13218570535392615
v 0.10011440023060869 0.5823185002960809 0.0281479060791332
v 0.10082025161969455 0.7601799771624798 -0.058676698609977596
v 0.10082025161969455 0.7601799771624798 -0.058676698609977596
v 0.1009076729489391 0.7820727348108214 -0.01805531056895271
v 0.10103493175170186 0.46322223281465114 0.0685391733377907
v 0.10103493175170186 0.46322223281465114 0.0685391733377907
v 0.10145883120711519 0.6085829274407288 -0.13174831453439495
v 0.10171150993094402 0.3534840752344448 0.07924175516227905
v 0.10300549822349936 0.5020007040420627 -0.156131870942799
v 0.10404471950754601 0.35467984342082826 -0.18712538067077666
v 0.10490381972369889 0.7123417452830516 -0.0779621956112051
v 0.10508312930128927 0.7904804890610855 -0.037085884219502985
v 0.10537438731642279 0.02028375569002705 -0.2495324543092856
v 0.1055366555976418 0.07365745327867756 -0.22672676262475555
v 0.10571909201860308 -0.07044008596394136 -0.25369029238821383
v 0.10571909201860308 -0.07044008596394136 -0.25369029238821383
v 0.106127867230426 -0.07076649863240192 -0.32929242170593653
v 0.106127867230426 -0.07076649863240192 -0.32929242170593653
v 0.10772230422416573 0.35119912327386693 0.08910618662119951
v 0.10772230422416573 0.35119912327386693 0.08910618662119951
v 0.10889201166002582 -0.06926209983801357 0.15414290575516887
v 0.10889201166002582 -0.06926209983801357 0.15414290575516887
v 0.1098631645418342 0.7707188091775805 -0.056130305319267215
v 0.11055780768640844 -0.05266913324711098 -0.2641155157608388
v 0.11055780768640844 -0.05266913324711098 -0.2641155157608388
v 0.11055780768640844 -0.05266913324711098 -0.2641155157608388
v 0.11101903941821067 0.15872684538829596 -0.20855255134119233
v 0.11114837906078812 0.7001313325813321 -0.09430201259055693
v 0.11114837906078812 0.7001313325813321 -0.09430201259055693
v 0.11147177655885532 -0.05270534507129199 0.16656828149377212
v 0.11147177655885532 -0.05270534507129199 0.16656828149377212
v 0.11147177655885532 -0.05270534507129199 0.16656828149377212
v 0.11147177655885532 -0.05270534507129199 0.16656828149377212
v 0.11197332968041174 0.6212792813817458 0.02245246510716381
v 0.11214343740465349 0.25237407713782467 -0.19113333872412674
v 0.11218876918866627 -0.047615856565141 0.16169945879122416
v 0.11225403832160108 0.7002263588403466 -0.0038872817383968084
v 0.11250551097727257 0.17050813606168624 0.10907688853918351
v 0.11258712903411805 0.03003015625656147 0.1479396058608451
v 0.1127116965181223 0.5489297838768081 -0.12275935455013354
v 0.11305444322076319 0.2650457736854026 -0.20151746644101998
v 0.1142194455018366 0.12752406050042353 -0.22658419345677316
v 0.11443093923155168 -0.06157247728193127 -0.2666938959147469
v 0.11443093923155168 -0.06157247728193127 -0.2666938959147469
v 0.11533718033395335 0.26519479010662117 0.10330330626240247
v 0.11533718033395335 0.26519479010662117 0.10330330626240247
v 0.11680063236991334 0.6001123831976312 0.005606860739190811
v 0.11689962674206278 0.5020377720257381 0.04979461093364623
v 0.11731583937418932 0.4148880742705179 0.05646977382723328
v 0.11745073288618268 0.6567122237687961 -0.020438475190837302
v 0.11767401928232513 0.7006640871328109 -0.01592520435902056
v 0.11782407053980215 0.6768674392251235 -0.040302011066540966
v 0.11788468663200646 -0.0580117769484616 -0.24511459686947212
v 0.11792150893513131 -0.06217470731516528 0.16671289055481076
v 0.11792150893513131 -0.06217470731516528 0.16671289055481076
v 0.11876342640247461 0.6258713337767787 -0.08908011715737896
v 0.11877357375369968 0.612102323662242 -0.1144605186772889
v 0.11883581282651079 0.5023416044181417 -0.14473658908354547
v 0.11935298527519134 -0.07141366587179476 0.1619274205626926
v 0.11935298527519134 -0.07141366587179476 0.1619274205626926
v 0.1205131558387702 0.7007855277734443 -0.0739978514392301
v 0.12058490944926703 -0.04762758967264702 -0.2556782053958546
v 0.12122651537437878 0.48924552077648187 0.03411777222608947
v 0.12218032916520905 0.5685791803038374 -0.10536003089036639
v 0.12317231277975971 0.4102567292730363 -0.16370974607269773
v 0.12318065847361392 0.7005292457348737 -0.03502947659109301
v 0.12405642774287973 0.4219276847181047 -0.1462112903107755
v 0.1247541381719035 0.7000452997194415 -0.04988184091774492
v 0.12589616559906602 0.15013182299957606 0.11983284260206695
v 0.12589616559906602 0.15013182299957606 0.11983284260206695
v 0.1262127957146948 0.410724652077409 0.06437358515422176
v 0.1262127957146948 0.410724652077409 0.06437358515422176
v 0.12662025318538284 0.6271267316107316 -0.06529412471296436
v 0.12662025318538284 0.6271267316107316 -0.06529412471296436
v 0.1272497165354043 0.015171456116998883 -0.22752382477945687
v 0.12769180751885756 0.26938537070256174 0.08174127930431929
v 0.12917396850098672 0.30399654887228067 -0.16997652088745063
v 0.13097770298921674 0.5929220430792288 0.007258783259331381
v 0.1312396580150459 0.5028866951112052 0.03612865264277598
v 0.13230778771054297 0.2650067179227271 0.09327702343471245
v 0.13311816872903126 0.3135041628333912 -0.17905900326796242
v 0.13433573175819635 0.5890802395267158 -0.030481843984089707
v 0.1346153683388014 0.32978644031106974 0.07751980251792823
v 0.13538026123110836 0.6140806179040847 -0.011320324461301823
v 0.136523926528608 0.5849280446555856 -0.05029897880702072
v 0.13732869411875903 0.06399178483003354 0.11599349585505969
v 0.13755131792190145 0.5026112946588812 -0.12568937057569407
v 0.13814937138577577 0.45766990076338887 0.02419756383732441
v 0.1386603943758269 0.5860424814124325 -0.09246124362054475
v 0.1386603943758269 0.5860424814124325 -0.09246124362054475
v 0.13904317211848038 0.52530688423243 -0.004081153472257348
v 0.13981982789775405 0.26514653249059705 -0.1852226071412062
v 0.13998820841327664 -0.04784107862622733 0.14991862969947434
v 0.13998820841327664 -0.04784107862622733 0.14991862969947434
v 0.14146196414263024 0.028228141532185447 -0.23202633033623954
v 0.1419347130808486 0.023650919308568774 0.1355326338289391
v 0.1419347130808486 0.023650919308568774 0.1355326338289391
v 0.14217694665884562 0.4413744942659852 -0.12057555225017147
v 0.14289520491573526 0.6052845990455378 -0.06304801447518837
v 0.14301697313043604 0.5024569849385276 0.02136357168271097
v 0.14344530600305738 0.4650438945382076 -0.1291318687848788
v 0.1452489660426357 0.507037103214695 -0.08786320555391613
v 0.1453117337008738 0.1311786852528627 -0.19413232398061098
v 0.14533275800011047 0.41009899584531323 -0.1439101271562926
v 0.14574553110452904 0.15299032365032517 0.09226848244002639
v 0.14580516447453107 -0.057304484977965586 0.13460661171978394
v 0.14618839635395986 0.5907362902245925 -0.03498188156806892
v 0.14703611337126965 0.30605617082122727 -0.15374012611380738
v 0.14709982652738418 0.41165424446471666 0.042899109810523584
v 0.14709982652738418 0.41165424446471666 0.042899109810523584
v 0.14724778577774877 -0.05401227626194327 -0.2298054972769279
v 0.14745764908199188 0.26552611638609314 0.08182012042645681
v 0.14900395502241537 0.3208218399256406 0.051117712371444135
v 0.14903001205050614 0.41033529726168294 0.042727319546753684
v 0.14903001205050614 0.41033529726168294 0.042727319546753684
v 0.14919984431473665 0.5024931520935176 -0.10822643054305958
v 0.14919984431473665 0.5024931520935176 -0.10822643054305958
v 0.14945734731119487 0.051906237406925015 -0.20761373895367718
v 0.14984824740174751 0.12250249894407261 -0.20815779481048224
v 0.1507913927007909 0.4977144569287031 -0.02227785010984662
v 0.15125270632611 -0.0472220827566332 -0.24076219468422266
v 0.15143028125011604 0.3485690310864964 -0.15446244182221402
v 0.1518317009351522 0.21147624636335216 -0.1715277478837507
v 0.15201663883081018 0.5026205262916905 0.0054523090607192515
v 0.15234611878372029 -0.061388142420351954 -0.3180282811466313
v 0.15234611878372029 -0.061388142420351954 -0.3180282811466313
v 0.15297131622600002 0.503732781703043 -0.052033288298987485
v 0.15297131622600002 0.503732781703043 -0.052033288298987485
v 0.15355139778535687 -0.0704687040256502 -0.23148193201563672
v 0.15355139778535687 -0.0704687040256502 -0.23148193201563672
v 0.15639404831816162 0.18099830843804376 0.07727109935209953
v 0.15671490711720626 0.4102665960459053 -0.1289562667501425
v 0.15794909453029327 0.39408111112150257 -0.11160383457364098
v 0.15810286077548952 -0.07049270627095439 0.13176694657791188
v 0.15810286077548952 -0.07049270627095439 0.13176694657791188
v 0.15942745863118635 0.5027374776786271 -0.08303467818409427
v 0.1598214111164582 -0.061165392054501666 0.22066358008377307
v 0.1598214111164582 -0.061165392054501666 0.22066358008377307
v 0.16034111481929614 0.12357042018334496 0.10306434098021455
v 0.16173547850648973 0.5024965916212256 -0.02197349657688119
v 0.16252992006865163 0.36538587221788976 0.017077510690980624
v 0.16263967971583515 0.410523815206879 0.02229190170006845
v 0.16263967971583515 0.410523815206879 0.02229190170006845
v 0.16268808622916264 0.26097785468798307 0.051134172968332336
v 0.1628152966403018 0.5023480665611082 -0.06882472359534031
v 0.16309782182859234 -0.05300343747265046 0.14564480062121632
v 0.16309782182859234 -0.05300343747265046 0.14564480062121632
v 0.16309782182859234 -0.05300343747265046 0.14564480062121632
v 0.1635234298805619 0.19708253761250205 0.08306819251308362
v 0.1644307877127389 0.5019987460425233 -0.04530862659076146
v 0.1645962275065198 -0.07094303127528434 0.1423406652311936
v 0.1645962275065198 -0.07094303127528434 0.1423406652311936
v 0.1645962275065198 -0.07094303127528434 0.1423406652311936
v 0.16461013451465512 -0.05309917843872114 -0.2392099402965293
v 0.16461013451465512 -0.05309917843872114 -0.2392099402965293
v 0.16479777489636938 -0.062305558265371985 0.14573518128436547
v 0.16479777489636938 -0.062305558265371985 0.14573518128436547
v 0.16479777489636938 -0.062305558265371985 0.14573518128436547
v 0.16530768860151035 -0.062533192462773 -0.24238347786176107
v 0.16530768860151035 -0.062533192462773 -0.24238347786176107
v 0.16530768860151035 -0.062533192462773 -0.24238347786176107
v 0.16543493623697536 0.29720240958843114 -0.13362505337047015
v 0.1660275475044113 -0.07077036996228969 -0.23899698737324115
v 0.1660275475044113 -0.07077036996228969 -0.23899698737324115
v 0.1660275475044113 -0.07077036996228969 -0.23899698737324115
v 0.16675677204769457 -0.05410980399565446 -0.24599667938440106
v 0.16675677204769457 -0.05410980399565446 -0.24599667938440106
v 0.16675677204769457 -0.05410980399565446 -0.24599667938440106
v 0.1678330464256863 0.265502382155935 -0.15938937169740441
v 0.16832257608999512 0.12590635085816615 -0.17550732611107733
v 0.16846317981357295 -0.05286829828010653 0.1392863944059659
v 0.16846317981357295 -0.05286829828010653 0.1392863944059659
v 0.16846317981357295 -0.05286829828010653 0.1392863944059659
v 0.1685389089820699 0.4107937525240813 -0.10710708762006638
v 0.1685389089820699 0.4107937525240813 -0.10710708762006638
v 0.16897842404217478 0.38765996330504215 -0.009239510703652254
v 0.16935970536692935 0.031760164245024924 0.09950544230411573
v 0.1696226877841518 0.35005635136018753 -0.1299528215119068
v 0.17014741677097867 0.41065980823239695 0.006542788241453046
v 0.17033740973008626 0.26507601472771825 0.05885205623259537
v 0.17049288829427134 -0.051523308938712375 -0.21325304564227388
v 0.17051312343780012 -0.04787740956825104 0.13127448363672656
v 0.17124980773598253 0.36643301111604343 -0.092674795855479
v 0.1722132328477457 -0.04824789583851086 -0.22722762337385127
v 0.17245267460130442 0.0346266160117743 0.11263194566485524
v 0.17290469703489286 0.3850645865239537 -0.07289042402293955
v 0.17290469703489286 0.3850645865239537 -0.07289042402293955
v 0.17344230563846175 -0.05131190454737933 -0.24562766719744467
v 0.17344230563846175 -0.05131190454737933 -0.24562766719744467
v 0.17366803395037955 0.1319411585639898 -0.18604012778539136
v 0.1737451478637979 0.030537360030781002 -0.20940808546692935
v 0.17473029709212362 0.18761911637103346 -0.152077516489717
v 0.1747711694019003 0.3872581881276942 -0.04404210519763824
v 0.17572362078240467 0.4109673179228899 -0.009331272389290213
v 0.1770956647638222 0.41085706389012877 -0.0817303675859824
v 0.1772186986056017 -0.07063118076309394 0.1340152660794267
v 0.1772186986056017 -0.07063118076309394 0.1340152660794267
v 0.1772186986056017 -0.07063118076309394 0.1340152660794267
v 0.1772186986056017 -0.07063118076309394 0.1340152660794267
v 0.17725062218744547 -0.07068252055329793 -0.23154201207754888
v 0.17725062218744547 -0.07068252055329793 -0.23154201207754888
v 0.17725062218744547 -0.07068252055329793 -0.23154201207754888
v 0.177811458770341 0.18891821556352717 0.050771980277870554
v 0.17962947995482992 -0.07030983060294815 0.11407117210955597
v 0.17962947995482992 -0.07030983060294815 0.11407117210955597
v 0.17994086888537986 0.41031723090043865 -0.028495974591937756
v 0.1807504979724861 -0.06291478647186466 -0.2316584050995978
v 0.1807504979724861 -0.06291478647186466 -0.2316584050995978
v 0.1807504979724861 -0.06291478647186466 -0.2316584050995978
v 0.18089445188538988 0.4107994087603933 -0.053456093930298265
v 0.1814049760694747 0.24311802517076764 -0.1246727444574347
v 0.18252721504501856 -0.06341543876473565 0.13673493488450816
v 0.18252721504501856 -0.06341543876473565 0.13673493488450816
v 0.18252721504501856 -0.06341543876473565 0.13673493488450816
v 0.18293406203676277 0.35613613721892845 -0.10073762950247289
v 0.18293406203676277 0.35613613721892845 -0.10073762950247289
v 0.18305317987946346 -0.0625447171140543 0.1328267380244199
v 0.18305317987946346 -0.0625447171140543 0.1328267380244199
v 0.18305317987946346 -0.0625447171140543 0.1328267380244199
v 0.18329926245275274 0.2538033125734689 0.01977385473348825
v 0.18358191420375114 0.2657423301603252 0.03991555031466909
v 0.18370128517186757 0.265415843043213 -0.13663001685368492
v 0.1842502844191447 0.07665335636098192 0.07334253334090945
v 0.18529716646945005 0.2928433516937208 -0.004816326462810494
v 0.18597755269722605 0.01202936566224011 -0.1845879323855666
v 0.18656602461962812 0.17581931776283355 -0.16015273839235178
v 0.18744462293765807 0.35082917303389927 -0.008897173468595643
v 0.18948904247193 0.3689659738699893 -0.05224672211403514
v 0.1910613235469274 0.26557382308209476 -0.12266378481596174
v 0.1910613235469274 0.26557382308209476 -0.12266378481596174
v 0.19163944710674485 0.2546892664182856 -0.09468041647492376
v 0.1931557725751336 0.12646027860618503 0.06857027798446591
v 0.19502514843955687 0.26586408348529567 0.017398942744643264
v 0.19601020832950056 0.25505893375337685 -0.02163671507245679
v 0.19625839035476744 -0.05706437318654167 -0.1908000023310592
v 0.19630588859454434 -0.04482209646189972 -0.20570690052772456
v 0.1964302178428632 -0.047099361599190814 0.1091691453083552
v 0.1971182127228417 0.057236999103466246 -0.158901800032635
v 0.19878677079420193 -0.07110681830899779 -0.19535064638602329
v 0.19878677079420193 -0.07110681830899779 -0.19535064638602329
v 0.19888103767696919 0.26549827259036185 -0.1040475904994902
v 0.19899732647090573 0.02378159158201143 0.08921506032942794
v 0.19914193553194437 0.2502611350645392 -0.05039008301800346
v 0.20010187644680855 0.22763693430309395 -0.07843676854138981
v 0.20010187644680855 0.22763693430309395 -0.07843676854138981
v 0.2001346636330119 0.30743750599437547 -0.0637620552159599
v 0.20062888356237707 -0.06296192735811346 0.1156438552072725
v 0.20062888356237707 -0.06296192735811346 0.1156438552072725
v 0.20062888356237707 -0.06296192735811346 0.1156438552072725
v 0.2011241606625962 -0.07096357910315021 -0.20914234844959445
v 0.2011241606625962 -0.07096357910315021 -0.20914234844959445
v 0.2011241606625962 -0.07096357910315021 -0.20914234844959445
v 0.20114607834565312 0.08356499050692534 0.047345391745551524
v 0.20116866606657524 0.01652999511300024 -0.18548463661568704
v 0.20127539565363506 0.14006014138408673 -0.12388336540358758
v 0.20162405357921998 -0.07105863514162536 0.11210197549294953
v 0.20162405357921998 -0.07105863514162536 0.11210197549294953
v 0.20162405357921998 -0.07105863514162536 0.11210197549294953
v 0.20187231005313855 -0.053543577330376735 -0.26776396127518787
v 0.20187231005313855 -0.053543577330376735 -0.26776396127518787
v 0.20187231005313855 -0.053543577330376735 -0.26776396127518787
v 0.20222443728589212 -0.06300055131860915 -0.21252554830770976
v 0.20222443728589212 -0.06300055131860915 -0.21252554830770976
v 0.20222443728589212 -0.06300055131860915 -0.21252554830770976
v 0.20296057066405204 -0.06159516923096575 0.1747832286258948
v 0.20296057066405204 -0.06159516923096575 0.1747832286258948
v 0.20343187529842766 -0.07111828340135773 0.1709084145412234
v 0.20343187529842766 -0.07111828340135773 0.1709084145412234
v 0.20343187529842766 -0.07111828340135773 0.1709084145412234
v 0.20353440598153227 0.11733043199346938 -0.15396149917960145
v 0.20353440598153227 0.11733043199346938 -0.15396149917960145
v 0.2038064562445303 0.1473369610562898 0.017667523700472643
v 0.20404643402838119 0.0811945752166423 -0.1402263780913131
v 0.20462452780873797 0.2655478851718467 -0.014722270489912148
v 0.20472402098685372 -0.06608093873084897 0.0870147899877125
v 0.2057159748219437 -0.052588520247063286 -0.20291595458351708
v 0.2057159748219437 -0.052588520247063286 -0.20291595458351708
v 0.206786010402924 0.26549030658463124 -0.07212257924159315
v 0.20777766644340723 0.18041329093308 -0.01573205105464881
v 0.20782918491037528 0.26558883193027505 -0.03727492609708527
v 0.20892792789144643 -0.05296094218226699 0.10433561126670732
v 0.20892792789144643 -0.05296094218226699 0.10433561126670732
v 0.20892792789144643 -0.05296094218226699 0.10433561126670732
v 0.21098296380344905 -0.05383499913254397 0.17619881017881944
v 0.21098296380344905 -0.05383499913254397 0.17619881017881944
v 0.21098296380344905 -0.05383499913254397 0.17619881017881944
v 0.21098296380344905 -0.05383499913254397 0.17619881017881944
v 0.21127373045748143 -0.06273861118251034 0.12345213402441502
v 0.21127373045748143 -0.06273861118251034 0.12345213402441502
v 0.21180233077419608 -0.07067281244911783 -0.19940537308236372
v 0.21180233077419608 -0.07067281244911783 -0.19940537308236372
v 0.21180233077419608 -0.07067281244911783 -0.19940537308236372
v 0.21209912776901518 -0.0704384778730649 0.10248842110048706
v 0.21209912776901518 -0.0704384778730649 0.10248842110048706
v 0.21209912776901518 -0.0704384778730649 0.10248842110048706
v 0.21358324675068374 0.12388456371400736 -0.09736993729850418
v 0.21427809090661754 -0.0712434166951148 0.0812268837903467
v 0.21427809090661754 -0.0712434166951148 0.0812268837903467
v 0.21431144390257373 0.06466837417657345 0.0563944541263206
v 0.21492484123356093 -0.06304385065443086 -0.19843999741592633
v 0.21492484123356093 -0.06304385065443086 -0.19843999741592633
v 0.21492484123356093 -0.06304385065443086 -0.19843999741592633
v 0.2150124226274066 -0.053592981455636846 -0.19962940396502304
v 0.2150124226274066 -0.053592981455636846 -0.19962940396502304
v 0.21503839031711536 -0.06254668255845885 0.10187250740507281
v 0.21503839031711536 -0.06254668255845885 0.10187250740507281
v 0.21503839031711536 -0.06254668255845885 0.10187250740507281
v 0.21526002395319033 0.14575817316913486 0.022983216989912236
v 0.21546130332789382 -0.05391680331101867 0.10319793164080338
v 0.21546130332789382 -0.05391680331101867 0.10319793164080338
v 0.21546130332789382 -0.05391680331101867 0.10319793164080338
v 0.2168597468011999 0.056711093827942705 -0.1516556680946577
v 0.2168597468011999 0.056711093827942705 -0.1516556680946577
v 0.21754296207774004 -0.04708694356408927 -0.2722632357604873
v 0.21754296207774004 -0.04708694356408927 -0.2722632357604873
v 0.21937484560117326 -0.051372624867696004 0.08737357292992698
v 0.21937484560117326 -0.051372624867696004 0.08737357292992698
v 0.21979947093094054 -0.05111932077519299 0.1101868137077382
v 0.21979947093094054 -0.05111932077519299 0.1101868137077382
v 0.22077233613173775 0.16265407132375564 -0.09255828371558739
v 0.22090743065509066 -0.04704855783927897 0.08029885156759597
v 0.22123293505000063 0.12043550657860891 -0.11647126508640238
v 0.22123293505000063 0.12043550657860891 -0.11647126508640238
v 0.22141266898490564 -0.04715379845330503 -0.17654852028439372
v 0.221501426667448 -0.07098564568351051 0.16607188766377767
v 0.221501426667448 -0.07098564568351051 0.16607188766377767
v 0.221501426667448 -0.07098564568351051 0.16607188766377767
v 0.22171635992487104 0.11648609494494622 -0.04656262618597484
v 0.22182996856734682 0.10315019730646924 -0.07566908407840223
v 0.22182996856734682 0.10315019730646924 -0.07566908407840223
v 0.22209653940958063 0.09686753514944613 -0.016441982229847163
v 0.22248714170552653 0.18392930718580658 -0.04515959900224514
v 0.22279178558823354 -0.06281097527195101 -0.2608649089513797
v 0.22279178558823354 -0.06281097527195101 -0.2608649089513797
v 0.22279178558823354 -0.06281097527195101 -0.2608649089513797
v 0.22388210098193362 -0.0710567888150635 -0.2641925701153358
v 0.22388210098193362 -0.0710567888150635 -0.2641925701153358
v 0.22388210098193362 -0.0710567888150635 -0.2641925701153358
v 0.22479095523200954 -0.06971867852908531 -0.15711825601874274
v 0.22479095523200954 -0.06971867852908531 -0.15711825601874274
v 0.22497280350862248 0.02228841964429762 0.021816241819569093
v 0.22598124027519617 -0.061729861731599556 -0.2116749129032538
v 0.22598124027519617 -0.061729861731599556 -0.2116749129032538
v 0.22616143579174164 -0.07078478322125648 -0.2325765654311347
v 0.22616143579174164 -0.07078478322125648 -0.2325765654311347
v 0.2261838001667087 0.027680824824436456 -0.11255546701897678
v 0.2263439689959501 -0.06911299407841298 0.056949714505204696
v 0.2263439689959501 -0.06911299407841298 0.056949714505204696
v 0.2263439689959501 -0.06911299407841298 0.056949714505204696
v 0.22778729011649368 -0.05303509303934817 -0.32925076024045197
v 0.22778729011649368 -0.05303509303934817 -0.32925076024045197
v 0.22778729011649368 -0.05303509303934817 -0.32925076024045197
v 0.228792049119674 -0.06272812881235268 0.16608910019204792
v 0.228792049119674 -0.06272812881235268 0.16608910019204792
v 0.228792049119674 -0.06272812881235268 0.16608910019204792
v 0.228792049119674 -0.06272812881235268 0.16608910019204792
v 0.22929989315229804 -0.0461587773337655 0.18177167889064982
v 0.22929989315229804 -0.0461587773337655 0.18177167889064982
v 0.22929989315229804 -0.0461587773337655 0.18177167889064982
v 0.2294875782032033 0.1157449735071232 -0.0057331839429428655
v 0.2307937946867984 -0.05288506411646665 0.23172736443165576
v 0.2307937946867984 -0.05288506411646665 0.23172736443165576
v 0.23200699502497457 -0.05352737730376944 -0.1353131691026288
v 0.2345492973622747 -0.06247869604973744 -0.2469893628162776
v 0.2345492973622747 -0.06247869604973744 -0.2469893628162776
v 0.2345492973622747 -0.06247869604973744 -0.2469893628162776
v 0.23494664470606352 -0.047783931841191674 -0.1553980975868976
v 0.23494664470606352 -0.047783931841191674 -0.1553980975868976
v 0.23494664470606352 -0.047783931841191674 -0.1553980975868976
v 0.23494664470606352 -0.047783931841191674 -0.1553980975868976
v 0.23509213226119208 -0.07098442472562283 -0.26345441173385
v 0.23509213226119208 -0.07098442472562283 -0.26345441173385
v 0.23509213226119208 -0.07098442472562283 -0.26345441173385
v 0.23509213226119208 -0.07098442472562283 -0.26345441173385
v 0.23512935658703604 -0.07071983421752392 0.14642850668780483
v 0.23512935658703604 -0.07071983421752392 0.14642850668780483
v 0.23514698602775574 0.023639245759984107 -0.12653152627872277
v 0.2351643176738687 0.08849012616961005 -0.08768548917747188
v 0.23519476717240906 -0.053511504851229574 -0.28632907264930374
v 0.23519476717240906 -0.053511504851229574 -0.28632907264930374
v 0.23586091881798232 -0.07107435869686185 0.1664543452772289
v 0.23586091881798232 -0.07107435869686185 0.1664543452772289
v 0.23586091881798232 -0.07107435869686185 0.1664543452772289
v 0.2366635050626389 -0.06260698596632608 -0.2596441744096527
v 0.2366635050626389 -0.06260698596632608 -0.2596441744096527
v 0.2366635050626389 -0.06260698596632608 -0.2596441744096527
v 0.2366635050626389 -0.06260698596632608 -0.2596441744096527
v 0.23714822534404867 0.03230423499156032 0.020872701942671767
v 0.2379747244956274 -0.06281505505806351 0.15678011523364077
v 0.2379747244956274 -0.06281505505806351 0.15678011523364077
v 0.2379747244956274 -0.06281505505806351 0.15678011523364077
v 0.23850898290987033 0.006886333685795165 -0.018669013139411827
v 0.23863830021785226 -0.04803205430753721 0.05160123402956174
v 0.2386446581327064 -0.07084737964759569 0.06195614065066746
v 0.2386446581327064 -0.07084737964759569 0.06195614065066746
v 0.2387780403370705 -0.0006269646836294385 -0.08306148342113451
v 0.2387780403370705 -0.0006269646836294385 -0.08306148342113451
v 0.23900122250510059 -0.061599159678696225 0.06720273814647548
v 0.23900122250510059 -0.061599159678696225 0.06720273814647548
v 0.23930128035086362 -0.06956987056409147 0.03067254919625295
v 0.23930128035086362 -0.06956987056409147 0.03067254919625295
v 0.23992578542068266 -0.05373532727766417 0.12875491791765192
v 0.23992578542068266 -0.05373532727766417 0.12875491791765192
v 0.2399462439101665 -0.07073671917172675 0.15700353563735625
v 0.2399462439101665 -0.07073671917172675 0.15700353563735625
v 0.2399462439101665 -0.07073671917172675 0.15700353563735625
v 0.24028623601269494 -0.07075363390539025 -0.2546500397365836
v 0.24028623601269494 -0.07075363390539025 -0.2546500397365836
v 0.24028623601269494 -0.07075363390539025 -0.2546500397365836
v 0.24028623601269494 -0.07075363390539025 -0.2546500397365836
v 0.24028623601269494 -0.07075363390539025 -0.2546500397365836
v 0.24045234584434105 -0.07084109618139323 -0.15427381127343232
v 0.24045234584434105 -0.07084109618139323 -0.15427381127343232
v 0.24052670515764696 0.0054030485290255115 -0.054601786557644194
v 0.24055213681706356 -0.07341841916444736 -0.2849894436108311
v 0.24055213681706356 -0.07341841916444736 -0.2849894436108311
v 0.24055213681706356 -0.07341841916444736 -0.2849894436108311
v 0.2406275384114931 -0.07219847377842825 -0.26440714601923077
v 0.2406275384114931 -0.07219847377842825 -0.26440714601923077
v 0.2406275384114931 -0.07219847377842825 -0.26440714601923077
v 0.2406275384114931 -0.07219847377842825 -0.26440714601923077
v 0.2406275384114931 -0.07219847377842825 -0.26440714601923077
v 0.2410633012595529 0.06878502726138791 -0.022309243245047128
v 0.24134459804509056 -0.0739970936442873 0.18639492527073998
v 0.24134459804509056 -0.0739970936442873 0.18639492527073998
v 0.24134459804509056 -0.0739970936442873 0.18639492527073998
v 0.24134459804509056 -0.0739970936442873 0.18639492527073998
v 0.24134459804509056 -0.0739970936442873 0.18639492527073998
v 0.24196686965535896 -0.0734736600639998 0.17520030486238092
v 0.24196686965535896 -0.0734736600639998 0.17520030486238092
v 0.24196686965535896 -0.0734736600639998 0.17520030486238092
v 0.24196686965535896 -0.0734736600639998 0.17520030486238092
v 0.24301984160537238 -0.061915596227830605 0.13012773616504703
v 0.24301984160537238 -0.061915596227830605 0.13012773616504703
v 0.2431598497397367 -0.05446090383701474 -0.1560692000678081
v 0.2431598497397367 -0.05446090383701474 -0.1560692000678081
v 0.2431598497397367 -0.05446090383701474 -0.1560692000678081
v 0.2431598497397367 -0.05446090383701474 -0.1560692000678081
v 0.2441067621405555 -0.053820168961127735 0.05319754712932401
v 0.2441067621405555 -0.053820168961127735 0.05319754712932401
v 0.24429461097849448 -0.055825190268926406 -0.10302542912397783
v 0.24432634099384387 -0.047740185813459846 0.13947168221028683
v 0.24432634099384387 -0.047740185813459846 0.13947168221028683
v 0.2444398900773983 -0.06183054608814231 -0.15432606678205207
v 0.2444398900773983 -0.06183054608814231 -0.15432606678205207
v 0.24524380150805491 -0.07099356702005011 -0.11606471588926492
v 0.24524380150805491 -0.07099356702005011 -0.11606471588926492
v 0.24525304803059456 -0.08776854567459935 -0.27897169953597434
v 0.24525304803059456 -0.08776854567459935 -0.27897169953597434
v 0.24525304803059456 -0.08776854567459935 -0.27897169953597434
v 0.24525304803059456 -0.08776854567459935 -0.27897169953597434
v 0.24573377786427386 -0.08746375289458896 0.18895455925415305
v 0.24573377786427386 -0.08746375289458896 0.18895455925415305
v 0.24573377786427386 -0.08746375289458896 0.18895455925415305
v 0.2460172336607105 -0.048259628946016875 -0.13293910582841306
v 0.24638565025845338 -0.07520521658441837 -0.2669411398870025
v 0.24638565025845338 -0.07520521658441837 -0.2669411398870025
v 0.24638565025845338 -0.07520521658441837 -0.2669411398870025
v 0.24638565025845338 -0.07520521658441837 -0.2669411398870025
v 0.24655957719852672 -0.06173715769946497 -0.30691235296310637
v 0.24655957719852672 -0.06173715769946497 -0.30691235296310637
v 0.24701959541730645 -0.07104228621771469 -0.23410419220484968
v 0.24701959541730645 -0.07104228621771469 -0.23410419220484968
v 0.24701959541730645 -0.07104228621771469 -0.23410419220484968
v 0.24702970554420567 -0.07465873370156828 0.19581068448539796
v 0.24702970554420567 -0.07465873370156828 0.19581068448539796
v 0.247222289316392 0.041659661018890404 -0.05405301670527507
v 0.2479051323496737 -0.08623511190605271 -0.28954704116986285
v 0.2479051323496737 -0.08623511190605271 -0.28954704116986285
v 0.24840639512148854 -0.07074338977091799 0.20869557219194945
v 0.24840639512148854 -0.07074338977091799 0.20869557219194945
v 0.24905481309822974 -0.08860990477705499 0.17388446961298776
v 0.24905481309822974 -0.08860990477705499 0.17388446961298776
v 0.24905481309822974 -0.08860990477705499 0.17388446961298776
v 0.2499290636150011 -0.0883466245652258 -0.2699673882397349
v 0.2499290636150011 -0.0883466245652258 -0.2699673882397349
v 0.2499290636150011 -0.0883466245652258 -0.2699673882397349
v 0.2499290636150011 -0.0883466245652258 -0.2699673882397349
v 0.25017816880354893 -0.07395165018729699 -0.2956329950993961
v 0.25017816880354893 -0.07395165018729699 -0.2956329950993961
v 0.25017816880354893 -0.07395165018729699 -0.2956329950993961
v 0.25157159443773125 -0.062031676565542426 0.21291639383020566
v 0.25157159443773125 -0.062031676565542426 0.21291639383020566
v 0.25157159443773125 -0.062031676565542426 0.21291639383020566
v 0.2518220992609308 -0.06963196073959921 -0.012138619371464543
v 0.2518220992609308 -0.06963196073959921 -0.012138619371464543
v 0.2518220992609308 -0.06963196073959921 -0.012138619371464543
v 0.2519015210825515 -0.07052019271315757 -0.31941415768753245
v 0.2519015210825515 -0.07052019271315757 -0.31941415768753245
v 0.25193759889915945 -0.0722636610178462 0.1619026589411412
v 0.25193759889915945 -0.0722636610178462 0.1619026589411412
v 0.25193759889915945 -0.0722636610178462 0.1619026589411412
v 0.2520605731820176 -0.07030860964506047 -0.3083574012923691
v 0.2520605731820176 -0.07030860964506047 -0.3083574012923691
v 0.2534717920439533 -0.06907529328119821 -0.07296914230480178
v 0.2534717920439533 -0.06907529328119821 -0.07296914230480178
v 0.2534717920439533 -0.06907529328119821 -0.07296914230480178
v 0.2534717920439533 -0.06907529328119821 -0.07296914230480178
v 0.25374467613185026 -0.0678703567433594 -0.032990465751366216
v 0.25374467613185026 -0.0678703567433594 -0.032990465751366216
v 0.2542882406275542 -0.09218287424832283 0.1851327674992138
v 0.2542882406275542 -0.09218287424832283 0.1851327674992138
v 0.2542882406275542 -0.09218287424832283 0.1851327674992138
v 0.2542882406275542 -0.09218287424832283 0.1851327674992138
v 0.25452862043412416 -0.0427482845999414 -0.10378834540458248
v 0.25467348262057854 -0.05404553991951744 -0.2443817541217168
v 0.25467348262057854 -0.05404553991951744 -0.2443817541217168
v 0.25467348262057854 -0.05404553991951744 -0.2443817541217168
v 0.25478829733121167 -0.09210163587960096 -0.281352507858033
v 0.25478829733121167 -0.09210163587960096 -0.281352507858033
v 0.25478829733121167 -0.09210163587960096 -0.281352507858033
v 0.25478829733121167 -0.09210163587960096 -0.281352507858033
v 0.2557216302979626 -0.04434553575271494 0.19309062854732773
v 0.2557216302979626 -0.04434553575271494 0.19309062854732773
v 0.2557216302979626 -0.04434553575271494 0.19309062854732773
v 0.2557216302979626 -0.04434553575271494 0.19309062854732773
v 0.25577026015724513 -0.06150469922943458 0.22082507409901453
v 0.25577026015724513 -0.06150469922943458 0.22082507409901453
v 0.255852645035203 -0.07024782976582244 0.2321935321090649
v 0.255852645035203 -0.07024782976582244 0.2321935321090649
v 0.25590673942551945 -0.048706529312369184 0.007890502403498978
v 0.25590673942551945 -0.048706529312369184 0.007890502403498978
v 0.25590673942551945 -0.048706529312369184 0.007890502403498978
v 0.25638877955546846 -0.07098588391919591 0.22274316916110237
v 0.25638877955546846 -0.07098588391919591 0.22274316916110237
v 0.25695012238919546 -0.07181166836371844 -0.05594415344528264
v 0.25695012238919546 -0.07181166836371844 -0.05594415344528264
v 0.2574227373198408 -0.05080282466713726 -0.10423215242945716
v 0.2574227373198408 -0.05080282466713726 -0.10423215242945716
v 0.2574375526015267 -0.08944417636786994 0.19545377764920602
v 0.2574375526015267 -0.08944417636786994 0.19545377764920602
v 0.2574375526015267 -0.08944417636786994 0.19545377764920602
v 0.2574375526015267 -0.08944417636786994 0.19545377764920602
v 0.25744289801471787 -0.07534026643858027 0.1647340602826759
v 0.25744289801471787 -0.07534026643858027 0.1647340602826759
v 0.25744289801471787 -0.07534026643858027 0.1647340602826759
v 0.2575579956302274 -0.09127180142842661 -0.27551344054722726
v 0.2575579956302274 -0.09127180142842661 -0.27551344054722726
v 0.2575579956302274 -0.09127180142842661 -0.27551344054722726
v 0.25811317411559465 -0.08078978862429409 -0.2822019371943316
v 0.25811317411559465 -0.08078978862429409 -0.2822019371943316
v 0.25811317411559465 -0.08078978862429409 -0.2822019371943316
v 0.25817390932564166 -0.04445021055698817 -0.29301314704649783
v 0.25817390932564166 -0.04445021055698817 -0.29301314704649783
v 0.25817390932564166 -0.04445021055698817 -0.29301314704649783
v 0.25817390932564166 -0.04445021055698817 -0.29301314704649783
v 0.25817390932564166 -0.04445021055698817 -0.29301314704649783
v 0.25851772808886686 -0.08214305665575594 0.17960498489084564
v 0.25851772808886686 -0.08214305665575594 0.17960498489084564
v 0.25851772808886686 -0.08214305665575594 0.17960498489084564
v 0.2585643329448235 -0.0708960690657996 -0.1081057827805667
v 0.2585643329448235 -0.0708960690657996 -0.1081057827805667
v 0.2585643329448235 -0.0708960690657996 -0.1081057827805667
v 0.2585643329448235 -0.0708960690657996 -0.1081057827805667
v 0.2585701994985765 -0.08538407447887764 -0.26459941710708
v 0.2585701994985765 -0.08538407447887764 -0.26459941710708
v 0.2585701994985765 -0.08538407447887764 -0.26459941710708
v 0.25877731564757234 -0.08673070169060892 0.16840750565426177
v 0.25877731564757234 -0.08673070169060892 0.16840750565426177
v 0.25877731564757234 -0.08673070169060892 0.16840750565426177
v 0.25930106191219693 -0.09125140249786412 0.17818444505771858
v 0.25930106191219693 -0.09125140249786412 0.17818444505771858
v 0.25930106191219693 -0.09125140249786412 0.17818444505771858
v 0.25970630081306467 -0.0733472462534337 0.20140017013628508
v 0.25970630081306467 -0.0733472462534337 0.20140017013628508
v 0.25970630081306467 -0.0733472462534337 0.20140017013628508
v 0.25970630081306467 -0.0733472462534337 0.20140017013628508
v 0.25979686015297787 -0.04451798860948486 0.1779841186257567
v 0.2598977678554757 -0.06252160825257036 0.01921733617239063
v 0.2598977678554757 -0.06252160825257036 0.01921733617239063
v 0.260471915857293 -0.08163320250953632 0.18507652898772875
v 0.260471915857293 -0.08163320250953632 0.18507652898772875
v 0.260471915857293 -0.08163320250953632 0.18507652898772875
v 0.2604913320656532 -0.09229413031340528 -0.2854830381715221
v 0.2604913320656532 -0.09229413031340528 -0.2854830381715221
v 0.2604913320656532 -0.09229413031340528 -0.2854830381715221
v 0.26059774896837595 -0.08601462477921373 -0.29494290076744
v 0.26059774896837595 -0.08601462477921373 -0.29494290076744
v 0.26059774896837595 -0.08601462477921373 -0.29494290076744
v 0.26059774896837595 -0.08601462477921373 -0.29494290076744
v 0.2612099849003968 -0.08152325674072358 -0.27695093978320884
v 0.2612099849003968 -0.08152325674072358 -0.27695093978320884
v 0.2612099849003968 -0.08152325674072358 -0.27695093978320884
v 0.26128321259419707 -0.054348724608651366 0.2321440088659621
v 0.26128321259419707 -0.054348724608651366 0.2321440088659621
v 0.2615020171815079 -0.07491397345901518 -0.04375502700899292
v 0.2615020171815079 -0.07491397345901518 -0.04375502700899292
v 0.2615020171815079 -0.07491397345901518 -0.04375502700899292
v 0.2615020171815079 -0.07491397345901518 -0.04375502700899292
v 0.2615020171815079 -0.07491397345901518 -0.04375502700899292
v 0.2615020171815079 -0.07491397345901518 -0.04375502700899292
v 0.2616198842868602 -0.04718524556377801 -0.06676244941317733
v 0.2616198842868602 -0.04718524556377801 -0.06676244941317733
v 0.2616198842868602 -0.04718524556377801 -0.06676244941317733
v 0.26211702260337155 -0.0628015054034563 -0.10630003817874112
v 0.26211702260337155 -0.0628015054034563 -0.10630003817874112
v 0.262221354943847 -0.05322556246982657 0.1576987222570878
v 0.262221354943847 -0.05322556246982657 0.1576987222570878
v 0.26222790642519556 -0.0474562088764614 -0.03564325267959567
v 0.26222790642519556 -0.0474562088764614 -0.03564325267959567
v 0.26222790642519556 -0.0474562088764614 -0.03564325267959567
v 0.2624623303396305 -0.07388816037713752 -0.260940563671225
v 0.2624623303396305 -0.07388816037713752 -0.260940563671225
v 0.2624623303396305 -0.07388816037713752 -0.260940563671225
v 0.2624623303396305 -0.07388816037713752 -0.260940563671225
v 0.2624623303396305 -0.07388816037713752 -0.260940563671225
v 0.26353132363948717 -0.09121441640770556 0.18282030303940466
v 0.26353132363948717 -0.09121441640770556 0.18282030303940466
v 0.26353132363948717 -0.09121441640770556 0.18282030303940466
v 0.26353132363948717 -0.09121441640770556 0.18282030303940466
v 0.26353132363948717 -0.09121441640770556 0.18282030303940466
v 0.26355499831072393 -0.09085232794535614 -0.2793670516558979
v 0.26355499831072393 -0.09085232794535614 -0.2793670516558979
v 0.26355499831072393 -0.09085232794535614 -0.2793670516558979
v 0.26392832851947823 -0.05367118231936985 -0.3287188990727934
v 0.26392832851947823 -0.05367118231936985 -0.3287188990727934
v 0.26392832851947823 -0.05367118231936985 -0.3287188990727934
v 0.2641264661610805 -0.062362317917418864 -0.3121661347538023
v 0.2641264661610805 -0.062362317917418864 -0.3121661347538023
v 0.2641264661610805 -0.062362317917418864 -0.3121661347538023
v 0.2642585827383659 -0.07068046577051135 0.21346615245373002
v 0.2642585827383659 -0.07068046577051135 0.21346615245373002
v 0.2642585827383659 -0.07068046577051135 0.21346615245373002
v 0.2642585827383659 -0.07068046577051135 0.21346615245373002
v 0.2643746928555384 -0.05359837153801905 -0.001722501068941007
v 0.2643746928555384 -0.05359837153801905 -0.001722501068941007
v 0.2643746928555384 -0.05359837153801905 -0.001722501068941007
v 0.26474087599373064 -0.04674876800866201 -0.28436100765220296
v 0.26474087599373064 -0.04674876800866201 -0.28436100765220296
v 0.26537693549429164 -0.0467163977349081 0.18677281173697757
v 0.26537693549429164 -0.0467163977349081 0.18677281173697757
v 0.2655272175425889 -0.05407481312936113 -0.09408411255436411
v 0.2655272175425889 -0.05407481312936113 -0.09408411255436411
v 0.2655272175425889 -0.05407481312936113 -0.09408411255436411
v 0.2661146620735977 -0.04752449317978957 0.20114960575416418
v 0.2661146620735977 -0.04752449317978957 0.20114960575416418
v 0.2661146620735977 -0.04752449317978957 0.20114960575416418
v 0.2662742353136256 -0.08623493322928866 -0.05457892942566378
v 0.2662742353136256 -0.08623493322928866 -0.05457892942566378
v 0.2662742353136256 -0.08623493322928866 -0.05457892942566378
v 0.2662742353136256 -0.08623493322928866 -0.05457892942566378
v 0.2665507078265339 -0.08924804883986326 -0.2687220558634902
v 0.2665507078265339 -0.08924804883986326 -0.2687220558634902
v 0.2665507078265339 -0.08924804883986326 -0.2687220558634902
v 0.26655434092073627 -0.048288931935321244 -0.29906656691524347
v 0.26655434092073627 -0.048288931935321244 -0.29906656691524347
v 0.26655434092073627 -0.048288931935321244 -0.29906656691524347
v 0.2668770162668821 -0.053566775530242694 0.20237616218045318
v 0.2668770162668821 -0.053566775530242694 0.20237616218045318
v 0.2668770162668821 -0.053566775530242694 0.20237616218045318
v 0.2675450886876689 -0.05378008580705895 -0.29998874747397153
v 0.2675450886876689 -0.05378008580705895 -0.29998874747397153
v 0.2675450886876689 -0.05378008580705895 -0.29998874747397153
v 0.2676583846458076 -0.07083546786332562 -0.0702269360316381
v 0.2676583846458076 -0.07083546786332562 -0.0702269360316381
v 0.2676583846458076 -0.07083546786332562 -0.0702269360316381
v 0.2676583846458076 -0.07083546786332562 -0.0702269360316381
v 0.2679554496557728 -0.07124338691565413 -0.026637133211728337
v 0.2679554496557728 -0.07124338691565413 -0.026637133211728337
v 0.2679554496557728 -0.07124338691565413 -0.026637133211728337
v 0.2679554496557728 -0.07124338691565413 -0.026637133211728337
v 0.2679743596133015 -0.04460160933506074 -0.2684470574338853
v 0.2679743596133015 -0.04460160933506074 -0.2684470574338853
v 0.2679743596133015 -0.04460160933506074 -0.2684470574338853
v 0.2679743596133015 -0.04460160933506074 -0.2684470574338853
v 0.2679743596133015 -0.04460160933506074 -0.2684470574338853
v 0.2679743596133015 -0.04460160933506074 -0.2684470574338853
v 0.2681619255463641 -0.07367482032086059 -0.06322355695100335
v 0.2681619255463641 -0.07367482032086059 -0.06322355695100335
v 0.2681619255463641 -0.07367482032086059 -0.06322355695100335
v 0.2681619255463641 -0.07367482032086059 -0.06322355695100335
v 0.26859533581703054 -0.07324206519832899 -0.2965776442612036
v 0.26859533581703054 -0.07324206519832899 -0.2965776442612036
v 0.26859533581703054 -0.07324206519832899 -0.2965776442612036
v 0.26859533581703054 -0.07324206519832899 -0.2965776442612036
v 0.26870930181303443 -0.0618502303116486 -0.3168652740894231
v 0.26870930181303443 -0.0618502303116486 -0.3168652740894231
v 0.2687981041647678 -0.08911496443010591 -0.0418759127956248
v 0.2687981041647678 -0.08911496443010591 -0.0418759127956248
v 0.2687981041647678 -0.08911496443010591 -0.0418759127956248
v 0.2690577363926643 -0.08612611907998158 0.17108957789024082
v 0.2690577363926643 -0.08612611907998158 0.17108957789024082
v 0.2690577363926643 -0.08612611907998158 0.17108957789024082
v 0.2695522541166362 -0.06260603302358447 -0.02519648479778036
v 0.2695522541166362 -0.06260603302358447 -0.02519648479778036
v 0.2695522541166362 -0.06260603302358447 -0.02519648479778036
v 0.26976001052403653 -0.06316764387245755 -0.0711601982721699
v 0.26976001052403653 -0.06316764387245755 -0.0711601982721699
v 0.26976001052403653 -0.06316764387245755 -0.0711601982721699
v 0.2702028459940067 -0.073418359605526 0.16749317198342162
v 0.2702028459940067 -0.073418359605526 0.16749317198342162
v 0.2702028459940067 -0.073418359605526 0.16749317198342162
v 0.2702028459940067 -0.073418359605526 0.16749317198342162
v 0.2703419011856294 -0.054024098707831314 -0.030641085927617606
v 0.2703419011856294 -0.054024098707831314 -0.030641085927617606
v 0.2703419011856294 -0.054024098707831314 -0.030641085927617606
v 0.2703427350105283 -0.08631328299032504 0.19267270359621236
v 0.2703427350105283 -0.08631328299032504 0.19267270359621236
v 0.2703427350105283 -0.08631328299032504 0.19267270359621236
v 0.27078704456380187 -0.07091890991213745 0.23054348197251429
v 0.27078704456380187 -0.07091890991213745 0.23054348197251429
v 0.2708462461316241 -0.07088403816368682 -0.308658114286267
v 0.2708462461316241 -0.07088403816368682 -0.308658114286267
v 0.2708462461316241 -0.07088403816368682 -0.308658114286267
v 0.27148699589724146 -0.04517212424267569 -0.2864120828959358
v 0.27148699589724146 -0.04517212424267569 -0.2864120828959358
v 0.27148699589724146 -0.04517212424267569 -0.2864120828959358
v 0.27219479411856895 -0.07316049925553969 0.1965446886321196
v 0.27219479411856895 -0.07316049925553969 0.1965446886321196
v 0.27219479411856895 -0.07316049925553969 0.1965446886321196
v 0.27219479411856895 -0.07316049925553969 0.1965446886321196
v 0.27234093682183236 -0.08711738798747604 -0.28662467846569584
v 0.27234093682183236 -0.08711738798747604 -0.28662467846569584
v 0.27234093682183236 -0.08711738798747604 -0.28662467846569584
v 0.2725746013600201 -0.08924119956390797 0.18202333022308537
v 0.2725746013600201 -0.08924119956390797 0.18202333022308537
v 0.2725746013600201 -0.08924119956390797 0.18202333022308537
v 0.2725746013600201 -0.08924119956390797 0.18202333022308537
v 0.27282479349888256 -0.08885460260542288 -0.27691231582271314
v 0.27282479349888256 -0.08885460260542288 -0.27691231582271314
v 0.27282479349888256 -0.08885460260542288 -0.27691231582271314
v 0.2729680624841908 -0.07050452871684243 -0.31625625433915516
v 0.2729680624841908 -0.07050452871684243 -0.31625625433915516
v 0.27315387142907355 -0.07090455621209202 -0.32761747594026147
v 0.27315387142907355 -0.07090455621209202 -0.32761747594026147
v 0.27315387142907355 -0.07090455621209202 -0.32761747594026147
v 0.2744721634839724 -0.08964593221394423 -0.05969935599963183
v 0.2744721634839724 -0.08964593221394423 -0.05969935599963183
v 0.2744721634839724 -0.08964593221394423 -0.05969935599963183
v 0.2744750520916579 -0.044719595558255776 0.18221697116612567
v 0.2744750520916579 -0.044719595558255776 0.18221697116612567
v 0.2744750520916579 -0.044719595558255776 0.18221697116612567
v 0.2744750520916579 -0.044719595558255776 0.18221697116612567
v 0.27565548013336105 -0.07554642964483449 -0.2866131835938752
v 0.27565548013336105 -0.07554642964483449 -0.2866131835938752
v 0.27565548013336105 -0.07554642964483449 -0.2866131835938752
v 0.2758287370355692 -0.06279432855343359 0.2112607451550481
v 0.2758287370355692 -0.06279432855343359 0.2112607451550481
v 0.2758287370355692 -0.06279432855343359 0.2112607451550481
v 0.2758287370355692 -0.06279432855343359 0.2112607451550481
v 0.2762827249135622 -0.0906827636962717 -0.05028840965765344
v 0.2762827249135622 -0.0906827636962717 -0.05028840965765344
v 0.2762827249135622 -0.0906827636962717 -0.05028840965765344
v 0.27648406384718704 -0.07509815942329112 -0.031385397490165445
v 0.27648406384718704 -0.07509815942329112 -0.031385397490165445
v 0.27648406384718704 -0.07509815942329112 -0.031385397490165445
v 0.2765545518306052 -0.07354382047335051 -0.272223837534014
v 0.2765545518306052 -0.07354382047335051 -0.272223837534014
v 0.2765545518306052 -0.07354382047335051 -0.272223837534014
v 0.2765545518306052 -0.07354382047335051 -0.272223837534014
v 0.27681449674283876 -0.081625072716772 -0.04911849981452157
v 0.27681449674283876 -0.081625072716772 -0.04911849981452157
v 0.27681449674283876 -0.081625072716772 -0.04911849981452157
v 0.27681449674283876 -0.081625072716772 -0.04911849981452157
v 0.2774796209970187 -0.08589559627489507 -0.033777008311584034
v 0.2774796209970187 -0.08589559627489507 -0.033777008311584034
v 0.2774796209970187 -0.08589559627489507 -0.033777008311584034
v 0.2774796209970187 -0.08589559627489507 -0.033777008311584034
v 0.2778049318254343 -0.062158328611793934 0.21597656098864704
v 0.2778049318254343 -0.062158328611793934 0.21597656098864704
v 0.2780890576597361 -0.04734921127425551 -0.28252179838144365
v 0.2780890576597361 -0.04734921127425551 -0.28252179838144365
v 0.2780890576597361 -0.04734921127425551 -0.28252179838144365
v 0.2780890576597361 -0.04734921127425551 -0.28252179838144365
v 0.27840793612464587 -0.07314882570695502 0.18049942588195478
v 0.27840793612464587 -0.07314882570695502 0.18049942588195478
v 0.27840793612464587 -0.07314882570695502 0.18049942588195478
v 0.2786025449001581 -0.05315025021377906 0.22821624690021025
v 0.2786025449001581 -0.05315025021377906 0.22821624690021025
v 0.2786397841157324 -0.04838380929703234 0.18599089243802958
v 0.2786397841157324 -0.04838380929703234 0.18599089243802958
v 0.2786397841157324 -0.04838380929703234 0.18599089243802958
v 0.2787463796952192 -0.09074017849645344 -0.04488579570615189
v 0.2787463796952192 -0.09074017849645344 -0.04488579570615189
v 0.2787463796952192 -0.09074017849645344 -0.04488579570615189
v 0.2787463796952192 -0.09074017849645344 -0.04488579570615189
v 0.27956821836120227 -0.05371126547343863 0.18655999282126245
v 0.27956821836120227 -0.05371126547343863 0.18655999282126245
v 0.27956821836120227 -0.05371126547343863 0.18655999282126245
v 0.27975051332972534 -0.07101902845892738 0.16464749139049317
v 0.27975051332972534 -0.07101902845892738 0.16464749139049317
v 0.27975051332972534 -0.07101902845892738 0.16464749139049317
v 0.27984472065357124 -0.053601379263547244 -0.2825363605377138
v 0.27984472065357124 -0.053601379263547244 -0.2825363605377138
v 0.27984472065357124 -0.053601379263547244 -0.2825363605377138
v 0.28071035001647715 -0.07073561733168177 0.21628322987467996
v 0.28071035001647715 -0.07073561733168177 0.21628322987467996
v 0.28071035001647715 -0.07073561733168177 0.21628322987467996
v 0.280963162747879 -0.07068311614251144 -0.26218564292205393
v 0.280963162747879 -0.07068311614251144 -0.26218564292205393
v 0.280963162747879 -0.07068311614251144 -0.26218564292205393
v 0.2814603159541207 -0.08161286313789518 -0.045685930030995525
v 0.2814603159541207 -0.08161286313789518 -0.045685930030995525
v 0.2814603159541207 -0.08161286313789518 -0.045685930030995525
v 0.2814603159541207 -0.08161286313789518 -0.045685930030995525
v 0.2818891104083825 -0.0817087827807299 -0.05079022637396724
v 0.2818891104083825 -0.0817087827807299 -0.05079022637396724
v 0.2818891104083825 -0.0817087827807299 -0.05079022637396724
v 0.28301316593102754 -0.0711774551897193 -0.07046523127596083
v 0.28301316593102754 -0.0711774551897193 -0.07046523127596083
v 0.2836901721900169 -0.09047088283356786 -0.049685158979935196
v 0.2836901721900169 -0.09047088283356786 -0.049685158979935196
v 0.2836901721900169 -0.09047088283356786 -0.049685158979935196
v 0.2836901721900169 -0.09047088283356786 -0.049685158979935196
v 0.28387974823667506 -0.07003958199732097 0.22601182232373063
v 0.28387974823667506 -0.07003958199732097 0.22601182232373063
v 0.28387974823667506 -0.07003958199732097 0.22601182232373063
v 0.28488470080634976 -0.09150238379243447 -0.04206502912185878
v 0.28488470080634976 -0.09150238379243447 -0.04206502912185878
v 0.28488470080634976 -0.09150238379243447 -0.04206502912185878
v 0.28625093779293564 -0.07390230562095823 -0.06533050590782796
v 0.28625093779293564 -0.07390230562095823 -0.06533050590782796
v 0.28625093779293564 -0.07390230562095823 -0.06533050590782796
v 0.2864336347841778 -0.08789216021586199 -0.06061792300692859
v 0.2864336347841778 -0.08789216021586199 -0.06061792300692859
v 0.2864336347841778 -0.08789216021586199 -0.06061792300692859
v 0.2865848251060257 -0.07084371677393264 -0.02720672867849494
v 0.2865848251060257 -0.07084371677393264 -0.02720672867849494
v 0.2869842421223314 -0.07073936954372684 0.19869600154048506
v 0.2869842421223314 -0.07073936954372684 0.19869600154048506
v 0.2869842421223314 -0.07073936954372684 0.19869600154048506
v 0.2869842421223314 -0.07073936954372684 0.19869600154048506
v 0.2869842421223314 -0.07073936954372684 0.19869600154048506
v 0.2876179192660384 -0.07080151927815592 -0.2943051736170812
v 0.2876179192660384 -0.07080151927815592 -0.2943051736170812
v 0.2876179192660384 -0.07080151927815592 -0.2943051736170812
v 0.2889276943951842 -0.0628485271718624 -0.2968494860679769
v 0.2889276943951842 -0.0628485271718624 -0.2968494860679769
v 0.2889276943951842 -0.0628485271718624 -0.2968494860679769
v 0.28942310550297634 -0.06297678730899037 0.1972551074459865
v 0.28942310550297634 -0.06297678730899037 0.1972551074459865
v 0.28942310550297634 -0.06297678730899037 0.1972551074459865
v 0.2912903074667703 -0.07081051267527982 0.18013638447686375
v 0.2912903074667703 -0.07081051267527982 0.18013638447686375
v 0.2912903074667703 -0.07081051267527982 0.18013638447686375
v 0.29168044818107575 -0.07062025170102615 -0.27784474051591346
v 0.29168044818107575 -0.07062025170102615 -0.27784474051591346
v 0.29168044818107575 -0.07062025170102615 -0.27784474051591346
v 0.2917428957101116 -0.06239424149926265 0.17440711403756737
v 0.2917428957101116 -0.06239424149926265 0.17440711403756737
v 0.2917428957101116 -0.06239424149926265 0.17440711403756737
v 0.29176475383424716 -0.06187226711254823 -0.27044220685047016
v 0.29176475383424716 -0.06187226711254823 -0.27044220685047016
v 0.29176475383424716 -0.06187226711254823 -0.27044220685047016
v 0.2920643352086394 -0.06226630893620211 -0.30182581262356223
v 0.2920643352086394 -0.06226630893620211 -0.30182581262356223
v 0.29212556177978755 -0.05421817145305141 -0.31837378244938463
v 0.29212556177978755 -0.05421817145305141 -0.31837378244938463
v 0.2921564430805077 -0.08617632725067992 -0.040148025197822235
v 0.2921564430805077 -0.08617632725067992 -0.040148025197822235
v 0.2921564430805077 -0.08617632725067992 -0.040148025197822235
v 0.2921564430805077 -0.08617632725067992 -0.040148025197822235
v 0.2925223730932842 -0.08895224945697677 -0.05192870958000534
v 0.2925223730932842 -0.08895224945697677 -0.05192870958000534
v 0.2925223730932842 -0.08895224945697677 -0.05192870958000534
v 0.2925223730932842 -0.08895224945697677 -0.05192870958000534
v 0.29368999596689704 -0.0621614852346255 0.20204444876799244
v 0.29368999596689704 -0.0621614852346255 0.20204444876799244
v 0.29368999596689704 -0.0621614852346255 0.20204444876799244
v 0.2940880282382814 -0.07110002859196385 0.21810853213730397
v 0.2940880282382814 -0.07110002859196385 0.21810853213730397
v 0.2940880282382814 -0.07110002859196385 0.21810853213730397
v 0.29572015113950556 -0.0706636105957692 -0.2994076310783562
v 0.29572015113950556 -0.0706636105957692 -0.2994076310783562
v 0.2957593111302934 -0.0737064758875583 -0.03881263042641436
v 0.2957593111302934 -0.0737064758875583 -0.03881263042641436
v 0.2957593111302934 -0.0737064758875583 -0.03881263042641436
v 0.2957593111302934 -0.0737064758875583 -0.03881263042641436
v 0.2964083246962481 -0.06993797447749728 0.21764412144807466
v 0.2964083246962481 -0.06993797447749728 0.21764412144807466
v 0.2964083246962481 -0.06993797447749728 0.21764412144807466
v 0.2964083246962481 -0.06993797447749728 0.21764412144807466
v 0.2968774405402641 -0.07411076184568444 -0.05376353801291689
v 0.2968774405402641 -0.07411076184568444 -0.05376353801291689
v 0.2968774405402641 -0.07411076184568444 -0.05376353801291689
v 0.2968774405402641 -0.07411076184568444 -0.05376353801291689
v 0.29825423434565934 -0.07100026739870202 -0.31286776862677
v 0.29825423434565934 -0.07100026739870202 -0.31286776862677
v 0.29890717880042317 -0.053208081926410244 0.21556337097177902
v 0.29890717880042317 -0.053208081926410244 0.21556337097177902
v 0.29890717880042317 -0.053208081926410244 0.21556337097177902
v 0.3000521395044622 -0.07054437363522581 0.1954786881680608
v 0.3000521395044622 -0.07054437363522581 0.1954786881680608
v 0.30342731379792554 -0.06098692374667536 -0.010789133331508438
v 0.3038153699499837 -0.061898562376324406 -0.2820721434149789
v 0.3038153699499837 -0.061898562376324406 -0.2820721434149789
v 0.30429487882577533 -0.06146935100961315 -0.07291498649434769
v 0.30439285325139664 -0.07087793337424841 -0.06725978687983192
v 0.30439285325139664 -0.07087793337424841 -0.06725978687983192
v 0.30439285325139664 -0.07087793337424841 -0.06725978687983192
v 0.30439285325139664 -0.07087793337424841 -0.06725978687983192
v 0.30439285325139664 -0.07087793337424841 -0.06725978687983192
v 0.3045997013852464 -0.06273298286444273 -0.06901335228290573
v 0.3045997013852464 -0.06273298286444273 -0.06901335228290573
v 0.3045997013852464 -0.06273298286444273 -0.06901335228290573
v 0.3051166430431067 -0.06320817371843646 -0.028285709264975534
v 0.3051166430431067 -0.06320817371843646 -0.028285709264975534
v 0.3051166430431067 -0.06320817371843646 -0.028285709264975534
v 0.3052944264233375 -0.054346937841010856 -0.3044936651670689
v 0.3052944264233375 -0.054346937841010856 -0.3044936651670689
v 0.30529850620945 -0.06253968438520019 0.18255380664582255
v 0.30529850620945 -0.06253968438520019 0.18255380664582255
v 0.3057450492222742 -0.06122137744057099 0.08638916818811815
v 0.3057450492222742 -0.06122137744057099 0.08638916818811815
v 0.3057450492222742 -0.06122137744057099 0.08638916818811815
v 0.3061341178759953 -0.06292604310799987 -0.0707867973371965
v 0.3061341178759953 -0.06292604310799987 -0.0707867973371965
v 0.3061341178759953 -0.06292604310799987 -0.0707867973371965
v 0.30623697613316736 -0.061536801488042414 -0.2350885522774675
v 0.30623697613316736 -0.061536801488042414 -0.2350885522774675
v 0.30623697613316736 -0.061536801488042414 -0.2350885522774675
v 0.3063681546574415 -0.06290204086269569 -0.023005671296045582
v 0.3063681546574415 -0.06290204086269569 -0.023005671296045582
v 0.30653423470962693 -0.07016578735166235 0.17813106537445833
v 0.30653423470962693 -0.07016578735166235 0.17813106537445833
v 0.30670284601596975 -0.07040196825427714 -0.027622924559674855
v 0.30670284601596975 -0.07040196825427714 -0.027622924559674855
v 0.30670284601596975 -0.07040196825427714 -0.027622924559674855
v 0.30670284601596975 -0.07040196825427714 -0.027622924559674855
v 0.3071049580734666 -0.07059863181257597 -0.27445562943485413
v 0.3071049580734666 -0.07059863181257597 -0.27445562943485413
v 0.30943901264226525 -0.07052212837810146 0.2018996014712684
v 0.30943901264226525 -0.07052212837810146 0.2018996014712684
v 0.30943901264226525 -0.07052212837810146 0.2018996014712684
v 0.311976401368554 -0.05413645661295874 0.19583081540081437
v 0.311976401368554 -0.05413645661295874 0.19583081540081437
v 0.3158140209068421 -0.053507425065117076 -0.28376163644719377
v 0.3158140209068421 -0.053507425065117076 -0.28376163644719377
v 0.3165143147040794 -0.07072662393455786 -0.2820671553553158
v 0.3165143147040794 -0.07072662393455786 -0.2820671553553158
v 0.3168191372635505 -0.05413011358783493 0.18082433468765124
v 0.3168191372635505 -0.05413011358783493 0.18082433468765124
v 0.3168604711549676 -0.05286957879691556 0.1574968770726315
v 0.3168604711549676 -0.05286957879691556 0.1574968770726315
v 0.3171262826209542 -0.05293009066100751 -0.25309590924286773
v 0.3171262826209542 -0.05293009066100751 -0.25309590924286773
v 0.3175836653574642 -0.0710692664090864 -0.046591673025387
v 0.3175836653574642 -0.0710692664090864 -0.046591673025387
v 0.317651800763489 -0.05328375153598586 0.07966148177076526
v 0.317651800763489 -0.05328375153598586 0.07966148177076526
v 0.317809393669382 -0.07060479616093573 0.17289598508506643
v 0.317809393669382 -0.07060479616093573 0.17289598508506643
v 0.31797017297756724 -0.07097087507101563 -0.24207658562977308
v 0.31797017297756724 -0.07097087507101563 -0.24207658562977308
v 0.3179815189520845 -0.05364205800682953 -0.08568977767356678
v 0.3179815189520845 -0.05364205800682953 -0.08568977767356678
v 0.039628452470430404 0.04059471772568557 0.14665896993396998
v 0.03950718451577116 -0.09195786064346123 0.1933489504789545
v 0.03950718451577116 -0.09195786064346123 0.1933489504789545
v 0.03950718451577116 -0.09195786064346123 0.1933489504789545
v 0.03950718451577116 -0.09195786064346123 0.1933489504789545
v 0.03950718451577116 -0.09195786064346123 0.1933489504789545
v 0.03950718451577116 -0.09195786064346123 0.1933489504789545
v 0.039324527424353245 -0.09151983455639012 0.18277829911012233
v 0.039324527424353245 -0.09151983455639012 0.18277829911012233
v 0.039324527424353245 -0.09151983455639012 0.18277829911012233
v 0.039324527424353245 -0.09151983455639012 0.18277829911012233
v 0.039324527424353245 -0.09151983455639012 0.18277829911012233
v 0.039324527424353245 -0.09151983455639012 0.18277829911012233
v 0.0392605058879643 -0.08792712130269464 -0.29790521261810277
v 0.0392605058879643 -0.08792712130269464 -0.29790521261810277
v 0.0392605058879643 -0.08792712130269464 -0.29790521261810277
v 0.039171097884816854 -0.08545545584611602 0.20226005206328068
v 0.039171097884816854 -0.08545545584611602 0.20226005206328068
v 0.038846029189008285 0.502670652568872 0.07706244956087893
v 0.03863991530498581 -0.07310356092672876 -0.30407880750040306
v 0.03863991530498581 -0.07310356092672876 -0.30407880750040306
v 0.03863991530498581 -0.07310356092672876 -0.30407880750040306
v 0.03835818520503011 -0.08170914013425801 0.18881539983441797
v 0.03835818520503011 -0.08170914013425801 0.18881539983441797
v 0.03835818520503011 -0.08170914013425801 0.18881539983441797
v 0.03835818520503011 -0.08170914013425801 0.18881539983441797
v 0.03823975926948604 0.6999510775058653 0.03673715869734728
v 0.03823975926948604 0.6999510775058653 0.03673715869734728
v 0.038086849067458184 0.9077058768153279 -0.0883039601840716
v 0.038086849067458184 0.9077058768153279 -0.0883039601840716
v 0.038086849067458184 0.9077058768153279 -0.0883039601840716
v 0.03790134780489375 0.604846453840624 -0.15314971108159625
v 0.03774917604042982 -0.09181381739217542 -0.2808718673627357
v 0.03774917604042982 -0.09181381739217542 -0.2808718673627357
v 0.03774917604042982 -0.09181381739217542 -0.2808718673627357
v 0.03774917604042982 -0.09181381739217542 -0.2808718673627357
v 0.03774917604042982 -0.09181381739217542 -0.2808718673627357
v 0.03774917604042982 -0.09181381739217542 -0.2808718673627357
v 0.03767358483459052 -0.08528175225199774 0.1743983290966682
v 0.037544587423158804 0.9066656206950228 -0.08099998164373279
v 0.037544587423158804 0.9066656206950228 -0.08099998164373279
v 0.037544587423158804 0.9066656206950228 -0.08099998164373279
v 0.037520098469794205 -0.0910358885409579 0.18899425527523306
v 0.037520098469794205 -0.0910358885409579 0.18899425527523306
v 0.037520098469794205 -0.0910358885409579 0.18899425527523306
v 0.03715500274722067 -0.07581286647949526 -0.2685657881435972
v 0.03715500274722067 -0.07581286647949526 -0.2685657881435972
v 0.03715500274722067 -0.07581286647949526 -0.2685657881435972
v 0.03665294337483277 0.7661217836126148 -0.12002020997777052
v 0.03623165846300591 0.866655158289749 -0.000160188668404615
v 0.035719617387642955 -0.05362862747006503 0.18001683483198327
v 0.035719617387642955 -0.05362862747006503 0.18001683483198327
v 0.035719617387642955 -0.05362862747006503 0.18001683483198327
v 0.035397707932001365 -0.08513035347392517 -0.271623900519252
v 0.035397707932001365 -0.08513035347392517 -0.271623900519252
v 0.035397707932001365 -0.08513035347392517 -0.271623900519252
v 0.03489042645200163 0.45229610402373943 -0.17162857369273166
v 0.03481952202143812 0.8459572419420773 -0.09314142511452861
v 0.03481952202143812 0.8459572419420773 -0.09314142511452861
v 0.03476976100795398 -0.05235692538139247 -0.2745879693580946
v 0.03476976100795398 -0.05235692538139247 -0.2745879693580946
v 0.0340041138577446 0.9070999243495095 -0.016872745850946114
v 0.0340041138577446 0.9070999243495095 -0.016872745850946114
v 0.0340041138577446 0.9070999243495095 -0.016872745850946114
v 0.0339998493459151 -0.04753232517794714 0.17400930511213808
v 0.03334171070178382 0.8659375328463987 -0.08568331553060027
v 0.03334171070178382 0.8659375328463987 -0.08568331553060027
v 0.032989956642896834 0.41082189155524695 0.09342577184078493
v 0.032630108154355075 0.26578378316958506 -0.21788337953400472
v 0.032480333752801516 0.7252080208266811 0.02048696858854626
v 0.03217527435355727 -0.07247926431313445 0.16764443675392116
v 0.03217527435355727 -0.07247926431313445 0.16764443675392116
v 0.03217527435355727 -0.07247926431313445 0.16764443675392116
v 0.03217527435355727 -0.07247926431313445 0.16764443675392116
v 0.03217527435355727 -0.07247926431313445 0.16764443675392116
v 0.03217527435355727 -0.07247926431313445 0.16764443675392116
v 0.03185278512904066 0.569760114596372 0.06297423340736508
v 0.031667760686825086 0.8952064246682951 -0.08475897596097326
v 0.031667760686825086 0.8952064246682951 -0.08475897596097326
v 0.031667760686825086 0.8952064246682951 -0.08475897596097326
v 0.03137122705411133 0.4110962122694694 -0.19010003610788928
v 0.03137122705411133 0.4110962122694694 -0.19010003610788928
v 0.03130893586724404 -0.06181163613061358 0.1636334411955822
v 0.030400394301505207 0.5015207931435519 -0.1730630279788592
v 0.030016071749329187 0.700223380894279 -0.13304851556693365
v 0.02972527996887686 -0.08794329154984126 -0.2924948057539858
v 0.02972527996887686 -0.08794329154984126 -0.2924948057539858
v 0.02972527996887686 -0.08794329154984126 -0.2924948057539858
v 0.029230599388479384 0.013709522833533327 -0.2476549784315587
v 0.029139641748279654 -0.08679261318935261 0.19542174983924987
v 0.029139641748279654 -0.08679261318935261 0.19542174983924987
v 0.029139641748279654 -0.08679261318935261 0.19542174983924987
v 0.028891384343752935 -0.07580816132470858 0.17584631070280743
v 0.028891384343752935 -0.07580816132470858 0.17584631070280743
v 0.028885596891692344 0.8676803757824132 -0.09533868400828327
v 0.028885596891692344 0.8676803757824132 -0.09533868400828327
v 0.02877944148985867 0.027867750499094512 -0.2582128841912219
v 0.028548203977715958 0.8966189836059613 -0.013226459347496
v 0.028548203977715958 0.8966189836059613 -0.013226459347496
v 0.0284748469293834 -0.08567787863789889 0.18135826552782675
v 0.0284748469293834 -0.08567787863789889 0.18135826552782675
v 0.0284748469293834 -0.08567787863789889 0.18135826552782675
v 0.028423171189638663 0.18870134664116023 0.13368496719134804
v 0.028231330973361057 -0.07321088610300208 0.20285978062181798
v 0.028231330973361057 -0.07321088610300208 0.20285978062181798
v 0.028231330973361057 -0.07321088610300208 0.20285978062181798
v 0.028231330973361057 -0.07321088610300208 0.20285978062181798
v 0.02804199874603719 0.847797612611803 -0.005246401433881331
v 0.02788923383520614 0.46657949848495095 0.07159074167696211
v 0.02786995535685155 0.9000179516885041 -0.07954147299824488
v 0.02786995535685155 0.9000179516885041 -0.07954147299824488
v 0.02786995535685155 0.9000179516885041 -0.07954147299824488
v 0.02786995535685155 0.9000179516885041 -0.07954147299824488
v 0.02786995535685155 0.9000179516885041 -0.07954147299824488
v 0.02786995535685155 0.9000179516885041 -0.07954147299824488
v 0.027190761238110706 0.6987115967936433 0.03676402721574146
v 0.027190761238110706 0.6987115967936433 0.03676402721574146
v 0.02693499754827755 -0.08499926428803306 -0.2817670677300921
v 0.02693499754827755 -0.08499926428803306 -0.2817670677300921
v 0.02693499754827755 -0.08499926428803306 -0.2817670677300921
v 0.026729468086170827 -0.0700107554793874 -0.2624595395116138
v 0.026729468086170827 -0.0700107554793874 -0.2624595395116138
v 0.026729468086170827 -0.0700107554793874 -0.2624595395116138
v 0.026729468086170827 -0.0700107554793874 -0.2624595395116138
v 0.026111668048044434 -0.04518341065827158 -0.27038526852165923
v 0.02578120258110761 -0.0745754703295205 -0.2952724998381928
v 0.02578120258110761 -0.0745754703295205 -0.2952724998381928
v 0.02578120258110761 -0.0745754703295205 -0.2952724998381928
v 0.02578120258110761 -0.0745754703295205 -0.2952724998381928
v 0.02578120258110761 -0.0745754703295205 -0.2952724998381928
v 0.02570179657982541 0.9067584432739473 -0.008406348397747454
v 0.02570179657982541 0.9067584432739473 -0.008406348397747454
v 0.02570179657982541 0.9067584432739473 -0.008406348397747454
v 0.02535744550874064 0.6267973261064732 -0.13612864240889255
v 0.02535744550874064 0.6267973261064732 -0.13612864240889255
v 0.025356161269499022 0.8466696262003488 -0.10180791820886892
v 0.02529626546799979 -0.07056456410956358 0.2216946939096509
v 0.02529626546799979 -0.07056456410956358 0.2216946939096509
v 0.02529626546799979 -0.07056456410956358 0.2216946939096509
v 0.025128267432425244 -0.07039196235549028 -0.3171363862994099
v 0.025128267432425244 -0.07039196235549028 -0.3171363862994099
v 0.025128267432425244 -0.07039196235549028 -0.3171363862994099
v 0.025128267432425244 -0.07039196235549028 -0.3171363862994099
v 0.024538498242267504 0.9000344197302574 -0.09243588640977984
v 0.024538498242267504 0.9000344197302574 -0.09243588640977984
v 0.024538498242267504 0.9000344197302574 -0.09243588640977984
v 0.02418170959331012 -0.07523502582455421 -0.2781620257796771
v 0.02418170959331012 -0.07523502582455421 -0.2781620257796771
v 0.02418170959331012 -0.07523502582455421 -0.2781620257796771
v 0.02418170959331012 -0.07523502582455421 -0.2781620257796771
v 0.024138141311734196 -0.0621392995364225 0.21995798554253554
v 0.024138141311734196 -0.0621392995364225 0.21995798554253554
v 0.024138141311734196 -0.0621392995364225 0.21995798554253554
v 0.024122169284122696 0.8947891548653146 -0.004224262392964473
v 0.02364043811607819 -0.062066905667521155 -0.3176646143728661
v 0.02364043811607819 -0.062066905667521155 -0.3176646143728661
v 0.02364043811607819 -0.062066905667521155 -0.3176646143728661
v 0.02312704952011968 -0.07476379563883029 0.18724770479636454
v 0.02312704952011968 -0.07476379563883029 0.18724770479636454
v 0.02312704952011968 -0.07476379563883029 0.18724770479636454
v 0.02312704952011968 -0.07476379563883029 0.18724770479636454
v 0.02312704952011968 -0.07476379563883029 0.18724770479636454
v 0.022952662859622164 0.9067019218575858 -0.021176211076224805
v 0.022952662859622164 0.9067019218575858 -0.021176211076224805
v 0.022952662859622164 0.9067019218575858 -0.021176211076224805
v 0.022849642676632698 0.35638700684052127 -0.2004468799400172
v 0.022699533721450615 0.37446403285417107 0.08843279856668218
v 0.02260927403736046 -0.05296600469058177 0.23219302585823343
v 0.02260927403736046 -0.05296600469058177 0.23219302585823343
v 0.02223500205316231 0.9002968661171877 -0.021449990409158293
v 0.02223500205316231 0.9002968661171877 -0.021449990409158293
v 0.02223500205316231 0.9002968661171877 -0.021449990409158293
v 0.022115087609888562 0.5914982721746185 0.04593518538527874
v 0.02172171954653246 0.8647946269251463 -0.015036283735434086
v 0.02155066818563056 0.18789162821567196 0.12111411878734657
v 0.020319192564681288 0.7034950120029748 -0.11941783104723314
v 0.020319192564681288 0.7034950120029748 -0.11941783104723314
v 0.020114769595660276 0.2657094089665488 0.11999249029074655
v 0.020060133591402796 0.8661686810201594 -0.08037431145251483
v 0.019623804933590172 0.8518180184797153 0.0018612187876305697
v 0.01940098384152078 -0.07106599066841213 -0.320032200614385
v 0.01940098384152078 -0.07106599066841213 -0.320032200614385
v 0.01938131450774483 0.4116196835393868 0.09129770180147645
v 0.01937952029523915 -0.07167096041202825 0.22704442512264222
v 0.019216058974376837 0.9072768739048414 -0.08351240773711055
v 0.019216058974376837 0.9072768739048414 -0.08351240773711055
v 0.019216058974376837 0.9072768739048414 -0.08351240773711055
v 0.018423839704467815 -0.07122036739255222 -0.27528081829016315
v 0.018423839704467815 -0.07122036739255222 -0.27528081829016315
v 0.018423839704467815 -0.07122036739255222 -0.27528081829016315
v 0.018423839704467815 -0.07122036739255222 -0.27528081829016315
v 0.018423839704467815 -0.07122036739255222 -0.27528081829016315
v 0.018236065315180516 -0.07093817722319429 0.17786742780910103
v 0.018236065315180516 -0.07093817722319429 0.17786742780910103
v 0.018236065315180516 -0.07093817722319429 0.17786742780910103
v 0.018224356403486297 0.1287995743600625 -0.2402490350178681
v 0.017649125173786917 -0.06289754416413373 -0.2779829023237159
v 0.017649125173786917 -0.06289754416413373 -0.2779829023237159
v 0.017649125173786917 -0.06289754416413373 -0.2779829023237159
v 0.017460016292418112 0.849060559539037 -0.08644440409680598
v 0.017050708772735623 0.9069550472733248 -0.07212656224445846
v 0.017050708772735623 0.9069550472733248 -0.07212656224445846
v 0.017050708772735623 0.9069550472733248 -0.07212656224445846
v 0.017050708772735623 0.9069550472733248 -0.07212656224445846
v 0.01700085237191651 -0.06315445157137844 0.18035130284455647
v 0.01700085237191651 -0.06315445157137844 0.18035130284455647
v 0.01700085237191651 -0.06315445157137844 0.18035130284455647
v 0.01697762811502246 0.29121666354406983 0.10333348774579676
v 0.016595792147812816 0.5360462511357174 -0.15291472135740847
v 0.016595792147812816 0.5360462511357174 -0.15291472135740847
v 0.01654886344022133 0.07455899667115773 0.13923696050124512
v 0.01477598605689967 0.8666388987042204 -0.007363419570846741
v 0.014435869252879652 0.14614587196766493 -0.2244757778615103
v 0.014435869252879652 0.14614587196766493 -0.2244757778615103
v 0.01407568295358086 0.8965075786435754 -0.07543290875943631
v 0.01407568295358086 0.8965075786435754 -0.07543290875943631
v 0.013963637732790524 0.06272091656625989 0.15383683245834945
v 0.013928691535688209 0.8969740441155913 -0.022245172735404495
v 0.013928691535688209 0.8969740441155913 -0.022245172735404495
v 0.013928691535688209 0.8969740441155913 -0.022245172735404495
v 0.013288526191986616 0.6992177285072785 -0.12978476857045163
v 0.013288526191986616 0.6992177285072785 -0.12978476857045163
v 0.012628514698961313 0.446428292088517 -0.16982543479371515
v 0.012628514698961313 0.446428292088517 -0.16982543479371515
v 0.012318080572369272 -0.061009347680563764 0.20241713871834222
v 0.01167406437215912 0.8655193398801373 -0.023379410972384163
v 0.01150346714803252 0.8479832279901913 -0.09596592134361925
v 0.01150346714803252 0.8479832279901913 -0.09596592134361925
v 0.011248988628049128 0.348984275886151 0.10293456209059215
v 0.010946021701221387 0.8661681449898673 -0.07272231710621191
v 0.010873611081373413 0.21972347443084672 -0.22344877360120563
v 0.01013079407550821 0.7004536059047588 0.03143404723004295
v 0.01013079407550821 0.7004536059047588 0.03143404723004295
v 0.010035643115002157 0.9003487419376839 -0.03651152031659577
v 0.010035643115002157 0.9003487419376839 -0.03651152031659577
v 0.010035643115002157 0.9003487419376839 -0.03651152031659577
v 0.010035643115002157 0.9003487419376839 -0.03651152031659577
v 0.009294410004201614 0.9002769734374567 -0.05977263301566382
v 0.009294410004201614 0.9002769734374567 -0.05977263301566382
v 0.009294410004201614 0.9002769734374567 -0.05977263301566382
v 0.009294410004201614 0.9002769734374567 -0.05977263301566382
v 0.009209851225614463 0.7136383430008486 0.016188519341175045
v 0.008856331803074324 0.9003262286654135 -0.014194541222422252
v 0.008856331803074324 0.9003262286654135 -0.014194541222422252
v 0.008554051665058404 0.9070744331311715 -0.03908556104471861
v 0.008554051665058404 0.9070744331311715 -0.03908556104471861
v 0.008554051665058404 0.9070744331311715 -0.03908556104471861
v 0.008437254759074087 0.7553256272778199 -0.1029402449767165
v 0.008372093576684225 0.9068242856615001 -0.05509376883972206
v 0.008372093576684225 0.9068242856615001 -0.05509376883972206
v 0.008372093576684225 0.9068242856615001 -0.05509376883972206
v 0.008090774456551042 0.8469977660775285 -0.01716669146240557
v 0.00793439134124796 0.5028834342602613 -0.1692295850099308
v 0.007689715847475576 0.41077925806955373 -0.18678912589056296
v 0.0068656958359980536 0.44852833221046495 0.07102160406940339
v 0.00595304470468605 -0.06888646172105695 -0.2597898406415453
v 0.00595304470468605 -0.06888646172105695 -0.2597898406415453
v 0.00595304470468605 -0.06888646172105695 -0.2597898406415453
v 0.005644797507237342 0.8959666645198716 -0.034379104337245
v 0.005644797507237342 0.8959666645198716 -0.034379104337245
v 0.005441694140567499 0.34208109166217415 -0.18833709203591908
v 0.005441694140567499 0.34208109166217415 -0.18833709203591908
v 0.005397527477953634 0.8955917113305105 -0.06185896714083605
v 0.005397527477953634 0.8955917113305105 -0.06185896714083605
v 0.005311047924152934 0.9067294678587103 -0.07384769595364071
v 0.005311047924152934 0.9067294678587103 -0.07384769595364071
v 0.005311047924152934 0.9067294678587103 -0.07384769595364071
v 0.005228156795363592 0.8667709706123148 -0.08260531047521447
v 0.0047391445491840045 -0.054057898395697634 -0.2933558788594084
v 0.0044054731371838685 0.030051210335258816 -0.24204493006307537
v 0.0044054731371838685 0.030051210335258816 -0.24204493006307537
v 0.0035942471264989173 0.8670154897639186 -0.03829817721473672
v 0.0035942471264989173 0.8670154897639186 -0.03829817721473672
v 0.003459673743707814 0.8955648502569815 -0.0789815093257904
v 0.003307351802354308 0.23341470059409986 -0.2074315928824575
v 0.003307351802354308 0.23341470059409986 -0.2074315928824575
v 0.0029525332508422153 0.8661489670171925 -0.056193932859432305
v 0.0029393558394934516 0.8970920005593257 -0.046908935838229096
v 0.0029393558394934516 0.8970920005593257 -0.046908935838229096
v 0.0029393558394934516 0.8970920005593257 -0.046908935838229096
v 0.0029393558394934516 0.8970920005593257 -0.046908935838229096
v 0.0029393558394934516 0.8970920005593257 -0.046908935838229096
v 0.0028993545789415265 0.8479972243367087 -0.007303514463266048
v 0.002751064032076922 0.5027650460143471 0.07108265196378749
v 0.0017043457688052932 0.9072531694541439 -0.03227386769940921
v 0.0017043457688052932 0.9072531694541439 -0.03227386769940921
v 0.0017043457688052932 0.9072531694541439 -0.03227386769940921
v 0.0017043457688052932 0.9072531694541439 -0.03227386769940921
v 0.0017043457688052932 0.9072531694541439 -0.03227386769940921
v 0.0015612182359352467 0.8480613990744637 -0.07144256711829189
v 0.0010333772954678189 0.2657603020648427 -0.21363422273891608
v 0.0007488159365536262 0.2651697604699237 0.1164997764659983
v 0.0002938974504145264 0.6170857228397377 0.04641415823077821
v 0.000260436503913386 0.8076490330679178 -0.08299350063484567
v -0.00010851612412166034 0.8974058165159207 -0.024381752255600908
v -0.00010851612412166034 0.8974058165159207 -0.024381752255600908
v -0.0003711746897092638 0.8680689977442242 -0.02194425128528188
v -0.0003711746897092638 0.8680689977442242 -0.02194425128528188
v -0.0007155145934962803 -0.06988380563852914 0.1620146892722012
v -0.0007155145934962803 -0.06988380563852914 0.1620146892722012
v -0.0010285897860069504 0.746742025312269 0.0020335078573667786
v -0.0015994471574196645 0.8481801000047149 -0.03216430720236896
v -0.0015994471574196645 0.8481801000047149 -0.03216430720236896
v -0.002117088632605846 0.5791330807260398 0.040456605890811126
v -0.0028441206630969162 0.0917629782361935 -0.243131344347427
v -0.0038563431436089424 0.9046074132704582 -0.05173199739743087
v -0.0038563431436089424 0.9046074132704582 -0.05173199739743087
v -0.0040038222001701484 0.8487999296992079 -0.05163682619619764
v -0.004767382461611902 0.6346294136024255 -0.12329983687165758
v -0.004859631785918417 0.558640523539184 -0.1404896136339513
v -0.00524081632742579 0.8505894966090217 -0.07864530665963287
v -0.0054057684825381536 0.8949776290719278 -0.06107560726047789
v -0.006014613278474634 0.008760384925544429 -0.2566381016415278
v -0.006077980248358816 0.4108188333442268 0.08612182307990679
v -0.006571243512549785 0.897053465937212 -0.041438574893277735
v -0.007192636628728266 0.8671605752963281 -0.059568497604559956
v -0.007568356639201745 0.8675384468728353 -0.04096633592832344
v -0.007865045683475902 0.38296370885467423 0.07948392173648955
v -0.00858299870089363 0.16930169566108333 0.11833492084037545
v -0.00986810899173518 -0.046519585279305886 0.16804443446971007
v -0.0101736574255602 0.7007150100105655 -0.11718719310049419
v -0.011003350424296343 0.8499448010648649 -0.02871187940426534
v -0.011003350424296343 0.8499448010648649 -0.02871187940426534
v -0.012260717425086387 0.5021954840494738 0.06526670840419602
v -0.01243113038880006 0.4434794815008378 -0.16208669101724915
v -0.01346125404761045 0.4644694561866487 0.06037422592014163
v -0.013571333823996223 0.03878689600647789 0.13941988083844237
v -0.013629947247470131 0.7608605867362108 -0.09749375285112638
v -0.013841199019067219 0.6999928580891925 0.01814781428710699
v -0.013865290602753433 0.6459287534842488 -0.12880229949358668
v -0.01388899505345087 0.8488554981728278 -0.059220095596215216
v -0.014146431046122565 0.8507707344066908 -0.04406954743595448
v -0.014635104550936973 0.6115292328312787 0.02566847562818353
v -0.015971878483617363 0.15062625138516594 0.13243598683117064
v -0.016064455381991305 0.7538383218938591 -0.018692626390510947
v -0.01608440762064367 0.7107818375739647 -0.09396222894425321
v -0.016338932671034367 0.5030031328024451 -0.16021820853664615
v -0.016338932671034367 0.5030031328024451 -0.16021820853664615
v -0.016499112667573534 0.34178705671233267 -0.19358832768272727
v -0.016499112667573534 0.34178705671233267 -0.19358832768272727
v -0.016883826075170916 0.8130396217009555 -0.0739900492205332
v -0.017460386213302925 0.17033525140273653 -0.21261831132771292
v -0.017594073657138942 0.7614512325592422 -0.07095920366355912
v -0.018116718081718552 -0.05360462522476084 -0.2696490160256566
v -0.018116718081718552 -0.05360462522476084 -0.2696490160256566
v -0.01979308209420827 -0.04690704584215055 -0.2627871433585014
v -0.019888439649722756 0.25681007026918934 -0.19630193636756132
v -0.02026887225984808 0.03426187717742479 0.15155410279002446
v -0.02039576998665016 0.7764534696992591 -0.013802502067498779
v -0.02039576998665016 0.7764534696992591 -0.013802502067498779
v -0.021813704116968147 0.3310152004174487 0.09650437248538424
v -0.022012377788862558 -0.06991304906891216 -0.2537426446800808
v -0.022012377788862558 -0.06991304906891216 -0.2537426446800808
v -0.022658182617929512 0.6130631430711961 0.0337937716939436
v -0.022783401527636027 0.5796053978620783 -0.1241428934033717
v -0.02282998032656458 0.4111689797775414 -0.17569481759548822
v -0.02282998032656458 0.4111689797775414 -0.17569481759548822
v -0.023292753145456757 0.3429469220364396 -0.17755411311247293
v -0.02378027269617 -0.06181014715757982 -0.26924461094968777
v -0.02378027269617 -0.06181014715757982 -0.26924461094968777
v -0.023791901575563656 0.252355301187869 0.09842249732693276
v -0.024734309832955326 0.5110364177795841 0.04338409066221427
v -0.025482153984025757 0.26523012343671226 0.1082621224951108
v -0.026113180755732657 0.7000148948900922 0.00544889559003936
v -0.026199742203050214 0.7393940029495916 -0.054892722582359166
v -0.027170753632420386 -0.05960113654415622 0.15260336719718381
v -0.027183901264308474 0.024242101161892293 -0.23460106250621493
v -0.02978598586891401 0.6518364624519108 -0.1135954849035965
v -0.03028261793459386 0.7000837152237125 -0.09682802556286774
v -0.030284561044402913 0.7112560457057562 -0.03256713210570572
v -0.030284561044402913 0.7112560457057562 -0.03256713210570572
v -0.03053700153254635 0.6135493374359093 0.010215027544881572
v -0.030852358576231254 0.4110776605960769 0.07436447509289934
v -0.03268123437413628 -0.05360128992516522 0.16830482607385377
v -0.03268123437413628 -0.05360128992516522 0.16830482607385377
v -0.03276073808927382 0.2654635795186753 -0.20206101604699356
v -0.03276073808927382 0.2654635795186753 -0.20206101604699356
v -0.03288325079049148 0.757896994368739 -0.03796635305990659
v -0.03530241505789977 0.11010745358616703 -0.22974181390027404
v -0.03530241505789977 0.11010745358616703 -0.22974181390027404
v -0.035758048251095076 0.21899436900540614 -0.209600550121273
v -0.035758048251095076 0.21899436900540614 -0.209600550121273
v -0.03579317312496144 0.7003647439941041 -0.009457596861474293
v -0.03579317312496144 0.7003647439941041 -0.009457596861474293
v -0.03589624728322338 0.6529890020286917 -0.01296705418798716
v -0.03592185017453886 -0.061806662960680825 0.16895549239987595
v -0.03592185017453886 -0.061806662960680825 0.16895549239987595
v -0.03625508233949404 -0.07102921303447829 0.16520819396581565
v -0.03625508233949404 -0.07102921303447829 0.16520819396581565
v -0.037068895440825145 0.46606786873838857 -0.14143563265094983
v -0.03711975875965834 0.08629800051038927 -0.2199025460856241
v -0.038055831436791365 0.5024973882217987 0.04994446862462887
v -0.03900856572217215 -0.07072772577460285 -0.2612285757251449
v -0.03900856572217215 -0.07072772577460285 -0.2612285757251449
v -0.040515406432335865 0.3832812174643929 -0.1588472366158129
v -0.04132896640825123 0.2775863959368188 -0.18137099125640077
v -0.0418751440516294 0.33917422916728857 0.07091175508383785
v -0.04234664969736457 0.7005291861759524 -0.07088714109115779
v -0.042392636629512204 0.5465091604158268 -0.11343019400711896
v -0.04244285224507571 0.5026312320078032 -0.1428341505729076
v -0.04252596671982012 0.4150188028457534 0.05296467174684416
v -0.04299485921788104 0.6102355535006279 -0.089098334742447
v -0.04411887007133508 -0.04810697943059594 0.1575689433674654
v -0.044184980474033964 0.6998419953414121 -0.03351312134324358
v -0.045111761959436336 0.1432250429057227 0.10820067257800758
v -0.045820825807842525 0.6988264859529281 -0.05065426754829863
v -0.04583523162194414 0.03748550379551219 0.14138002449900355
v -0.04588733823326052 0.018913602704362376 -0.242306200161309
v -0.04588733823326052 0.018913602704362376 -0.242306200161309
v -0.04657865352310431 0.4110292163931195 -0.16084011534852127
v -0.04704642929138991 0.5641168472395055 0.02397604931909214
v -0.048018296880254496 0.6463772172722866 -0.08854979707681032
v -0.05013432857258504 0.6212591653560597 -0.04891430228532395
v -0.050336814015445874 0.6105454832376047 -0.030221982826589278
v -0.050336814015445874 0.6105454832376047 -0.030221982826589278
v -0.05081174429915869 0.6039772360527067 -0.07037690167316568
v -0.05100727623795187 0.2510648082595104 0.08333906648738498
v -0.051214504059925225 0.41111269147852053 0.06042748648555918
v -0.05124001016799351 -0.046298145209725305 -0.2511998807611402
v -0.05124001016799351 -0.046298145209725305 -0.2511998807611402
v -0.05206336014160584 0.5026892498420636 -0.13350133460109515
v -0.05217774305005918 0.041125834406827266 0.1235878092472511
v -0.05225433582291572 0.4485215648280265 0.034656065757253884
v -0.05308930723105654 -0.07073302651860303 0.14694290220177741
v -0.05308930723105654 -0.07073302651860303 0.14694290220177741
v -0.05353642349849874 0.5882262837123946 -0.10276190323159806
v -0.05383380863766618 0.16145266365200683 -0.19638125396106965
v -0.053992436379817654 0.5446432091893811 -0.0003540678471303238
v -0.05555867966916317 0.2654308667811236 0.0918310966113598
v -0.056614905025255347 0.3468111867471668 0.07228839999192971
v -0.05686148640451094 0.6015109308990496 -0.00563825818960817
v -0.05686148640451094 0.6015109308990496 -0.00563825818960817
v -0.056986381462582614 -0.0708887433184735 -0.241821911682079
v -0.056986381462582614 -0.0708887433184735 -0.241821911682079
v -0.057751132902451374 0.34771931884532137 -0.16888306376064932
v -0.05835453922438205 0.1409929829897365 0.1150946772832313
v -0.05959396782254789 0.5025383573148225 0.027331062917678395
v -0.059989439060314176 0.6190431416796471 -0.02789684534504655
v -0.060243033502558774 -0.07012531706460479 0.23285005009910975
v -0.060243033502558774 -0.07012531706460479 0.23285005009910975
v -0.0611493341638818 -0.05363175431343592 -0.2521709294148362
v -0.0611493341638818 -0.05363175431343592 -0.2521709294148362
v -0.0611493341638818 -0.05363175431343592 -0.2521709294148362
v -0.0611493341638818 -0.05363175431343592 -0.2521709294148362
v -0.06126638977893073 0.4103039422814164 -0.1321187710251941
v -0.06127285192189724 0.1426142661672749 -0.2102487298623288
v -0.06246639781602781 0.49338399476110606 -0.10170750186747224
v -0.06277999042666771 0.41141606275458775 -0.14600092075570092
v -0.06377548057271287 -0.058448492739263 -0.23359048161847262
v -0.0640773773001726 -0.058550189597468716 0.1361709118993204
v -0.06485810542069359 0.29096373169482526 -0.16060690494710883
v -0.06535243702303628 0.2658066984645746 -0.1815187271608103
v -0.06608798970171303 0.5967011013080992 -0.05764770284824028
v -0.0681151520385237 0.5021238867811455 -0.11152987728305419
v -0.0707291484273993 0.42368812824598634 0.017584349666806887
v -0.0708723355191907 0.02557115849182523 0.130440450281597
v -0.07153111674824686 0.4108705514266422 0.03992659849457958
v -0.07263517536304853 0.1402708012889029 -0.18713979392974345
v -0.07346840467273985 -0.002136485545253919 -0.21612204355291098
v -0.0737140182195235 0.5021680273867313 0.004384577665508704
v -0.0737140182195235 0.5021680273867313 0.004384577665508704
v -0.07444377134823377 0.4888828441697841 -0.029088669614106832
v -0.07444377134823377 0.4888828441697841 -0.029088669614106832
v -0.07694765818126292 0.4617231459315607 -0.08149832602840146
v -0.07715874244339371 0.5027458308173465 -0.09219383523097946
v -0.07837758598936784 0.21451145833374774 0.08468898432952088
v -0.07844040576166211 0.40412413186730833 -0.10772843978948643
v -0.0792390983418354 0.24978003298760143 0.05864167923265562
v -0.07932052283218649 0.13018789281673904 0.10296073823652563
v -0.0795960870715442 -0.049189939297509255 0.13963408449907888
v -0.07972824831802061 0.4106796031982726 -0.12525313125626347
v -0.08066953984563696 0.42646089010701904 -0.0056193407872142664
v -0.08091446846482508 0.3410853335009829 -0.1267259042634148
v -0.08125313538135348 0.46179733401296774 -0.05223411330426364
v -0.08144371648480941 0.34128321057230426 0.04877584069421825
v -0.08161412944852309 -0.061260567210819517 0.22055238357761198
v -0.08161412944852309 -0.061260567210819517 0.22055238357761198
v -0.08189123477497073 0.26177256426529105 -0.14975839632044696
v -0.0825529716154989 0.502568940820936 -0.02402024077030207
v -0.08270708032449292 0.3075591699809639 0.03797566413223219
v -0.08326381478668043 0.13992994558201488 0.08090529539451552
v -0.0835111183178574 0.5022384483663629 -0.06782581997861525
v -0.08406750287138198 0.02889153857764626 0.1047279109919117
v -0.08481660520466594 0.5025581978804974 -0.04360610597510933
v -0.08482935825870008 0.04649828734831374 -0.19774781852172296
v -0.08502840417385293 -0.04850206353537345 -0.23312126154634427
v -0.08502840417385293 -0.04850206353537345 -0.23312126154634427
v -0.08503994371486456 -0.0709668250643638 0.14216344766071565
v -0.08503994371486456 -0.0709668250643638 0.14216344766071565
v -0.08503994371486456 -0.0709668250643638 0.14216344766071565
v -0.08520717772115116 0.04366614152026216 -0.21416983611861973
v -0.08560968435650196 -0.07091762939532842 -0.23897003696133012
v -0.08560968435650196 -0.07091762939532842 -0.23897003696133012
v -0.08560968435650196 -0.07091762939532842 -0.23897003696133012
v -0.0856159976021651 0.2655779624271286 0.06514639193820315
v -0.08606734999788834 0.4107190114287834 0.016923223305222557
v -0.08606734999788834 0.4107190114287834 0.016923223305222557
v -0.08632387027214428 -0.062231288290448106 -0.24319843747232817
v -0.08632387027214428 -0.062231288290448106 -0.24319843747232817
v -0.08632387027214428 -0.062231288290448106 -0.24319843747232817
v -0.08632750336634665 -0.061819914820681277 0.14569493434326297
v -0.08632750336634665 -0.061819914820681277 0.14569493434326297
v -0.08632750336634665 -0.061819914820681277 0.14569493434326297
v -0.08670787641755062 -0.052851175090218305 -0.24358842928933022
v -0.08670787641755062 -0.052851175090218305 -0.24358842928933022
v -0.08780283740711603 0.2650520273721444 -0.16037426035544922
v -0.08796967683554868 -0.054083121598889505 0.14897009431804875
v -0.08796967683554868 -0.054083121598889505 0.14897009431804875
v -0.08796967683554868 -0.054083121598889505 0.14897009431804875
v -0.08830786728070628 0.11002943139919807 -0.19737783850229462
v -0.08925242710413173 0.14207591307718914 -0.17143304919880364
v -0.08934443074788767 -0.052819847097588024 -0.23670801890790472
v -0.08934443074788767 -0.052819847097588024 -0.23670801890790472
v -0.08951284848773611 -0.07036608400416355 -0.22039273089806777
v -0.08951284848773611 -0.07036608400416355 -0.22039273089806777
v -0.09059269640100887 0.4047764007005581 -0.029164372725575705
v -0.09059269640100887 0.4047764007005581 -0.029164372725575705
v -0.09166541213344992 -0.05194373536452446 0.1488941269138664
v -0.09166541213344992 -0.05194373536452446 0.1488941269138664
v -0.0919019057204018 -0.052923717856423025 0.1366578954197415
v -0.0919019057204018 -0.052923717856423025 0.1366578954197415
v -0.0919019057204018 -0.052923717856423025 0.1366578954197415
v -0.09239971407477832 0.3349648205073361 -0.13268243665685375
v -0.09276859225416167 0.4112176466284978 -0.0977466028068541
v -0.09295840653650522 0.4110554939753409 0.0004551889967174816
v -0.0954853575618273 0.2653511918340872 0.05341056705639868
v -0.09701998250880095 0.3379924461601247 -0.09427900423475277
v -0.09706051235477986 0.3392960346063152 -0.0035158276356650475
v -0.09785392652554847 -0.070611556098509 0.13445856313103732
v -0.09785392652554847 -0.070611556098509 0.13445856313103732
v -0.09785392652554847 -0.070611556098509 0.13445856313103732
v -0.09798436056330573 0.1924476474632879 -0.14777451842972766
v -0.09803575991243108 -0.07090667055379996 -0.23247156305279404
v -0.09803575991243108 -0.07090667055379996 -0.23247156305279404
v -0.09803575991243108 -0.07090667055379996 -0.23247156305279404
v -0.09835149664423959 0.41003917495776976 -0.08226478606482646
v -0.09920750724134741 0.3442693534363723 0.01968984687492359
v -0.09920750724134741 0.3442693534363723 0.01968984687492359
v -0.09967558080423977 0.25622657151672 0.02731851087500381
v -0.09989769091168554 0.13814487537076303 -0.1796275527311728
v -0.09995930461582248 0.41036944429903977 -0.023549317685266358
v -0.10086896291133662 -0.06343875608244431 -0.23194927598174253
v -0.10086896291133662 -0.06343875608244431 -0.23194927598174253
v -0.10086896291133662 -0.06343875608244431 -0.23194927598174253
v -0.101550689214843 -0.06276273254565723 0.13438794114004615
v -0.101550689214843 -0.06276273254565723 0.13438794114004615
v -0.101550689214843 -0.06276273254565723 0.13438794114004615
v -0.10172150420127579 -0.04738098595879592 0.12322001801818239
v -0.10208086784297343 0.410657732045623 -0.05047212170973098
v -0.10230515185104849 0.3461407505816889 -0.06238595936667424
v -0.10256345889294494 -0.07068118047756755 0.1140487630653979
v -0.10256345889294494 -0.07068118047756755 0.1140487630653979
v -0.10349440950284183 0.26589185283237526 -0.1381562588824785
v -0.10358388189244039 0.13958715421018297 0.07785599773922058
v -0.1043907265999735 0.25042730445510664 -0.11759584174960924
v -0.10470052232937732 -0.06083525695345671 0.10784462934617522
v -0.10524560557757567 0.14914796917778972 0.05275734714162361
v -0.10600822778600616 0.03656996405651469 0.10144097324042889
v -0.10827900100087007 0.2655928074882752 0.03351926462543986
v -0.10827900100087007 0.2655928074882752 0.03351926462543986
v -0.10940496240899833 0.33788739166772785 -0.09281379893304553
v -0.11188414717939743 0.04468316966124064 0.07379953638929582
v -0.1121927368406439 0.26579740727284396 -0.12237156641322144
v -0.11226201875590469 -0.06166729508472102 -0.31835335373936147
v -0.11226201875590469 -0.06166729508472102 -0.31835335373936147
v -0.11286573776217246 0.24764439896528145 -0.0008572290595632026
v -0.1131353758888558 0.27513109429388116 -0.022230070826409598
v -0.1131353758888558 0.27513109429388116 -0.022230070826409598
v -0.11371604559256099 0.17649367364982282 -0.15139862667983994
v -0.11462559965996277 0.26322167749093595 -0.07828043195649403
v -0.11476510154349562 0.04602997554973598 -0.16649199641438805
v -0.11516514392847554 0.3196475762322972 -0.012709811761809853
v -0.11528378529980543 0.3376995800541147 -0.03806507941690995
v -0.11747720636556558 -0.04492114294810534 -0.20560115366286702
v -0.11782573028357746 -0.07113245842463911 -0.19787649557130038
v -0.11782573028357746 -0.07113245842463911 -0.19787649557130038
v -0.11859587180582842 0.10818554675311276 -0.14200808322350866
v -0.11889487248073749 0.025401177330291347 -0.18700866007466033
v -0.11990433663870448 0.24882061321329907 -0.05046671278253381
v -0.12082496866547743 -0.07090786173222696 0.16816679827362435
v -0.12082496866547743 -0.07090786173222696 0.16816679827362435
v -0.12116202749112936 0.2656141295821186 -0.09911082223497925
v -0.12125520742358198 -0.07089550325604677 0.11279525622719788
v -0.12125520742358198 -0.07089550325604677 0.11279525622719788
v -0.12125520742358198 -0.07089550325604677 0.11279525622719788
v -0.12181294694256728 -0.04995711776342304 -0.1835382212864971
v -0.12194469127659424 0.2653339346366259 -0.00017887527997828556
v -0.12280759581884837 -0.0492799626071303 0.10427422090852545
v -0.12283937050338878 -0.0630981386112417 -0.2124915401636187
v -0.12283937050338878 -0.0630981386112417 -0.2124915401636187
v -0.12283937050338878 -0.0630981386112417 -0.2124915401636187
v -0.12289921232961554 -0.06272348321648735 0.11521376534647132
v -0.12289921232961554 -0.06272348321648735 0.11521376534647132
v -0.12289921232961554 -0.06272348321648735 0.11521376534647132
v -0.12289921232961554 -0.06272348321648735 0.11521376534647132
v -0.12406083464190232 0.15484296345784898 0.04437102665818049
v -0.12406083464190232 0.15484296345784898 0.04437102665818049
v -0.1241815754652098 -0.07059696416277816 -0.2089087136908674
v -0.1241815754652098 -0.07059696416277816 -0.2089087136908674
v -0.1241815754652098 -0.07059696416277816 -0.2089087136908674
v -0.1243693498544971 -0.07124082588203606 0.09167194028378134
v -0.1243693498544971 -0.07124082588203606 0.09167194028378134
v -0.12456967628645899 -0.05393702356481711 0.17181287632084974
v -0.12456967628645899 -0.05393702356481711 0.17181287632084974
v -0.12519089072587342 0.10435870737958908 0.03341231913729015
v -0.12525210240729123 0.13317649993117797 -0.11908713758130052
v -0.1255814930218193 -0.05228235761186184 -0.20360138842987752
v -0.1255814930218193 -0.05228235761186184 -0.20360138842987752
v -0.1255814930218193 -0.05228235761186184 -0.20360138842987752
v -0.12581654230492845 0.2656903501117167 -0.08011773906420272
v -0.12581773348335545 0.17282584170657422 -0.13079260230294665
v -0.12705871805834157 -0.048163083934507966 0.16957910408587473
v -0.12705871805834157 -0.048163083934507966 0.16957910408587473
v -0.12776654605912974 0.2653917216800661 -0.028782032368750876
v -0.12827501546042797 -0.07112546025138045 0.11490063431747188
v -0.12827501546042797 -0.07112546025138045 0.11490063431747188
v -0.12827501546042797 -0.07112546025138045 0.11490063431747188
v -0.12863193718635024 0.26544435687680945 -0.058306663684668636
v -0.13270545472237671 -0.07058153840214842 -0.19911116690062336
v -0.13270545472237671 -0.07058153840214842 -0.19911116690062336
v -0.13270545472237671 -0.07058153840214842 -0.19911116690062336
v -0.1329920224724539 -0.0704998831209771 0.1027383303344731
v -0.1329920224724539 -0.0704998831209771 0.1027383303344731
v -0.1329920224724539 -0.0704998831209771 0.1027383303344731
v -0.13308716784931107 0.12983572091479445 0.0015433007103275997
v -0.133288819467273 -0.0534379495833619 0.10160968877488408
v -0.133288819467273 -0.0534379495833619 0.10160968877488408
v -0.133288819467273 -0.0534379495833619 0.10160968877488408
v -0.133288819467273 -0.0534379495833619 0.10160968877488408
v -0.13343447080943527 0.07293303811829333 -0.1533567527819404
v -0.13377650280501996 0.041350550217082116 0.06615246123765317
v -0.13461713231068906 0.15630427137264036 -0.030583874000011724
v -0.13461713231068906 0.15630427137264036 -0.030583874000011724
v -0.1351261228525491 -0.06166541897869848 -0.2806801918641
v -0.1351261228525491 -0.06166541897869848 -0.2806801918641
v -0.13571694735234452 -0.06251827295297474 -0.19906719752693647
v -0.13571694735234452 -0.06251827295297474 -0.19906719752693647
v -0.13571694735234452 -0.06251827295297474 -0.19906719752693647
v -0.13601757100786038 -0.06218128857597449 0.10197889452833486
v -0.13601757100786038 -0.06218128857597449 0.10197889452833486
v -0.13601757100786038 -0.06218128857597449 0.10197889452833486
v -0.13607908048388495 0.13233138861667726 -0.0843398077173747
v -0.13714031623423573 -0.058224372518221656 0.06867019551989628
v -0.1376643751831974 -0.04719918235137399 -0.2725273200177547
v -0.1376643751831974 -0.04719918235137399 -0.2725273200177547
v -0.1376643751831974 -0.04719918235137399 -0.2725273200177547
v -0.13855116285291302 -0.053867160950073156 -0.2771455485587211
v -0.13855116285291302 -0.053867160950073156 -0.2771455485587211
v -0.13866958087828785 -0.056436413699284316 -0.16282514719334173
v -0.13936295095091822 0.14725110687116327 -0.10972297500469486
v -0.1394265598789204 -0.05364187933006548 -0.2028552342632004
v -0.1394265598789204 -0.05364187933006548 -0.2028552342632004
v -0.14035655754607568 -0.0512723574236027 -0.2076915080152304
v -0.14035655754607568 -0.0512723574236027 -0.2076915080152304
v -0.14156412956618425 0.14667648239797515 0.0071923564498628245
v -0.14182681418879994 0.1186476370980536 -0.0544783455748008
v -0.14263353977849036 0.18450010499829794 -0.05830092090179906
v -0.14278057586557402 -0.07071000699550112 -0.16521681757368167
v -0.14278057586557402 -0.07071000699550112 -0.16521681757368167
v -0.14298508631176077 -0.062394301058184 -0.23275979845266903
v -0.14298508631176077 -0.062394301058184 -0.23275979845266903
v -0.14329872359159168 0.023956635251860092 -0.1253106428396924
v -0.14346536945352995 -0.049177967954317836 0.07877716579628569
v -0.14442085833902318 0.1701707943311579 -0.030066474482943528
v -0.1445809080504219 -0.06291320816044887 -0.26104498535008247
v -0.1445809080504219 -0.06291320816044887 -0.26104498535008247
v -0.1445809080504219 -0.06291320816044887 -0.26104498535008247
v -0.1459317043866477 -0.06293700194952834 0.16480600745966711
v -0.1459317043866477 -0.06293700194952834 0.16480600745966711
v -0.1459317043866477 -0.06293700194952834 0.16480600745966711
v -0.14615028562800347 -0.04682175746677686 -0.17073772857149905
v -0.14665495814806562 -0.07029913977656577 0.06017988515977546
v -0.14665495814806562 -0.07029913977656577 0.06017988515977546
v -0.14723284347219767 0.06781981538198423 0.031291210046914486
v -0.14723284347219767 0.06781981538198423 0.031291210046914486
v -0.14849223175388104 0.0265645715204883 0.011105224962844495
v -0.14891370046081676 -0.06278063000152301 -0.1797282073082549
v -0.14891370046081676 -0.06278063000152301 -0.1797282073082549
v -0.149807352296218 0.12166635124723513 -0.08801469367037074
v -0.15083858523993854 -0.07103945716895055 0.1688640396761425
v -0.15083858523993854 -0.07103945716895055 0.1688640396761425
v -0.15083858523993854 -0.07103945716895055 0.1688640396761425
v -0.15083858523993854 -0.07103945716895055 0.1688640396761425
v -0.15139592273620472 -0.05361996164700855 -0.17374196990279245
v -0.15139592273620472 -0.05361996164700855 -0.17374196990279245
v -0.152139173405466 -0.05888071183150245 0.04201935009352731
v -0.15244616986556636 -0.07083725463096613 -0.26569570328264547
v -0.15244616986556636 -0.07083725463096613 -0.26569570328264547
v -0.15244616986556636 -0.07083725463096613 -0.26569570328264547
v -0.15244616986556636 -0.07083725463096613 -0.26569570328264547
v -0.15244616986556636 -0.07083725463096613 -0.26569570328264547
v -0.15244616986556636 -0.07083725463096613 -0.26569570328264547
v -0.15296586612353913 0.04384413335671766 -0.02111358673164121
v -0.15296586612353913 0.04384413335671766 -0.02111358673164121
v -0.1531995455514572 0.03494084888081872 -0.1284815225880589
v -0.15394156037310047 -0.07076009604835676 -0.16722570276650295
v -0.15394156037310047 -0.07076009604835676 -0.16722570276650295
v -0.15468061213840656 -0.0629995388169462 0.1488708393756184
v -0.15468061213840656 -0.0629995388169462 0.1488708393756184
v -0.15468061213840656 -0.0629995388169462 0.1488708393756184
v -0.15527063259276375 -0.07109422159713219 -0.32019524316158154
v -0.15527063259276375 -0.07109422159713219 -0.32019524316158154
v -0.15572057046410492 -0.046033703598929776 0.0576421465248238
v -0.15572057046410492 -0.046033703598929776 0.0576421465248238
v -0.1569162158102131 0.023665213449692857 -0.07357954121634225
v -0.15696955082428232 0.10501748860864524 -0.04935649796219366
v -0.15714329908759161 -0.07116045111767377 0.04179097140960941
v -0.15714329908759161 -0.07116045111767377 0.04179097140960941
v -0.1578668953128073 -0.062345522301598066 0.16195670866226664
v -0.1578668953128073 -0.062345522301598066 0.16195670866226664
v -0.1578668953128073 -0.062345522301598066 0.16195670866226664
v -0.1578668953128073 -0.062345522301598066 0.16195670866226664
v -0.1578802067317291 0.05098766016293865 0.009852633843060232
v -0.15879142844892868 -0.062407284903038374 -0.2578156708550061
v -0.15879142844892868 -0.062407284903038374 -0.2578156708550061
v -0.15879142844892868 -0.062407284903038374 -0.2578156708550061
v -0.15879142844892868 -0.062407284903038374 -0.2578156708550061
v -0.15915555680433435 -0.06181631150593958 0.06825353619585961
v -0.15915555680433435 -0.06181631150593958 0.06825353619585961
v -0.15939097833070193 -0.06207164060176851 -0.22324975746551345
v -0.15939097833070193 -0.06207164060176851 -0.22324975746551345
v -0.16082624410713287 -0.04741800182841516 -0.14565823361198138
v -0.16082624410713287 -0.04741800182841516 -0.14565823361198138
v -0.16140395075450087 -0.07092960073851984 -0.25367053371605586
v -0.16140395075450087 -0.07092960073851984 -0.25367053371605586
v -0.16140395075450087 -0.07092960073851984 -0.25367053371605586
v -0.1614646115158962 -0.07075134088691826 0.15708818375432543
v -0.1614646115158962 -0.07075134088691826 0.15708818375432543
v -0.1614646115158962 -0.07075134088691826 0.15708818375432543
v -0.1614646115158962 -0.07075134088691826 0.15708818375432543
v -0.16231174783372282 -0.05337076712007871 0.05660529270790082
v -0.16231174783372282 -0.05337076712007871 0.05660529270790082
v -0.16231174783372282 -0.05337076712007871 0.05660529270790082
v -0.16274098897989475 -0.07382872057362988 0.17429092947174318
v -0.16274098897989475 -0.07382872057362988 0.17429092947174318
v -0.16274098897989475 -0.07382872057362988 0.17429092947174318
v -0.16274098897989475 -0.07382872057362988 0.17429092947174318
v -0.1629501301322165 -0.07539428638024503 -0.27437300632121087
v -0.1629501301322165 -0.07539428638024503 -0.27437300632121087
v -0.1629501301322165 -0.07539428638024503 -0.27437300632121087
v -0.16304618378262425 -0.06981147132854915 -0.12093856387580182
v -0.16304618378262425 -0.06981147132854915 -0.12093856387580182
v -0.16355895631599005 -0.07345037252575182 0.19205340993201148
v -0.16355895631599005 -0.07345037252575182 0.19205340993201148
v -0.16355895631599005 -0.07345037252575182 0.19205340993201148
v -0.16361139794623902 -0.05579579794124001 0.011453413861923778
v -0.16361139794623902 -0.05579579794124001 0.011453413861923778
v -0.16388146787510216 -0.07352172411352953 -0.2897537255166789
v -0.16388146787510216 -0.07352172411352953 -0.2897537255166789
v -0.16388146787510216 -0.07352172411352953 -0.2897537255166789
v -0.16388146787510216 -0.07352172411352953 -0.2897537255166789
v -0.16602977305793942 -0.08807524434009295 -0.28248765622977956
v -0.16602977305793942 -0.08807524434009295 -0.28248765622977956
v -0.16602977305793942 -0.08807524434009295 -0.28248765622977956
v -0.16608334630769406 -0.07088108999707998 -0.3026901614696591
v -0.16608334630769406 -0.07088108999707998 -0.3026901614696591
v -0.16608334630769406 -0.07088108999707998 -0.3026901614696591
v -0.16608334630769406 -0.07088108999707998 -0.3026901614696591
v -0.16608334630769406 -0.07088108999707998 -0.3026901614696591
v -0.16681688887277524 -0.0889013563586829 0.18103905948884957
v -0.16681688887277524 -0.0889013563586829 0.18103905948884957
v -0.16681688887277524 -0.0889013563586829 0.18103905948884957
v -0.16701924030806303 -0.07014625202545943 0.04679415159385858
v -0.16701924030806303 -0.07014625202545943 0.04679415159385858
v -0.16701924030806303 -0.07014625202545943 0.04679415159385858
v -0.1671503146042248 0.03740777940314999 -0.02359782656548992
v -0.16808854629225678 -0.0738149029038766 -0.26465890157977867
v -0.16808854629225678 -0.0738149029038766 -0.26465890157977867
v -0.16808854629225678 -0.0738149029038766 -0.26465890157977867
v -0.16808854629225678 -0.0738149029038766 -0.26465890157977867
v -0.16817014201450675 -0.04745504747749507 0.1428769337590321
v -0.16817014201450675 -0.04745504747749507 0.1428769337590321
v -0.16828364642887017 -0.06190061715911099 -0.14851362230908993
v -0.16828364642887017 -0.06190061715911099 -0.14851362230908993
v -0.16844439595759475 -0.05411814224464351 -0.08642301127674346
v -0.1686327808258259 -0.0867226910156873 -0.27063925754175777
v -0.1686327808258259 -0.0867226910156873 -0.27063925754175777
v -0.1686327808258259 -0.0867226910156873 -0.27063925754175777
v -0.16934382500836698 -0.08601510125058454 0.19396030791688545
v -0.16934382500836698 -0.08601510125058454 0.19396030791688545
v -0.16934382500836698 -0.08601510125058454 0.19396030791688545
v -0.16935079340216497 -0.07130774033017317 0.008185192501475314
v -0.16935079340216497 -0.07130774033017317 0.008185192501475314
v -0.16935079340216497 -0.07130774033017317 0.008185192501475314
v -0.17013125350753988 -0.05410036390662043 0.23253942054480703
v -0.17013125350753988 -0.05410036390662043 0.23253942054480703
v -0.17015428792037213 -0.06999390030464525 0.22240311749965258
v -0.17015428792037213 -0.06999390030464525 0.22240311749965258
v -0.17038409601840243 -0.05374741773869829 0.14076743121345459
v -0.17038409601840243 -0.05374741773869829 0.14076743121345459
v -0.17087892642671143 -0.062009848220867525 0.21272306557150245
v -0.17087892642671143 -0.062009848220867525 0.21272306557150245
v -0.17087892642671143 -0.062009848220867525 0.21272306557150245
v -0.1711907620491715 -0.05428851053916617 0.07179208061058695
v -0.17129357563715253 -0.04712258957851745 -0.24450396902832772
v -0.17129357563715253 -0.04712258957851745 -0.24450396902832772
v -0.17135931379659297 -0.046295494837725215 0.022206948343627353
v -0.17228442763219753 0.014007883250037878 -0.06422796976795331
v -0.1725566863514203 -0.06050801046009724 -0.030814568036997114
v -0.1726780674331323 -0.053860252115196516 -0.1356612388838654
v -0.1726780674331323 -0.053860252115196516 -0.1356612388838654
v -0.1735482083843305 -0.06136923246282322 0.044353166426640556
v -0.1735482083843305 -0.06136923246282322 0.044353166426640556
v -0.1735482083843305 -0.06136923246282322 0.044353166426640556
v -0.17419589676428515 -0.08867032730276492 0.17079422519926446
v -0.17419589676428515 -0.08867032730276492 0.17079422519926446
v -0.17419589676428515 -0.08867032730276492 0.17079422519926446
v -0.17419589676428515 -0.08867032730276492 0.17079422519926446
v -0.17420215045102694 -0.0703566736945902 -0.07923317368673999
v -0.17420215045102694 -0.0703566736945902 -0.07923317368673999
v -0.17420215045102694 -0.0703566736945902 -0.07923317368673999
v -0.17420215045102694 -0.0703566736945902 -0.07923317368673999
v -0.17437092554440348 -0.044077103694188935 -0.2826961273442361
v -0.17437092554440348 -0.044077103694188935 -0.2826961273442361
v -0.17441717304683202 -0.08867193539364138 -0.2917825257238267
v -0.17441717304683202 -0.08867193539364138 -0.2917825257238267
v -0.17441717304683202 -0.08867193539364138 -0.2917825257238267
v -0.1749884919998852 -0.06149585472961405 0.1396044241562464
v -0.1749884919998852 -0.06149585472961405 0.1396044241562464
v -0.17570102515546004 -0.044231242182643626 0.18255940518442948
v -0.17573363366489936 -0.07366222360899499 -0.2974949260986506
v -0.17573363366489936 -0.07366222360899499 -0.2974949260986506
v -0.17573363366489936 -0.07366222360899499 -0.2974949260986506
v -0.17573363366489936 -0.07366222360899499 -0.2974949260986506
v -0.17606032923823633 -0.07042063997612047 0.2132356296486435
v -0.17606032923823633 -0.07042063997612047 0.2132356296486435
v -0.17606032923823633 -0.07042063997612047 0.2132356296486435
v -0.17606032923823633 -0.07042063997612047 0.2132356296486435
v -0.176237710595748 -0.09090902803848167 0.1810198964059051
v -0.176237710595748 -0.09090902803848167 0.1810198964059051
v -0.176237710595748 -0.09090902803848167 0.1810198964059051
v -0.176237710595748 -0.09090902803848167 0.1810198964059051
v -0.17625163249361364 -0.048371897512762274 -0.10404149687734954
v -0.17625163249361364 -0.048371897512762274 -0.10404149687734954
v -0.17641175665366404 -0.07233653135811835 0.16075405025316947
v -0.17641175665366404 -0.07233653135811835 0.16075405025316947
v -0.17662808954573883 -0.07106348919371541 -0.03478527942990772
v -0.17662808954573883 -0.07106348919371541 -0.03478527942990772
v -0.17662808954573883 -0.07106348919371541 -0.03478527942990772
v -0.17710268481051905 -0.09077311457996018 -0.2769698497407376
v -0.17710268481051905 -0.09077311457996018 -0.2769698497407376
v -0.17710268481051905 -0.09077311457996018 -0.2769698497407376
v -0.1777430027739566 -0.08177063472055224 -0.2773872833307518
v -0.1777430027739566 -0.08177063472055224 -0.2773872833307518
v -0.1777430027739566 -0.08177063472055224 -0.2773872833307518
v -0.17774464064429374 -0.08961106046549361 -0.2676491316748244
v -0.17774464064429374 -0.08961106046549361 -0.2676491316748244
v -0.17774464064429374 -0.08961106046549361 -0.2676491316748244
v -0.17791435379068155 -0.0615728048559987 -0.31278474349040764
v -0.17791435379068155 -0.0615728048559987 -0.31278474349040764
v -0.17791435379068155 -0.0615728048559987 -0.31278474349040764
v -0.17802254257131445 -0.07076840451788513 -0.11481295859437957
v -0.17802254257131445 -0.07076840451788513 -0.11481295859437957
v -0.1791332866750377 -0.05278664299893521 -0.328075722281131
v -0.1791332866750377 -0.05278664299893521 -0.328075722281131
v -0.17918464135497203 -0.07586855407095783 -0.26207608428622997
v -0.17918464135497203 -0.07586855407095783 -0.26207608428622997
v -0.17959055029370496 -0.08234240036551554 0.17943372321250273
v -0.17959055029370496 -0.08234240036551554 0.17943372321250273
v -0.17959055029370496 -0.08234240036551554 0.17943372321250273
v -0.17982067107607236 -0.04487799250958702 0.19730985698443781
v -0.17982067107607236 -0.04487799250958702 0.19730985698443781
v -0.17991528042263738 -0.08140890361173092 0.1856073478742637
v -0.17991528042263738 -0.08140890361173092 0.1856073478742637
v -0.17991528042263738 -0.08140890361173092 0.1856073478742637
v -0.17991528042263738 -0.08140890361173092 0.1856073478742637
v -0.1800125848103935 -0.0533650196841684 0.011585221477304675
v -0.1800125848103935 -0.0533650196841684 0.011585221477304675
v -0.18042367537528392 -0.05362693004080654 -0.2514012941434167
v -0.18042367537528392 -0.05362693004080654 -0.2514012941434167
v -0.18042367537528392 -0.05362693004080654 -0.2514012941434167
v -0.18047224567564513 -0.09196107682521415 0.18752539826716053
v -0.18047224567564513 -0.09196107682521415 0.18752539826716053
v -0.18047224567564513 -0.09196107682521415 0.18752539826716053
v -0.18053077720560218 -0.09056975064300943 -0.28393090290167144
v -0.18053077720560218 -0.09056975064300943 -0.28393090290167144
v -0.18053077720560218 -0.09056975064300943 -0.28393090290167144
v -0.18076521600976747 -0.0705218305834947 0.007410665953639928
v -0.18076521600976747 -0.0705218305834947 0.007410665953639928
v -0.1814294468801272 -0.04483799869390026 -0.025040624684255386
v -0.18207146227282323 -0.07484143069281046 -0.050666548551350665
v -0.18207146227282323 -0.07484143069281046 -0.050666548551350665
v -0.18207146227282323 -0.07484143069281046 -0.050666548551350665
v -0.18207146227282323 -0.07484143069281046 -0.050666548551350665
v -0.18220326616577154 -0.08129734975204173 -0.28146748635569985
v -0.18220326616577154 -0.08129734975204173 -0.28146748635569985
v -0.18220326616577154 -0.08129734975204173 -0.28146748635569985
v -0.18229066888285317 -0.07389530744769957 0.20107268540724021
v -0.18229066888285317 -0.07389530744769957 0.20107268540724021
v -0.18229066888285317 -0.07389530744769957 0.20107268540724021
v -0.18232814633411287 -0.0767753684279775 0.16503012768070846
v -0.18232814633411287 -0.0767753684279775 0.16503012768070846
v -0.18232814633411287 -0.0767753684279775 0.16503012768070846
v -0.18232814633411287 -0.0767753684279775 0.16503012768070846
v -0.18238648429757554 -0.0617936195569051 0.01322912215522587
v -0.18238648429757554 -0.0617936195569051 0.01322912215522587
v -0.1826698805350908 -0.04791004785715103 -0.06515668319586698
v -0.18290746107235734 -0.0620357861311156 -0.10790630506323406
v -0.18290746107235734 -0.0620357861311156 -0.10790630506323406
v -0.18319906155128862 -0.07099440084494901 -0.31050494709895915
v -0.18319906155128862 -0.07099440084494901 -0.31050494709895915
v -0.18319906155128862 -0.07099440084494901 -0.31050494709895915
v -0.18319906155128862 -0.07099440084494901 -0.31050494709895915
v -0.18386393268005286 -0.09127739996703355 -0.2773277095196711
v -0.18386393268005286 -0.09127739996703355 -0.2773277095196711
v -0.18386393268005286 -0.09127739996703355 -0.2773277095196711
v -0.18386393268005286 -0.09127739996703355 -0.2773277095196711
v -0.18386393268005286 -0.09127739996703355 -0.2773277095196711
v -0.18386393268005286 -0.09127739996703355 -0.2773277095196711
v -0.18465579831886636 -0.09168701644862054 0.18155824949599086
v -0.18465579831886636 -0.09168701644862054 0.18155824949599086
v -0.18465579831886636 -0.09168701644862054 0.18155824949599086
v -0.18465579831886636 -0.09168701644862054 0.18155824949599086
v -0.18521242110807634 -0.07579916792758468 -0.03960522566201441
v -0.18521242110807634 -0.07579916792758468 -0.03960522566201441
v -0.18521242110807634 -0.07579916792758468 -0.03960522566201441
v -0.18521242110807634 -0.07579916792758468 -0.03960522566201441
v -0.1853231262531363 -0.04597619946036602 -0.2977119736977816
v -0.1853231262531363 -0.04597619946036602 -0.2977119736977816
v -0.1853231262531363 -0.04597619946036602 -0.2977119736977816
v -0.1856912301665421 -0.07104734872602947 -0.32848879318015634
v -0.1856912301665421 -0.07104734872602947 -0.32848879318015634
v -0.1859513388658094 -0.0626971581732505 -0.3172818291853474
v -0.1859513388658094 -0.0626971581732505 -0.3172818291853474
v -0.18613335092945604 -0.08737256818600159 -0.2669143085929342
v -0.18613335092945604 -0.08737256818600159 -0.2669143085929342
v -0.18613335092945604 -0.08737256818600159 -0.2669143085929342
v -0.18638515115919496 -0.07099386481465686 -0.2503530422379203
v -0.18638515115919496 -0.07099386481465686 -0.2503530422379203
v -0.18649024287591764 -0.05336817630699997 -0.02580467630679828
v -0.18649024287591764 -0.05336817630699997 -0.02580467630679828
v -0.18654253560886325 -0.08653600357671465 0.19618064961509596
v -0.18654253560886325 -0.08653600357671465 0.19618064961509596
v -0.18654253560886325 -0.08653600357671465 0.19618064961509596
v -0.18660307725241587 -0.04658307508946535 -0.2855008313992755
v -0.18660307725241587 -0.04658307508946535 -0.2855008313992755
v -0.18682018441046822 -0.06212289105359048 0.22070077463015636
v -0.18682018441046822 -0.06212289105359048 0.22070077463015636
v -0.18709638890823044 -0.07346746593617937 -0.2965920724099007
v -0.18709638890823044 -0.07346746593617937 -0.2965920724099007
v -0.18709638890823044 -0.07346746593617937 -0.2965920724099007
v -0.18709638890823044 -0.07346746593617937 -0.2965920724099007
v -0.187108896281714 -0.05392031728737834 -0.08444310522159171
v -0.187108896281714 -0.05392031728737834 -0.08444310522159171
v -0.18734451137457597 -0.053540182471859765 0.2028611802564697
v -0.18734451137457597 -0.053540182471859765 0.2028611802564697
v -0.18734451137457597 -0.053540182471859765 0.2028611802564697
v -0.18742464790325286 -0.0460763775660773 0.1883856226579539
v -0.18750201494208696 -0.08646533691653246 -0.2929009827078648
v -0.18750201494208696 -0.08646533691653246 -0.2929009827078648
v -0.18750201494208696 -0.08646533691653246 -0.2929009827078648
v -0.18752676167390803 -0.04409711549176265 -0.2724293455921334
v -0.18752676167390803 -0.04409711549176265 -0.2724293455921334
v -0.18774367526546598 -0.09136155672290158 -0.2844228744817556
v -0.18774367526546598 -0.09136155672290158 -0.2844228744817556
v -0.18774367526546598 -0.09136155672290158 -0.2844228744817556
v -0.18774782950023017 -0.08776318537167782 0.17029839717902284
v -0.18774782950023017 -0.08776318537167782 0.17029839717902284
v -0.18774782950023017 -0.08776318537167782 0.17029839717902284
v -0.18774782950023017 -0.08776318537167782 0.17029839717902284
v -0.18785631607546982 -0.08592269558410948 -0.04075536613099462
v -0.18785631607546982 -0.08592269558410948 -0.04075536613099462
v -0.18785631607546982 -0.08592269558410948 -0.04075536613099462
v -0.18823786541537046 -0.08908268349473403 -0.053179628862255135
v -0.18823786541537046 -0.08908268349473403 -0.053179628862255135
v -0.18823786541537046 -0.08908268349473403 -0.053179628862255135
v -0.18823786541537046 -0.08908268349473403 -0.053179628862255135
v -0.18823786541537046 -0.08908268349473403 -0.053179628862255135
v -0.1883417510639358 -0.07109836094216604 -0.07017329763931324
v -0.1883417510639358 -0.07109836094216604 -0.07017329763931324
v -0.1883417510639358 -0.07109836094216604 -0.07017329763931324
v -0.1883417510639358 -0.07109836094216604 -0.07017329763931324
v -0.1883417510639358 -0.07109836094216604 -0.07017329763931324
v -0.18835120604270017 -0.07113356026468409 -0.027244729131532752
v -0.18835120604270017 -0.07113356026468409 -0.027244729131532752
v -0.18835120604270017 -0.07113356026468409 -0.027244729131532752
v -0.18835120604270017 -0.07113356026468409 -0.027244729131532752
v -0.18842154512881493 -0.05369854964373033 -0.30001894384709615
v -0.18842154512881493 -0.05369854964373033 -0.30001894384709615
v -0.18842154512881493 -0.05369854964373033 -0.30001894384709615
v -0.1888404230226719 -0.048869006049812924 0.2011487421498046
v -0.1888404230226719 -0.048869006049812924 0.2011487421498046
v -0.1888404230226719 -0.048869006049812924 0.2011487421498046
v -0.1891195905767713 -0.07357294478589083 -0.06311085844329445
v -0.1891195905767713 -0.07357294478589083 -0.06311085844329445
v -0.1891195905767713 -0.07357294478589083 -0.06311085844329445
v -0.1891195905767713 -0.07357294478589083 -0.06311085844329445
v -0.18943705451729898 -0.06281118372817573 0.2135293742487434
v -0.18943705451729898 -0.06281118372817573 0.2135293742487434
v -0.18943705451729898 -0.06281118372817573 0.2135293742487434
v -0.1894996211641775 -0.07418107115233852 -0.2639746886913059
v -0.1894996211641775 -0.07418107115233852 -0.2639746886913059
v -0.1894996211641775 -0.07418107115233852 -0.2639746886913059
v -0.1894996211641775 -0.07418107115233852 -0.2639746886913059
v -0.18965422123427267 -0.0541904765546235 -0.32811634146549196
v -0.18965422123427267 -0.0541904765546235 -0.32811634146549196
v -0.18987205798911155 -0.07109797380917726 0.1555816110593078
v -0.18987205798911155 -0.07109797380917726 0.1555816110593078
v -0.18995335591675477 -0.07110074329902005 0.23049378005264742
v -0.18995335591675477 -0.07110074329902005 0.23049378005264742
v -0.19008791440981554 -0.07076572436642437 -0.31780213592226403
v -0.19008791440981554 -0.07076572436642437 -0.31780213592226403
v -0.19008791440981554 -0.07076572436642437 -0.31780213592226403
v -0.19019089178483028 -0.06315058024149067 -0.025979344010955918
v -0.19019089178483028 -0.06315058024149067 -0.025979344010955918
v -0.19019089178483028 -0.06315058024149067 -0.025979344010955918
v -0.19030490245002518 -0.06255272778897591 -0.07250631178820455
v -0.19030490245002518 -0.06255272778897591 -0.07250631178820455
v -0.19030490245002518 -0.06255272778897591 -0.07250631178820455
v -0.19296017317139658 -0.0528196386413633 0.2295207063956255
v -0.19296017317139658 -0.0528196386413633 0.2295207063956255
v -0.19412332912590813 -0.0446679877529057 0.1808333876436965
v -0.19412332912590813 -0.0446679877529057 0.1808333876436965
v -0.19425957015849704 -0.08805213547860902 0.1850006807013891
v -0.19425957015849704 -0.08805213547860902 0.1850006807013891
v -0.19425957015849704 -0.08805213547860902 0.1850006807013891
v -0.19484918859013511 -0.08710142619655414 -0.27665604867387295
v -0.19484918859013511 -0.08710142619655414 -0.27665604867387295
v -0.19484918859013511 -0.08710142619655414 -0.27665604867387295
v -0.19494114756470005 -0.07358354627389119 0.19329409671239084
v -0.19494114756470005 -0.07358354627389119 0.19329409671239084
v -0.19549022126062887 -0.07482433728238291 -0.28798053731023643
v -0.19549022126062887 -0.07482433728238291 -0.28798053731023643
v -0.19549726410307855 -0.07095964821434109 0.21893675849760186
v -0.19549726410307855 -0.07095964821434109 0.21893675849760186
v -0.19645564159625728 -0.08642447949648613 -0.06259045864556323
v -0.19645564159625728 -0.08642447949648613 -0.06259045864556323
v -0.19645564159625728 -0.08642447949648613 -0.06259045864556323
v -0.19645564159625728 -0.08642447949648613 -0.06259045864556323
v -0.1969229855623631 -0.09097269652540518 -0.039600980227651905
v -0.1969229855623631 -0.09097269652540518 -0.039600980227651905
v -0.1969229855623631 -0.09097269652540518 -0.039600980227651905
v -0.1969229855623631 -0.09097269652540518 -0.039600980227651905
v -0.1969229855623631 -0.09097269652540518 -0.039600980227651905
v -0.1969229855623631 -0.09097269652540518 -0.039600980227651905
v -0.1969796409862976 -0.09111120079700541 -0.05030269798247661
v -0.1969796409862976 -0.09111120079700541 -0.05030269798247661
v -0.1969796409862976 -0.09111120079700541 -0.05030269798247661
v -0.1969796409862976 -0.09111120079700541 -0.05030269798247661
v -0.1975220887522262 -0.054190268098398775 0.22949557253081565
v -0.1975220887522262 -0.054190268098398775 0.22949557253081565
v -0.1982843982763196 -0.07350537518961886 -0.27512009854089925
v -0.1982843982763196 -0.07350537518961886 -0.27512009854089925
v -0.1982843982763196 -0.07350537518961886 -0.27512009854089925
v -0.1982843982763196 -0.07350537518961886 -0.27512009854089925
v -0.19841180969881833 -0.07092900514930633 0.20760656709451908
v -0.19841180969881833 -0.07092900514930633 0.20760656709451908
v -0.1986136399935443 -0.07329813992278034 0.17698326073192483
v -0.1986136399935443 -0.07329813992278034 0.17698326073192483
v -0.1986136399935443 -0.07329813992278034 0.17698326073192483
v -0.1986136399935443 -0.07329813992278034 0.17698326073192483
v -0.19863770179776985 -0.04679983978371993 -0.2817295158301807
v -0.19863770179776985 -0.04679983978371993 -0.2817295158301807
v -0.19863770179776985 -0.04679983978371993 -0.2817295158301807
v -0.19863770179776985 -0.04679983978371993 -0.2817295158301807
v -0.1986847086764456 -0.08133454429842502 -0.051211941226757596
v -0.1986847086764456 -0.08133454429842502 -0.051211941226757596
v -0.1986847086764456 -0.08133454429842502 -0.051211941226757596
v -0.19877540202393185 -0.07594219867720753 -0.06514429121779353
v -0.19877540202393185 -0.07594219867720753 -0.06514429121779353
v -0.19877540202393185 -0.07594219867720753 -0.06514429121779353
v -0.19877540202393185 -0.07594219867720753 -0.06514429121779353
v -0.19877540202393185 -0.07594219867720753 -0.06514429121779353
v -0.19884596445600167 -0.06244415187535424 -0.30784808317644163
v -0.19884596445600167 -0.06244415187535424 -0.30784808317644163
v -0.19884596445600167 -0.06244415187535424 -0.30784808317644163
v -0.19884596445600167 -0.06244415187535424 -0.30784808317644163
v -0.19896804535503954 -0.047442629442393525 0.18645192315847225
v -0.19896804535503954 -0.047442629442393525 0.18645192315847225
v -0.19896804535503954 -0.047442629442393525 0.18645192315847225
v -0.19953306595215992 -0.07670199183687387 -0.03208845519359671
v -0.19953306595215992 -0.07670199183687387 -0.03208845519359671
v -0.19953306595215992 -0.07670199183687387 -0.03208845519359671
v -0.19953306595215992 -0.07670199183687387 -0.03208845519359671
v -0.20084471718732821 -0.09027144978542623 -0.04471600997232869
v -0.20084471718732821 -0.09027144978542623 -0.04471600997232869
v -0.20084471718732821 -0.09027144978542623 -0.04471600997232869
v -0.20084471718732821 -0.09027144978542623 -0.04471600997232869
v -0.20114349451628222 -0.053745094940765625 -0.28403739425304586
v -0.20114349451628222 -0.053745094940765625 -0.28403739425304586
v -0.20114349451628222 -0.053745094940765625 -0.28403739425304586
v -0.20114349451628222 -0.053745094940765625 -0.28403739425304586
v -0.20126295482278067 -0.0536537315554142 0.18498391486502896
v -0.20126295482278067 -0.0536537315554142 0.18498391486502896
v -0.20126295482278067 -0.0536537315554142 0.18498391486502896
v -0.2014411104462699 -0.06308187902571305 -0.3111806728411395
v -0.2014411104462699 -0.06308187902571305 -0.3111806728411395
v -0.2014411104462699 -0.06308187902571305 -0.3111806728411395
v -0.2016032149404552 -0.062104844700421324 -0.2592918387206744
v -0.2016032149404552 -0.062104844700421324 -0.2592918387206744
v -0.2016032149404552 -0.062104844700421324 -0.2592918387206744
v -0.20251769750859872 -0.08552749236148927 -0.03316766098724866
v -0.20251769750859872 -0.08552749236148927 -0.03316766098724866
v -0.20251769750859872 -0.08552749236148927 -0.03316766098724866
v -0.2028320792749465 -0.0813918995396854 -0.04631687630509779
v -0.2028320792749465 -0.0813918995396854 -0.04631687630509779
v -0.2028320792749465 -0.0813918995396854 -0.04631687630509779
v -0.20422595160103896 -0.09148576685337773 -0.05197435544426743
v -0.20422595160103896 -0.09148576685337773 -0.05197435544426743
v -0.20422595160103896 -0.09148576685337773 -0.05197435544426743
v -0.20422595160103896 -0.09148576685337773 -0.05197435544426743
v -0.20422595160103896 -0.09148576685337773 -0.05197435544426743
v -0.20422595160103896 -0.09148576685337773 -0.05197435544426743
v -0.20481539135591298 -0.06298122444863097 0.20471926970529708
v -0.20481539135591298 -0.06298122444863097 0.20471926970529708
v -0.20624904904146746 -0.06306555988126306 0.21097143769458881
v -0.20624904904146746 -0.06306555988126306 0.21097143769458881
v -0.20664910631617772 -0.07057900714799104 -0.29733182399253266
v -0.20664910631617772 -0.07057900714799104 -0.29733182399253266
v -0.20664910631617772 -0.07057900714799104 -0.29733182399253266
v -0.20664910631617772 -0.07057900714799104 -0.29733182399253266
v -0.2075337051955337 -0.0701659660284264 0.22510444215695813
v -0.2075337051955337 -0.0701659660284264 0.22510444215695813
v -0.2077944839326662 -0.06250353211994053 0.16852168010649038
v -0.2077944839326662 -0.06250353211994053 0.16852168010649038
v -0.2077944839326662 -0.06250353211994053 0.16852168010649038
v -0.20821861790133234 -0.07068782129729811 -0.026972228454192004
v -0.20821861790133234 -0.07068782129729811 -0.026972228454192004
v -0.20821861790133234 -0.07068782129729811 -0.026972228454192004
v -0.20902188907358443 -0.08593407133808739 -0.06086476402585694
v -0.20902188907358443 -0.08593407133808739 -0.06086476402585694
v -0.20902188907358443 -0.08593407133808739 -0.06086476402585694
v -0.20919809414239943 -0.07082638512781969 -0.3069719416639174
v -0.20919809414239943 -0.07082638512781969 -0.3069719416639174
v -0.2097309827014513 -0.07055336703234971 0.17417094802468291
v -0.2097309827014513 -0.07055336703234971 0.17417094802468291
v -0.2097309827014513 -0.07055336703234971 0.17417094802468291
v -0.211023024161765 -0.05385188408674679 -0.31922574303984064
v -0.211023024161765 -0.05385188408674679 -0.31922574303984064
v -0.21164773768780876 -0.07073481328624354 -0.3188724097389297
v -0.21164773768780876 -0.07073481328624354 -0.3188724097389297
v -0.21164773768780876 -0.07073481328624354 -0.3188724097389297
v -0.21170771352160855 -0.07094002354975615 -0.2735374691033172
v -0.21170771352160855 -0.07094002354975615 -0.2735374691033172
v -0.21170771352160855 -0.07094002354975615 -0.2735374691033172
v -0.21170771352160855 -0.07094002354975615 -0.2735374691033172
v -0.21186867150655786 -0.07067239553666838 0.18948588439151948
v -0.21186867150655786 -0.07067239553666838 0.18948588439151948
v -0.21186867150655786 -0.07067239553666838 0.18948588439151948
v -0.2121286461982521 -0.0743810402307723 -0.061865016093785696
v -0.2121286461982521 -0.0743810402307723 -0.061865016093785696
v -0.2121286461982521 -0.0743810402307723 -0.061865016093785696
v -0.2121286461982521 -0.0743810402307723 -0.061865016093785696
v -0.21302450171374332 -0.08752319269809661 -0.04177531917337629
v -0.21302450171374332 -0.08752319269809661 -0.04177531917337629
v -0.21302450171374332 -0.08752319269809661 -0.04177531917337629
v -0.21368774986190076 -0.06270424568489119 0.18642160766750493
v -0.21368774986190076 -0.06270424568489119 0.18642160766750493
v -0.21368774986190076 -0.06270424568489119 0.18642160766750493
v -0.2140616905495989 -0.08812673302760032 -0.05204834623674748
v -0.2140616905495989 -0.08812673302760032 -0.05204834623674748
v -0.2140616905495989 -0.08812673302760032 -0.05204834623674748
v -0.2140616905495989 -0.08812673302760032 -0.05204834623674748
v -0.21412675867117414 -0.075401165435661 -0.03768666250402908
v -0.21412675867117414 -0.075401165435661 -0.03768666250402908
v -0.21412675867117414 -0.075401165435661 -0.03768666250402908
v -0.2143199082531133 -0.06261734921864104 -0.2794411280643274
v -0.2143199082531133 -0.06261734921864104 -0.2794411280643274
v -0.2143199082531133 -0.06261734921864104 -0.2794411280643274
v -0.2143199082531133 -0.06261734921864104 -0.2794411280643274
v -0.2169363912269553 -0.06206374904468959 -0.29511718506104145
v -0.2169363912269553 -0.06206374904468959 -0.29511718506104145
v -0.21791565901179766 -0.07513502639560699 -0.048736287765294886
v -0.21791565901179766 -0.07513502639560699 -0.048736287765294886
v -0.21791565901179766 -0.07513502639560699 -0.048736287765294886
v -0.21791565901179766 -0.07513502639560699 -0.048736287765294886
v -0.21797164439786698 -0.07065479587540935 0.20088686157262714
v -0.21797164439786698 -0.07065479587540935 0.20088686157262714
v -0.21927607411382155 -0.054269838817322835 0.21582001036387766
v -0.21927607411382155 -0.054269838817322835 0.21582001036387766
v -0.22090813745612436 -0.0721603858482247 -0.038631144156370256
v -0.22090813745612436 -0.0721603858482247 -0.038631144156370256
v -0.22090813745612436 -0.0721603858482247 -0.038631144156370256
v -0.22284978807160627 -0.06216038339458052 0.19043307969721468
v -0.22284978807160627 -0.06216038339458052 0.19043307969721468
v -0.22284978807160627 -0.06216038339458052 0.19043307969721468
v -0.22592183723485704 -0.06151580696826642 -0.2763352792132103
v -0.22592183723485704 -0.06151580696826642 -0.2763352792132103
v -0.2259476858067231 -0.07097325742786964 0.20787300392917984
v -0.2259476858067231 -0.07097325742786964 0.20787300392917984
v -0.2259476858067231 -0.07097325742786964 0.20787300392917984
v -0.22613702361769583 -0.06200335629844034 -0.06991017749208517
v -0.22613702361769583 -0.06200335629844034 -0.06991017749208517
v -0.22613702361769583 -0.06200335629844034 -0.06991017749208517
v -0.22613702361769583 -0.06200335629844034 -0.06991017749208517
v -0.22623115649289005 -0.06185177884360371 -0.02740850685916474
v -0.22623115649289005 -0.06185177884360371 -0.02740850685916474
v -0.22623115649289005 -0.06185177884360371 -0.02740850685916474
v -0.22648243558206715 -0.054443601970362465 -0.30452919206365436
v -0.22648243558206715 -0.054443601970362465 -0.30452919206365436
v -0.22648243558206715 -0.054443601970362465 -0.30452919206365436
v -0.2268388659468883 -0.062111813094219315 0.09266152665174765
v -0.2268388659468883 -0.062111813094219315 0.09266152665174765
v -0.2272098584679796 -0.07082218622386449 -0.06771961525454984
v -0.2272098584679796 -0.07082218622386449 -0.06771961525454984
v -0.2272098584679796 -0.07082218622386449 -0.06771961525454984
v -0.2272098584679796 -0.07082218622386449 -0.06771961525454984
v -0.22745142945297658 -0.07091593196606993 -0.2802320854295903
v -0.22745142945297658 -0.07091593196606993 -0.2802320854295903
v -0.22745142945297658 -0.07091593196606993 -0.2802320854295903
v -0.2277130122355473 -0.07097209602890331 0.1773778088064102
v -0.2277130122355473 -0.07097209602890331 0.1773778088064102
v -0.2277130122355473 -0.07097209602890331 0.1773778088064102
v -0.22775315494853743 -0.07136706101583812 -0.029854669930107658
v -0.22775315494853743 -0.07136706101583812 -0.029854669930107658
v -0.22775315494853743 -0.07136706101583812 -0.029854669930107658
v -0.23041338395011124 -0.053069101183439216 0.2006899597786429
v -0.23041338395011124 -0.053069101183439216 0.2006899597786429
v -0.23041338395011124 -0.053069101183439216 0.2006899597786429
v -0.23271762927877404 -0.0529928359846501 -0.29305379601031945
v -0.23271762927877404 -0.0529928359846501 -0.29305379601031945
v -0.23547726212008158 -0.07063972746830771 -0.2894036232872512
v -0.23547726212008158 -0.07063972746830771 -0.2894036232872512
v -0.23595158936971572 -0.07128883037264444 0.18463379774587096
v -0.23595158936971572 -0.07128883037264444 0.18463379774587096
v -0.23647195566555368 -0.05288003138761255 -0.028712873293765373
v -0.23659768454852426 -0.05294367009507539 0.18389599671791323
v -0.23659768454852426 -0.05294367009507539 0.18389599671791323
v -0.23800833760070716 -0.05331883174066121 -0.2705742936482949
v -0.23800833760070716 -0.05331883174066121 -0.2705742936482949
v -0.23800833760070716 -0.05331883174066121 -0.2705742936482949
v -0.2384100029662939 -0.07113841431677415 -0.24613488586139454
v -0.2384100029662939 -0.07113841431677415 -0.24613488586139454
v -0.23850708400809495 -0.05299956614276269 0.11425806800475335
v -0.23850708400809495 -0.05299956614276269 0.11425806800475335
v -0.2385176854960953 -0.05326400775355822 -0.20641035094779348
v -0.2385176854960953 -0.05326400775355822 -0.20641035094779348
v -0.2385176854960953 -0.05326400775355822 -0.20641035094779348
v -0.2386760228885052 -0.06982272796468436 0.16960906222331396
v -0.2386760228885052 -0.06982272796468436 0.16960906222331396
v -0.23904415658137168 -0.07028883608317216 -0.09731752917014846
v -0.23904415658137168 -0.07028883608317216 -0.09731752917014846
v -0.2390690819899568 -0.054016445386437795 -0.025472142097952677
v -0.2390690819899568 -0.054016445386437795 -0.025472142097952677
vt 0.9351677298545837 0.10908758640289307
vt 0.6346564888954163 0.04044860601425171
vt 0.6346564888954163 0.04044860601425171
vt 0.9381939172744751 0.11448788642883301
vt 0.8671995997428894 0.6921555995941162
vt 0.6310140490531921 0.16201353073120117
vt 0.033617205917835236 0.179632306098938
vt 0.4942620098590851 0.9659345149993896
vt 0.727807343006134 0.1103050708770752
vt 0.4376191794872284 0.6047051548957825
vt 0.501147985458374 0.5874231457710266
vt 0.876486599445343 0.4212685227394104
vt 0.20461130142211914 0.5687058568000793
vt 0.6251660585403442 0.8381530046463013
vt 0.9381939172744751 0.1087140440940857
vt 0.625832736492157 0.16201353073120117
vt 0.6339748501777649 0.04357022047042847
vt 0.397903710603714 0.6174111366271973
vt 0.6762661337852478 0.9475361108779907
vt 0.5429495573043823 0.947496235370636
vt 0.6762661337852478 0.9475361108779907
vt 0.5429495573043823 0.947496235370636
vt 0.4103087782859802 0.13488799333572388
vt 0.011129602789878845 0.18454986810684204
vt 0.5080708861351013 0.968379557132721
vt 0.725902795791626 0.09497600793838501
vt 0.5080708861351013 0.968379557132721
vt 0.725902795791626 0.09497600793838501
vt 0.32277414202690125 0.863181471824646
vt 0.8734729886054993 0.4293407201766968
vt 0.6807472705841064 0.9462774991989136
vt 0.5475793480873108 0.9462774991989136
vt 0.2188895046710968 0.5619800686836243
vt 0.02522502839565277 0.3099634647369385
vt 0.2188895046710968 0.5619800686836243
vt 0.02522502839565277 0.3099634647369385
vt 0.2188895046710968 0.5619800686836243
vt 0.02522502839565277 0.3099634647369385
vt 0.02522502839565277 0.3099634647369385
vt 0.8646235466003418 0.6892151832580566
vt 0.6389800310134888 0.04357022047042847
vt 0.629721462726593 0.1577833890914917
vt 0.6389800310134888 0.04357022047042847
vt 0.19036497175693512 0.9831073880195618
vt 0.48393407464027405 0.8489664196968079
vt 0.7984866499900818 0.8810195326805115
vt 0.9189489483833313 0.19041389226913452
vt 0.7984866499900818 0.8810195326805115
vt 0.7984866499900818 0.8810195326805115
vt 0.3528713881969452 0.769593358039856
vt 0.3147644102573395 0.8623294830322266
vt 0.27049481868743896 0.15485823154449463
vt 0.23842845857143402 0.15904450416564941
vt 0.20733560621738434 0.5679444670677185
vt 0.20733560621738434 0.5679444670677185
vt 0.20733560621738434 0.5679444670677185
vt 0.5111251473426819 0.9698472023010254
vt 0.5111251473426819 0.9698472023010254
vt 0.5111251473426819 0.9698472023010254
vt 0.7234486937522888 0.0923008918762207
vt 0.7234486937522888 0.0923008918762207
vt 0.14389124512672424 0.6946930885314941
vt 0.14389124512672424 0.6946930885314941
vt 0.15696068108081818 0.6918537616729736
vt 0.22033707797527313 0.6722021698951721
vt 0.021836576983332634 0.3025004267692566
vt 0.8711462616920471 0.43337464332580566
vt 0.021836576983332634 0.3025004267692566
vt 0.021836576983332634 0.3025004267692566
vt 0.2662352919578552 0.6587967276573181
vt 0.8626426458358765 0.6962546706199646
vt 0.21277928352355957 0.2511155605316162
vt 0.21277928352355957 0.2511155605316162
vt 0.3011772930622101 0.8629946112632751
vt 0.3011772930622101 0.8629946112632751
vt 0.8724456429481506 0.42426562309265137
vt 0.20805294811725616 0.563595712184906
vt 0.20805294811725616 0.563595712184906
vt 0.33660194277763367 0.9801473617553711
vt 0.7365889549255371 0.29072272777557373
vt 0.20669306814670563 0.25159746408462524
vt 0.3417758047580719 0.7810010313987732
vt 0.20669306814670563 0.25159746408462524
vt 0.3417758047580719 0.7810010313987732
vt 0.10569995641708374 0.17691481113433838
vt 0.2781899571418762 0.9830501675605774
vt 0.7406392693519592 0.3574310541152954
vt 0.44965705275535583 0.9745330810546875
vt 0.7274453639984131 0.16199946403503418
vt 0.3918592631816864 0.8540340662002563
vt 0.8767579793930054 0.747446596622467
vt 0.8718303442001343 0.41413283348083496
vt 0.20233793556690216 0.5723038911819458
vt 0.2372315376996994 0.9853839874267578
vt 0.742587685585022 0.40426450967788696
vt 0.9496707916259766 0.4166666269302368
vt 0.8630813956260681 0.7132116556167603
vt 0.3315752148628235 0.7838409543037415
vt 0.6653363108634949 0.06546366214752197
vt 0.5142684578895569 0.9728104472160339
vt 0.7211828827857971 0.08862912654876709
vt 0.38518330454826355 0.9791982769966125
vt 0.7315013408660889 0.23548507690429688
vt 0.8604655265808105 0.6855261921882629
vt 0.9131882190704346 0.18401014804840088
vt 0.8604655265808105 0.6855261921882629
vt 0.35344189405441284 0.7786661386489868
vt 0.35344189405441284 0.7786661386489868
vt 0.7971609830856323 0.8752267956733704
vt 0.3495531380176544 0.7744542360305786
vt 0.3495531380176544 0.7744542360305786
vt 0.3495531380176544 0.7744542360305786
vt 0.6601320505142212 0.8283816576004028
vt 0.8757554888725281 0.7525380253791809
vt 0.22538860142230988 0.8293293714523315
vt 0.2039702832698822 0.5757191181182861
vt 0.8602671027183533 0.6920719742774963
vt 0.2150259017944336 0.25507616996765137
vt 0.3498205244541168 0.7838409543037415
vt 0.29729172587394714 0.8604195713996887
vt 0.29729172587394714 0.8604195713996887
vt 0.29729172587394714 0.8604195713996887
vt 0.8704001903533936 0.4267399311065674
vt 0.8704001903533936 0.4267399311065674
vt 0.21012811362743378 0.5619649291038513
vt 0.21012811362743378 0.5619649291038513
vt 0.33090877532958984 0.15102332830429077
vt 0.4863480031490326 0.9742352962493896
vt 0.7227779626846313 0.12053179740905762
vt 0.8693984746932983 0.43078774213790894
vt 0.018226083368062973 0.30314838886260986
vt 0.2128347009420395 0.5613366961479187
vt 0.2128347009420395 0.5613366961479187
vt 0.037545494735240936 0.7948392629623413
vt 0.6634585857391357 0.03555411100387573
vt 0.140839084982872 0.6998391151428223
vt 0.140839084982872 0.6998391151428223
vt 0.9537379741668701 0.41804277896881104
vt 0.8395078778266907 0.4885786771774292
vt 0.3297557234764099 0.7792858481407166
vt 0.21259890496730804 0.5661665797233582
vt 0.21259890496730804 0.5661665797233582
vt 0.21259890496730804 0.5661665797233582
vt 0.21259890496730804 0.5661665797233582
vt 0.21259890496730804 0.5661665797233582
vt 0.21259890496730804 0.5661665797233582
vt 0.3065199851989746 0.15463876724243164
vt 0.1677013486623764 0.6921849250793457
vt 0.10345122218132019 0.18035286664962769
vt 0.3531700670719147 0.8544440865516663
vt 0.5944809913635254 0.8329921960830688
vt 0.6638866066932678 0.07064294815063477
vt 0.006448949221521616 0.19240731000900269
vt 0.5975551605224609 0.5365322232246399
vt 0.314293771982193 0.6489967703819275
vt 0.7197717428207397 0.11095857620239258
vt 0.860870897769928 0.7023394107818604
vt 0.2046632170677185 0.25507616996765137
vt 0.33971554040908813 0.7774490118026733
vt 0.33971554040908813 0.7774490118026733
vt 0.03240790218114853 0.1896193027496338
vt 0.6005680561065674 0.506182849407196
vt 0.8694033622741699 0.4246724843978882
vt 0.2104077935218811 0.5706588625907898
vt 0.2104077935218811 0.5706588625907898
vt 0.2104077935218811 0.5706588625907898
vt 0.22059939801692963 0.8335208892822266
vt 0.20957958698272705 0.5745639204978943
vt 0.8429245352745056 0.49603426456451416
vt 0.33685433864593506 0.7735708951950073
vt 0.02515052817761898 0.19121700525283813
vt 0.5982449054718018 0.5140884518623352
vt 0.2165701538324356 0.5684961080551147
vt 0.2165701538324356 0.5684961080551147
vt 0.2165701538324356 0.5684961080551147
vt 0.2165701538324356 0.5684961080551147
vt 0.5635166168212891 0.8344177007675171
vt 0.801063060760498 0.873306393623352
vt 0.8086602687835693 0.923434853553772
vt 0.801063060760498 0.873306393623352
vt 0.34829625487327576 0.7696368098258972
vt 0.34829625487327576 0.7696368098258972
vt 0.805205762386322 0.8777968883514404
vt 0.5853707194328308 0.5750319957733154
vt 0.805205762386322 0.8777968883514404
vt 0.214988574385643 0.8405245542526245
vt 0.21725551784038544 0.5727077722549438
vt 0.21725551784038544 0.5727077722549438
vt 0.21725551784038544 0.5727077722549438
vt 0.13169820606708527 0.9929801225662231
vt 0.7442635297775269 0.5253728032112122
vt 0.8478904366493225 0.5043286681175232
vt 0.8085695505142212 0.9191743731498718
vt 0.345430850982666 0.7669204473495483
vt 0.7182928919792175 0.09567803144454956
vt 0.7182928919792175 0.09567803144454956
vt 0.38647782802581787 0.14766937494277954
vt 0.6472088694572449 0.9826951622962952
vt 0.21848462522029877 0.5684261322021484
vt 0.21848462522029877 0.5684261322021484
vt 0.01591413840651512 0.31175971031188965
vt 0.21848462522029877 0.5684261322021484
vt 0.3211464285850525 0.853759765625
vt 0.14468182623386383 0.702609121799469
vt 0.14468182623386383 0.702609121799469
vt 0.3907822072505951 0.847855269908905
vt 0.7061156630516052 0.8190287351608276
vt 0.4830818176269531 0.8393598198890686
vt 0.1592959314584732 0.7006992101669312
vt 0.15020127594470978 0.17924070358276367
vt 0.4983460307121277 0.6014522910118103
vt 0.8547592759132385 0.32693755626678467
vt 0.8930422067642212 0.09771573543548584
vt 0.5266373753547668 0.8342723250389099
vt 0.19638338685035706 0.17426997423171997
vt 0.36798617243766785 0.6383204460144043
vt 0.31288132071495056 0.8511617183685303
vt 0.16728298366069794 0.6991062760353088
vt 0.010780555196106434 0.19754654169082642
vt 0.5939795970916748 0.5308530330657959
vt 0.42499858140945435 0.6228901147842407
vt 0.23546111583709717 0.678328275680542
vt 0.1427963376045227 0.7096049785614014
vt 0.6982898712158203 0.08779138326644897
vt 0.1427963376045227 0.7096049785614014
vt 0.6982898712158203 0.08779138326644897
vt 0.6579242944717407 0.05790865421295166
vt 0.7116695046424866 0.08775627613067627
vt 0.7116695046424866 0.08775627613067627
vt 0.7126119136810303 0.11065226793289185
vt 0.7102566361427307 0.0909343957901001
vt 0.7102566361427307 0.0909343957901001
vt 0.7102566361427307 0.0909343957901001
vt 0.2392035722732544 0.17083340883255005
vt 0.6403791308403015 0.9862356185913086
vt 0.05674906447529793 0.999576985836029
vt 0.7442635297775269 0.6115357279777527
vt 0.6565884351730347 0.04511904716491699
vt 0.13969041407108307 0.7125392556190491
vt 0.7011706829071045 0.0850253701210022
vt 0.7437009811401367 0.8119484186172485
vt 0.28164324164390564 0.5774587988853455
vt 0.8521697521209717 0.060483574867248535
vt 0.6106095314025879 0.8239865303039551
vt 0.546913206577301 0.5914276838302612
vt 0.5818017721176147 0.58206707239151
vt 0.7202358245849609 0.19900846481323242
vt 0.2934862971305847 0.8497463464736938
vt 0.6552039384841919 0.03716611862182617
vt 0.2934862971305847 0.8497463464736938
vt 0.5647673606872559 0.5418781638145447
vt 0.029237601906061172 0.7933691740036011
vt 0.6552039384841919 0.03716611862182617
vt 0.2997679114341736 0.8504592180252075
vt 0.7399920225143433 0.811008095741272
vt 0.5249421000480652 0.8308336734771729
vt 0.5904464721679688 0.5140262842178345
vt 0.7124931812286377 0.12026989459991455
vt 0.7273752689361572 0.31346791982650757
vt 0.35636547207832336 0.8447971343994141
vt 0.4535723626613617 0.14505159854888916
vt 0.4535723626613617 0.14505159854888916
vt 0.8512533903121948 0.2955735921859741
vt 0.8816846013069153 0.06895095109939575
vt 0.4535723626613617 0.14505159854888916
vt 0.1454649120569229 0.712239682674408
vt 0.6986915469169617 0.09150546789169312
vt 0.1454649120569229 0.712239682674408
vt 0.6986915469169617 0.09150546789169312
vt 0.4309844672679901 0.148418128490448
vt 0.9067997336387634 0.337277889251709
vt 0.2835793197154999 0.6070219874382019
vt 0.8507465124130249 0.030879855155944824
vt 0.8506707549095154 0.3001105785369873
vt 0.8822121620178223 0.07349097728729248
vt 0.8506707549095154 0.3001105785369873
vt 0.8822121620178223 0.07349097728729248
vt 0.7076125144958496 0.09395676851272583
vt 0.7076125144958496 0.09395676851272583
vt 0.7220754027366638 0.25104713439941406
vt 0.16020143032073975 0.7117025256156921
vt 0.6963089108467102 0.10743248462677002
vt 0.10383638739585876 0.19074249267578125
vt 0.6025564670562744 0.4251943826675415
vt 0.18616630136966705 0.999576985836029
vt 0.7344810366630554 0.46364039182662964
vt 0.7044165134429932 0.10907995700836182
vt 0.2763604521751404 0.6711304187774658
vt 0.1684170961380005 0.7066698670387268
vt 0.7140717506408691 0.16381394863128662
vt 0.43380236625671387 0.8358756303787231
vt 0.2716955542564392 0.17136824131011963
vt 0.589812695980072 0.5044429302215576
vt 0.3203960359096527 0.8440126180648804
vt 0.5827405452728271 0.536291241645813
vt 0.5827405452728271 0.536291241645813
vt 0.6532198190689087 0.058929264545440674
vt 0.3896998167037964 0.838606595993042
vt 0.7057592272758484 0.11934936046600342
vt 0.31081995368003845 0.8403748869895935
vt 0.5615954995155334 0.5186228156089783
vt 0.34420153498649597 0.1635446548461914
vt 0.5831559300422668 0.5142964720726013
vt 0.5834401249885559 0.5302049517631531
vt 0.725991427898407 0.3588259816169739
vt 0.47172102332115173 0.6182402968406677
vt 0.2971693277359009 0.8416330218315125
vt 0.5670952200889587 0.5331407785415649
vt 0.5670952200889587 0.5331407785415649
vt 0.16818523406982422 0.7160477042198181
vt 0.6966001987457275 0.11711955070495605
vt 0.5919235944747925 0.4700208306312561
vt 0.21985621750354767 0.693899929523468
vt 0.4818257987499237 0.827784538269043
vt 0.5746987462043762 0.5331847667694092
vt 0.5746987462043762 0.5331847667694092
vt 0.5927155613899231 0.8171396255493164
vt 0.5720685124397278 0.516381561756134
vt 0.58169025182724 0.5060873627662659
vt 0.20590510964393616 0.8353044986724854
vt 0.23173218965530396 0.5754331350326538
vt 0.19683802127838135 0.1868048906326294
vt 0.6090071797370911 0.31921201944351196
vt 0.7263059616088867 0.428475022315979
vt 0.31750115752220154 0.833884596824646
vt 0.5619826912879944 0.5086971521377563
vt 0.30776292085647583 0.17363369464874268
vt 0.7106835246086121 0.2161630392074585
vt 0.6487306952476501 0.8088642358779907
vt 0.3584873080253601 0.6560375690460205
vt 0.239920973777771 0.18342477083206177
vt 0.6125092506408691 0.2700035572052002
vt 0.5734882354736328 0.5067479014396667
vt 0.15561619400978088 0.19519877433776855
vt 0.6005235910415649 0.3660315275192261
vt 0.5924254059791565 0.4244275689125061
vt 0.7158639430999756 0.301266074180603
vt 0.41894468665122986 0.6401305198669434
vt 0.5241379737854004 0.8183947801589966
vt 0.38453003764152527 0.16625332832336426
vt 0.3876822590827942 0.8278847932815552
vt 0.3127194344997406 0.6722501516342163
vt 0.2608632743358612 0.6892114877700806
vt 0.703370988368988 0.18503057956695557
vt 0.6962512731552124 0.15795207023620605
vt 0.8163458108901978 0.862284779548645
vt 0.7901369333267212 0.9216920137405396
vt 0.7269004583358765 0.5369514226913452
vt 0.710023820400238 0.26187026500701904
vt 0.2091888040304184 0.7166852355003357
vt 0.6849606037139893 0.16163265705108643
vt 0.5797247290611267 0.46898937225341797
vt 0.2153639942407608 0.19126451015472412
vt 0.6053428649902344 0.2979854941368103
vt 0.430543452501297 0.8223917484283447
vt 0.7180858850479126 0.3848947286605835
vt 0.48061811923980713 0.8177178502082825
vt 0.5499106645584106 0.8113545775413513
vt 0.23155687749385834 0.707631528377533
vt 0.5713901519775391 0.47459256649017334
vt 0.7066081762313843 0.7963760495185852
vt 0.5232354402542114 0.6169490218162537
vt 0.8229663968086243 0.8647116422653198
vt 0.5892225503921509 0.5986186861991882
vt 0.8385225534439087 0.7186971306800842
vt 0.9211345314979553 0.3471674919128418
vt 0.2679997980594635 0.18818539381027222
vt 0.6086433529853821 0.23786026239395142
vt 0.6239262223243713 0.9771195650100708
vt 0.7259088158607483 0.6118502616882324
vt 0.5611991286277771 0.46590733528137207
vt 0.29998692870140076 0.5726235508918762
vt 0.8351936936378479 0.06892389059066772
vt 0.7413766980171204 0.7907527685165405
vt 0.4848397970199585 0.6309157013893127
vt 0.3852160573005676 0.8168547749519348
vt 0.5372897386550903 0.43404388427734375
vt 0.4572737514972687 0.16447651386260986
vt 0.8645355701446533 0.07313543558120728
vt 0.835322380065918 0.2911036014556885
vt 0.8645355701446533 0.07313543558120728
vt 0.5880635380744934 0.38255739212036133
vt 0.44226300716400146 0.6433625817298889
vt 0.4542323052883148 0.16583967208862305
vt 0.5800261497497559 0.4252285957336426
vt 0.7178260087966919 0.4829142093658447
vt 0.4180712103843689 0.17082911729812622
vt 0.30701175332069397 0.6850550770759583
vt 0.5912885069847107 0.8026488423347473
vt 0.6556464433670044 0.7960368990898132
vt 0.8345751166343689 0.5238240361213684
vt 0.7830439209938049 0.9158206582069397
vt 0.30843162536621094 0.1871875524520874
vt 0.6096969246864319 0.1916399598121643
vt 0.6979729533195496 0.25119709968566895
vt 0.5942184925079346 0.3185933232307434
vt 0.7075464725494385 0.3515605926513672
vt 0.6909825801849365 0.21955639123916626
vt 0.5740135312080383 0.42607712745666504
vt 0.6840227246284485 0.2070857286453247
vt 0.5844347476959229 0.6072724461555481
vt 0.24855324625968933 0.5757191181182861
vt 0.19548189640045166 0.830697238445282
vt 0.2719888389110565 0.7040913105010986
vt 0.4263988733291626 0.8103139400482178
vt 0.47869768738746643 0.8076789975166321
vt 0.2502691149711609 0.5687910318374634
vt 0.6225016713142395 0.9703439474105835
vt 0.547255277633667 0.43130290508270264
vt 0.7374505400657654 0.7848721742630005
vt 0.7017413973808289 0.31121450662612915
vt 0.29855281114578247 0.6961262226104736
vt 0.5218775868415833 0.8019109964370728
vt 0.5649579167366028 0.42725563049316406
vt 0.3658641278743744 0.6738595366477966
vt 0.5581585764884949 0.42822420597076416
vt 0.3623606264591217 0.1860988736152649
vt 0.6100151538848877 0.1299569010734558
vt 0.5948715209960938 0.26958250999450684
vt 0.5948715209960938 0.26958250999450684
vt 0.2714901268482208 0.7173088192939758
vt 0.6674898862838745 0.2297486662864685
vt 0.5517585873603821 0.6219696998596191
vt 0.7070496082305908 0.429540753364563
vt 0.420032799243927 0.6606223583221436
vt 0.5766186714172363 0.3679366111755371
vt 0.5851056575775146 0.3192269206047058
vt 0.600583553314209 0.1913859248161316
vt 0.5665765404701233 0.792305052280426
vt 0.678943932056427 0.2538111209869385
vt 0.595419704914093 0.2260913848876953
vt 0.5689362287521362 0.3800419569015503
vt 0.6696029901504517 0.25370848178863525
vt 0.7077434062957764 0.5398076176643372
vt 0.4757509231567383 0.7940157651901245
vt 0.6918948888778687 0.3271723985671997
vt 0.43443888425827026 0.7917050719261169
vt 0.5291390419006348 0.37311631441116333
vt 0.6845797300338745 0.28954017162323
vt 0.5886897444725037 0.7863816022872925
vt 0.4549684226512909 0.181749165058136
vt 0.6125092506408691 0.023970842361450195
vt 0.7000899910926819 0.7760181427001953
vt 0.4216707646846771 0.18746674060821533
vt 0.6079800128936768 0.062139034271240234
vt 0.35807278752326965 0.691161572933197
vt 0.5443969368934631 0.3796210289001465
vt 0.5764138698577881 0.3194446563720703
vt 0.4927469789981842 0.7885242104530334
vt 0.32790347933769226 0.7086260914802551
vt 0.5001079440116882 0.6480774283409119
vt 0.5190200209617615 0.7865431308746338
vt 0.700334906578064 0.4915429353713989
vt 0.7066850662231445 0.6050122976303101
vt 0.5559008121490479 0.36933958530426025
vt 0.42031899094581604 0.6733843684196472
vt 0.5810422897338867 0.2705709934234619
vt 0.5810422897338867 0.2705709934234619
vt 0.5850004553794861 0.6249657869338989
vt 0.5918087363243103 0.19170701503753662
vt 0.6920387744903564 0.4008035659790039
vt 0.5803765058517456 0.2696652412414551
vt 0.5803765058517456 0.2696652412414551
vt 0.4732329845428467 0.7833146452903748
vt 0.5146762132644653 0.33111894130706787
vt 0.5366947054862976 0.6401763558387756
vt 0.6548748016357422 0.774651050567627
vt 0.6729142069816589 0.3022792339324951
vt 0.7347614765167236 0.7670013308525085
vt 0.5475671291351318 0.7807715535163879
vt 0.46386122703552246 0.6633991003036499
vt 0.5680357813835144 0.32024186849594116
vt 0.9495644569396973 0.46882355213165283
vt 0.8095980286598206 0.5170608758926392
vt 0.32920926809310913 0.7280033826828003
vt 0.6600621938705444 0.29589056968688965
vt 0.8459415435791016 0.8551467657089233
vt 0.5930966138839722 0.6260234713554382
vt 0.6929630041122437 0.47594916820526123
vt 0.5167830586433411 0.7769393920898438
vt 0.3805910050868988 0.6981144547462463
vt 0.5998337268829346 0.9697142839431763
vt 0.7009256482124329 0.6120981574058533
vt 0.5268608927726746 0.3277498483657837
vt 0.19531570374965668 0.8020639419555664
vt 0.8272218704223633 0.7520356178283691
vt 0.5924855470657349 0.11562466621398926
vt 0.5547265410423279 0.3218243718147278
vt 0.6780372262001038 0.37499040365219116
vt 0.5691020488739014 0.27063512802124023
vt 0.5691020488739014 0.27063512802124023
vt 0.6853976249694824 0.4322441816329956
vt 0.5333858728408813 0.32589632272720337
vt 0.8109884262084961 0.28152865171432495
vt 0.8388729691505432 0.07066547870635986
vt 0.8388729691505432 0.07066547870635986
vt 0.5859900712966919 0.1551942229270935
vt 0.5440129041671753 0.3234211206436157
vt 0.28016284108161926 0.568103015422821
vt 0.6006220579147339 0.9632295966148376
vt 0.17433588206768036 0.8276530504226685
vt 0.7373911142349243 0.7599260210990906
vt 0.809359073638916 0.07968306541442871
vt 0.17727626860141754 0.8257186412811279
vt 0.2796146869659424 0.5748155117034912
vt 0.17727626860141754 0.8257186412811279
vt 0.7562199831008911 0.9186155796051025
vt 0.8252211809158325 0.5474260449409485
vt 0.8252211809158325 0.5474260449409485
vt 0.4254862368106842 0.6872929334640503
vt 0.7553663849830627 0.923434853553772
vt 0.8475742340087891 0.8476645946502686
vt 0.8259715437889099 0.5513917803764343
vt 0.32596519589424133 0.5630287528038025
vt 0.7583271861076355 0.7009310126304626
vt 0.8086147904396057 0.07598066329956055
vt 0.5848113894462585 0.7667336463928223
vt 0.5041431784629822 0.6633188128471375
vt 0.4578090310096741 0.19754654169082642
vt 0.5988741517066956 0.01988154649734497
vt 0.8083566427230835 0.2783241271972656
vt 0.5080252289772034 0.2822437286376953
vt 0.5133625268936157 0.7643726468086243
vt 0.6674173474311829 0.3610827922821045
vt 0.6904698610305786 0.5561320185661316
vt 0.5434083342552185 0.7653205990791321
vt 0.561083197593689 0.27153313159942627
vt 0.5768495202064514 0.19197988510131836
vt 0.5856322646141052 0.6401633024215698
vt 0.5959574580192566 0.023729145526885986
vt 0.3938286602497101 0.7096269130706787
vt 0.7331205606460571 0.7538245320320129
vt 0.5903545022010803 0.06800639629364014
vt 0.3851235806941986 0.720011830329895
vt 0.638205885887146 0.3553130626678467
vt 0.761096715927124 0.6987574696540833
vt 0.8052670359611511 0.07618105411529541
vt 0.6475176811218262 0.7588184475898743
vt 0.6956754326820374 0.7556940317153931
vt 0.4762609004974365 0.677884578704834
vt 0.6514208316802979 0.3577367067337036
vt 0.5533750653266907 0.2726566791534424
vt 0.5200791954994202 0.2790311574935913
vt 0.5936827063560486 0.96239173412323
vt 0.0383683443069458 0.07910323143005371
vt 0.10103627294301987 0.7136209607124329
vt 0.10103627294301987 0.7136209607124329
vt 0.8536996841430664 0.8462578058242798
vt 0.8536996841430664 0.8462578058242798
vt 0.8841598629951477 0.11717426776885986
vt 0.677617609500885 0.47009092569351196
vt 0.5869762301445007 0.9697055220603943
vt 0.6881005764007568 0.6109784841537476
vt 0.5443527102470398 0.2736707925796509
vt 0.5037009716033936 0.48265647888183594
vt 0.8574560284614563 0.8454592823982239
vt 0.8830190300941467 0.11233705282211304
vt 0.5330048203468323 0.27606236934661865
vt 0.4511672556400299 0.6939262747764587
vt 0.8345670104026794 0.5899364948272705
vt 0.04182087257504463 0.08237624168395996
vt 0.09659511595964432 0.7130698561668396
vt 0.5068845748901367 0.25223082304000854
vt 0.5365030169487 0.7499141693115234
vt 0.8362306952476501 0.5909475684165955
vt 0.09688315540552139 0.7109071612358093
vt 0.09688315540552139 0.7109071612358093
vt 0.6678304672241211 0.4336808919906616
vt 0.5662299394607544 0.19305402040481567
vt 0.5816544890403748 0.7524994611740112
vt 0.6787208318710327 0.5308128595352173
vt 0.659820020198822 0.41110193729400635
vt 0.5575432181358337 0.660193920135498
vt 0.6245150566101074 0.7497258186340332
vt 0.5487372875213623 0.24079269170761108
vt 0.5302234292030334 0.2537475824356079
vt 0.48908278346061707 0.20717263221740723
vt 0.5796131491661072 0.7444621920585632
vt 0.4462466835975647 0.7108516693115234
vt 0.5705304741859436 0.11802196502685547
vt 0.55463045835495 0.19423812627792358
vt 0.6481782793998718 0.42930519580841064
vt 0.5899592041969299 0.6578783392906189
vt 0.7285320162773132 0.7374069094657898
vt 0.5801658630371094 0.024423837661743164
vt 0.5374859571456909 0.6765372157096863
vt 0.8726260662078857 0.8517605066299438
vt 0.5967246294021606 0.656244158744812
vt 0.4981503188610077 0.20462071895599365
vt 0.5738680958747864 0.06274712085723877
vt 0.6346473097801208 0.42875778675079346
vt 0.4589703381061554 0.7201546430587769
vt 0.6196835041046143 0.43716681003570557
vt 0.5201226472854614 0.2223109006881714
vt 0.8478904366493225 0.5888010859489441
vt 0.09707867354154587 0.697594165802002
vt 0.8587903380393982 0.7043147087097168
vt 0.8688740134239197 0.8457202911376953
vt 0.8686158657073975 0.11717426776885986
vt 0.8774981498718262 0.6314346194267273
vt 0.6647889614105225 0.5253456830978394
vt 0.698523759841919 0.735267162322998
vt 0.49959638714790344 0.6963112354278564
vt 0.10103625804185867 0.6958544850349426
vt 0.5785617828369141 0.9631282687187195
vt 0.859733521938324 0.699430525302887
vt 0.34219884872436523 0.5745298862457275
vt 0.7918545603752136 0.0643278956413269
vt 0.777823805809021 0.7024021148681641
vt 0.5170243978500366 0.4830484390258789
vt 0.869364857673645 0.11209815740585327
vt 0.8792099356651306 0.6357868313789368
vt 0.172693133354187 0.8063331246376038
vt 0.172693133354187 0.8063331246376038
vt 0.5951604843139648 0.938586950302124
vt 0.9441154599189758 0.6510152220726013
vt 0.16936245560646057 0.8082413673400879
vt 0.46204909682273865 0.13296550512313843
vt 0.6495380997657776 0.7344343066215515
vt 0.6560694575309753 0.48940086364746094
vt 0.526856005191803 0.6876937747001648
vt 0.5392569303512573 0.19613075256347656
vt 0.6712038516998291 0.6071779727935791
vt 0.7901599407196045 0.09858739376068115
vt 0.7317782044410706 0.7320036292076111
vt 0.5130113959312439 0.2009846568107605
vt 0.643485963344574 0.46901166439056396
vt 0.5288646221160889 0.19786030054092407
vt 0.574421226978302 0.02039092779159546
vt 0.7888698577880859 0.26096272468566895
vt 0.7888698577880859 0.26096272468566895
vt 0.7879384756088257 0.2989320755004883
vt 0.8219149708747864 0.09355849027633667
vt 0.7879384756088257 0.2989320755004883
vt 0.8219149708747864 0.09355849027633667
vt 0.8478904366493225 0.5817312598228455
vt 0.852637529373169 0.7039521336555481
vt 0.875569760799408 0.8453707098960876
vt 0.8316062092781067 0.9466948509216309
vt 0.025536639615893364 0.4192047119140625
vt 0.5720040202140808 0.9635094404220581
vt 0.26313841342926025 0.7999153733253479
vt 0.7368615865707397 0.9631979465484619
vt 0.5075504183769226 0.7114866375923157
vt 0.5649975538253784 0.971450924873352
vt 0.6661059856414795 0.6100991368293762
vt 0.5585814118385315 0.085704505443573
vt 0.832797646522522 0.5870558023452759
vt 0.8323703408241272 0.9418442249298096
vt 0.026563214138150215 0.4151197671890259
vt 0.7858390808105469 0.10031980276107788
vt 0.7858390808105469 0.10031980276107788
vt 0.11956014484167099 0.8328943252563477
vt 0.25910645723342896 0.7990269064903259
vt 0.737688422203064 0.9587878584861755
vt 0.547926127910614 0.1303786039352417
vt 0.7858225107192993 0.26034295558929443
vt 0.7858225107192993 0.26034295558929443
vt 0.04626202955842018 0.7090725898742676
vt 0.45873570442199707 0.10037362575531006
vt 0.6760688424110413 0.7216284871101379
vt 0.7849783301353455 0.061775147914886475
vt 0.7855104207992554 0.6987967491149902
vt 0.5655374526977539 0.022524118423461914
vt 0.7842682600021362 0.25180816650390625
vt 0.05013120919466019 0.7076610922813416
vt 0.7839504480361938 0.2644040584564209
vt 0.49556371569633484 0.14881807565689087
vt 0.5626391768455505 0.02542901039123535
vt 0.48100772500038147 0.129302978515625
vt 0.6429266333580017 0.7137262225151062
vt 0.7255634665489197 0.7171735167503357
vt 0.03737971931695938 0.10875684022903442
vt 0.03737971931695938 0.10875684022903442
vt 0.587304413318634 0.9345027804374695
vt 0.623067319393158 0.4993588924407959
vt 0.5173449516296387 0.72357577085495
vt 0.6085601449012756 0.502892792224884
vt 0.634871244430542 0.5128085017204285
vt 0.518900990486145 0.15538614988327026
vt 0.5086503028869629 0.5093704462051392
vt 0.8613443970680237 0.8196367025375366
vt 0.8613443970680237 0.8196367025375366
vt 0.8582957983016968 0.8165866136550903
vt 0.8582957983016968 0.8165866136550903
vt 0.8582957983016968 0.8165866136550903
vt 0.8936895728111267 0.8563973903656006
vt 0.5974911451339722 0.6806457042694092
vt 0.6455410718917847 0.5555842518806458
vt 0.8242481350898743 0.5845508575439453
vt 0.8404017090797424 0.9414341449737549
vt 0.8694024085998535 0.8275787234306335
vt 0.8937729597091675 0.6298646330833435
vt 0.5525864362716675 0.7046741843223572
vt 0.553567111492157 0.9773638844490051
vt 0.6539811491966248 0.6066096425056458
vt 0.6539811491966248 0.6066096425056458
vt 0.35418209433555603 0.6070219874382019
vt 0.7798587083816528 0.031848371028900146
vt 0.9772300720214844 0.3373258113861084
vt 0.04182087257504463 0.11216902732849121
vt 0.04182087257504463 0.11216902732849121
vt 0.8363436460494995 0.5606610178947449
vt 0.16765359044075012 0.5621827244758606
vt 0.7798110842704773 0.30091363191604614
vt 0.7798110842704773 0.30091363191604614
vt 0.8131014108657837 0.09771573543548584
vt 0.5317869186401367 0.11632376909255981
vt 0.7531516551971436 0.8980541229248047
vt 0.7788112759590149 0.3282882571220398
vt 0.5903907418251038 0.6931208372116089
vt 0.5170243978500366 0.5082627534866333
vt 0.9017837047576904 0.6344987154006958
vt 0.9017837047576904 0.6344987154006958
vt 0.448926717042923 0.045480966567993164
vt 0.7228240966796875 0.7042223215103149
vt 0.448926717042923 0.045480966567993164
vt 0.7228240966796875 0.7042223215103149
vt 0.8622046709060669 0.8126554489135742
vt 0.8323464393615723 0.7855923175811768
vt 0.8622046709060669 0.8126554489135742
vt 0.7990988492965698 0.22292721271514893
vt 0.5767651796340942 0.9379186630249023
vt 0.8368969559669495 0.6992385983467102
vt 0.46872401237487793 0.07929056882858276
vt 0.4920545518398285 0.10903483629226685
vt 0.7764536738395691 0.05453324317932129
vt 0.7958460450172424 0.7034686803817749
vt 0.038362886756658554 0.11548221111297607
vt 0.5822827219963074 0.9295595288276672
vt 0.16903501749038696 0.5681049227714539
vt 0.5137264132499695 0.5139594078063965
vt 0.8656602501869202 0.815632700920105
vt 0.8012583255767822 0.2280033826828003
vt 0.9071058630943298 0.6357868313789368
vt 0.5379377603530884 0.07043379545211792
vt 0.842563807964325 0.5596446990966797
vt 0.17431531846523285 0.5635924935340881
vt 0.8323126435279846 0.7043147087097168
vt 0.6248342394828796 0.5599642992019653
vt 0.5470295548439026 0.026167988777160645
vt 0.7599540948867798 0.959689199924469
vt 0.5506657361984253 0.9711288213729858
vt 0.5660573244094849 0.721284031867981
vt 0.5948320627212524 0.5565207600593567
vt 0.09796345978975296 0.826729953289032
vt 0.7576791644096375 0.9547377228736877
vt 0.5411993861198425 0.983603835105896
vt 0.6405038833618164 0.6047773957252502
vt 0.0625777542591095 0.7111451029777527
vt 0.774536669254303 0.27386486530303955
vt 0.5781313180923462 0.9319695830345154
vt 0.17431531846523285 0.5680446028709412
vt 0.8316062092781067 0.6998379826545715
vt 0.8353071808815002 0.7804568409919739
vt 0.8667995929718018 0.8140299320220947
vt 0.9062290191650391 0.6301823854446411
vt 0.7960769534111023 0.2280033826828003
vt 0.9062290191650391 0.6301823854446411
vt 0.05137462541460991 0.41587018966674805
vt 0.899758517742157 0.8515649437904358
vt 0.608345091342926 0.5568378567695618
vt 0.8568621873855591 0.8025186657905579
vt 0.09213954210281372 0.0351099967956543
vt 0.8364336490631104 0.27876484394073486
vt 0.8308660387992859 0.2724548578262329
vt 0.19059956073760986 0.24908232688903809
vt 0.8353071808815002 0.7863790392875671
vt 0.8637492656707764 0.8101159334182739
vt 0.8637492656707764 0.8101159334182739
vt 0.5204065442085266 0.09266501665115356
vt 0.586261510848999 0.9194772839546204
vt 0.9249483346939087 0.6498690247535706
vt 0.7931162118911743 0.8726734519004822
vt 0.6435973644256592 0.609119176864624
vt 0.586261510848999 0.9194772839546204
vt 0.5827419757843018 0.9238187074661255
vt 0.6509992480278015 0.26861250400543213
vt 0.6509992480278015 0.26861250400543213
vt 0.5827419757843018 0.9238187074661255
vt 0.12827837467193604 0.8109266757965088
vt 0.2587873041629791 0.7778047919273376
vt 0.4490560293197632 0.040003836154937744
vt 0.7266694903373718 0.700930655002594
vt 0.7728624939918518 0.12336128950119019
vt 0.7728624939918518 0.12336128950119019
vt 0.54625004529953 0.021982848644256592
vt 0.7725585103034973 0.2339426875114441
vt 0.5919419527053833 0.7114173173904419
vt 0.06792309880256653 0.7075463533401489
vt 0.7732870578765869 0.28058528900146484
vt 0.8336448073387146 0.6179776191711426
vt 0.0521111823618412 0.41074448823928833
vt 0.9138908386230469 0.8640252947807312
vt 0.5991857647895813 0.7048197388648987
vt 0.08934025466442108 0.026672840118408203
vt 0.08934025466442108 0.026672840118408203
vt 0.08934025466442108 0.026672840118408203
vt 0.8419688940048218 0.2735809087753296
vt 0.5824136137962341 0.9132919907569885
vt 0.6400838494300842 0.6158866882324219
vt 0.5824136137962341 0.9132919907569885
vt 0.4600948989391327 0.04189831018447876
vt 0.833357036113739 0.27026838064193726
vt 0.833357036113739 0.27026838064193726
vt 0.8649291396141052 0.806672990322113
vt 0.833357036113739 0.27026838064193726
vt 0.7834361791610718 0.5489029884338379
vt 0.7834361791610718 0.5489029884338379
vt 0.8548136949539185 0.9471235275268555
vt 0.20392301678657532 0.24153977632522583
vt 0.8757443428039551 0.8192024827003479
vt 0.7908956408500671 0.8671428561210632
vt 0.6384909749031067 0.6080845594406128
vt 0.5037988424301147 0.08096951246261597
vt 0.09425625950098038 0.027530789375305176
vt 0.09425625950098038 0.027530789375305176
vt 0.9185155630111694 0.6391708850860596
vt 0.164620503783226 0.7845081090927124
vt 0.5767391324043274 0.9182435870170593
vt 0.6499976515769958 0.25932854413986206
vt 0.5767391324043274 0.9182435870170593
vt 0.08623242378234863 0.021796464920043945
vt 0.8404403924942017 0.2685244679450989
vt 0.8404403924942017 0.2685244679450989
vt 0.8404403924942017 0.2685244679450989
vt 0.8566620945930481 0.7949210405349731
vt 0.0986730083823204 0.032539427280426025
vt 0.9189489483833313 0.6840629577636719
vt 0.16699813306331635 0.7812320590019226
vt 0.16699813306331635 0.7812320590019226
vt 0.16699813306331635 0.7812320590019226
vt 0.053409527987241745 0.8371645212173462
vt 0.5240942239761353 0.996681272983551
vt 0.620104968547821 0.6009555459022522
vt 0.7702314257621765 0.7129464745521545
vt 0.9408068060874939 0.5205399990081787
vt 0.8760177493095398 0.26861250400543213
vt 0.5753299593925476 0.9259042739868164
vt 0.6432350873947144 0.26861250400543213
vt 0.8527131676673889 0.7894660830497742
vt 0.7819609045982361 0.5532544255256653
vt 0.9307645559310913 0.8770402073860168
vt 0.9307645559310913 0.8770402073860168
vt 0.5925240516662598 0.5939275026321411
vt 0.5982204079627991 0.7280033826828003
vt 0.6107457280158997 0.5978741645812988
vt 0.943772554397583 0.8921319842338562
vt 0.08253145962953568 0.3912859559059143
vt 0.08253145962953568 0.3912859559059143
vt 0.5778198838233948 0.9115492105484009
vt 0.7842339277267456 0.364213228225708
vt 0.47441548109054565 0.041359126567840576
vt 0.7674846053123474 0.07670450210571289
vt 0.8168023824691772 0.3769035339355469
vt 0.7674846053123474 0.07670450210571289
vt 0.7509252429008484 0.5207275748252869
vt 0.5636565685272217 0.7373096346855164
vt 0.09240219742059708 0.022058427333831787
vt 0.09240219742059708 0.022058427333831787
vt 0.766535758972168 0.30507516860961914
vt 0.03145818039774895 0.4657360315322876
vt 0.766535758972168 0.30507516860961914
vt 0.35566246509552 0.7914551496505737
vt 0.16807162761688232 0.7777239084243774
vt 0.7828899621963501 0.7510849833488464
vt 0.7415884137153625 0.9075729250907898
vt 0.7887134552001953 0.40928781032562256
vt 0.5253609418869019 0.02836477756500244
vt 0.7677947878837585 0.20987755060195923
vt 0.5253609418869019 0.02836477756500244
vt 0.7884429097175598 0.4138419032096863
vt 0.782667875289917 0.7457698583602905
vt 0.9378252029418945 0.8817033171653748
vt 0.9378252029418945 0.8817033171653748
vt 0.4737454950809479 0.03694099187850952
vt 0.766813337802887 0.1509825587272644
vt 0.5804607272148132 0.9065144062042236
vt 0.6139896512031555 0.6806260347366333
vt 0.6337301731109619 0.616328239440918
vt 0.6337301731109619 0.616328239440918
vt 0.8744227290153503 0.2718517780303955
vt 0.6428571343421936 0.26477909088134766
vt 0.6428571343421936 0.26477909088134766
vt 0.5630885362625122 0.7339255213737488
vt 0.09069611132144928 0.019391775131225586
vt 0.11509992927312851 0.4115905165672302
vt 0.7450037002563477 0.5224574208259583
vt 0.557735025882721 0.7373096346855164
vt 0.8545522093772888 0.5874130725860596
vt 0.6739452481269836 0.14001691341400146
vt 0.7671696543693542 0.05043840408325195
vt 0.7671696543693542 0.05043840408325195
vt 0.7671696543693542 0.05043840408325195
vt 0.8071269989013672 0.6983925700187683
vt 0.0880967527627945 0.3882143497467041
vt 0.0880967527627945 0.3882143497467041
vt 0.2656010687351227 0.005798220634460449
vt 0.9208633899688721 0.8619949817657471
vt 0.07561492919921875 0.4165536165237427
vt 0.9208633899688721 0.8619949817657471
vt 0.9208633899688721 0.8619949817657471
vt 0.928858757019043 0.8252961039543152
vt 0.8385072350502014 0.26297086477279663
vt 0.8385072350502014 0.26297086477279663
vt 0.5715247392654419 0.9179402589797974
vt 0.8686158657073975 0.27312421798706055
vt 0.6447753310203552 0.25846022367477417
vt 0.5740674138069153 0.9130525588989258
vt 0.08401771634817123 0.3862098455429077
vt 0.26096975803375244 0.005499124526977539
vt 0.6320092678070068 0.6070219874382019
vt 0.9145764708518982 0.6451916098594666
vt 0.7931162118911743 0.8599830865859985
vt 0.6320092678070068 0.6070219874382019
vt 0.7662579417228699 0.29793721437454224
vt 0.07038276642560959 0.8252274394035339
vt 0.7830125689506531 0.9549469947814941
vt 0.08845299482345581 0.3912859559059143
vt 0.7842339277267456 0.3709813952445984
vt 0.2660991847515106 0.008883237838745117
vt 0.09514034539461136 0.020664989948272705
vt 0.7509252429008484 0.5249577164649963
vt 0.8486306667327881 0.5875634551048279
vt 0.09955588728189468 0.023934125900268555
vt 0.924666166305542 0.6890863180160522
vt 0.09955588728189468 0.023934125900268555
vt 0.924666166305542 0.6890863180160522
vt 0.5578285455703735 0.7340739369392395
vt 0.12028127163648605 0.4115905165672302
vt 0.8545522093772888 0.583483099937439
vt 0.7647132277488708 0.32868021726608276
vt 0.7390811443328857 0.8988908529281616
vt 0.0360829196870327 0.8405245542526245
vt 0.6045912504196167 0.6016345620155334
vt 0.9436354041099548 0.884182333946228
vt 0.0360829196870327 0.8405245542526245
vt 0.8523315787315369 0.22751790285110474
vt 0.8523315787315369 0.22751790285110474
vt 0.4911177456378937 0.03519207239151001
vt 0.7650415897369385 0.17089438438415527
vt 0.4911177456378937 0.03519207239151001
vt 0.8406150341033936 0.6467275619506836
vt 0.07710135728120804 0.41225528717041016
vt 0.07955971360206604 0.7119289636611938
vt 0.7642534971237183 0.28917574882507324
vt 0.5052945017814636 0.03227972984313965
vt 0.7651244401931763 0.18682479858398438
vt 0.5052945017814636 0.03227972984313965
vt 0.19849254190921783 0.2571229934692383
vt 0.872861385345459 0.802220344543457
vt 0.9350801110267639 0.8257086873054504
vt 0.8326605558395386 0.2608524560928345
vt 0.8326605558395386 0.2608524560928345
vt 0.5738104581832886 0.909234344959259
vt 0.5738104581832886 0.909234344959259
vt 0.6199111938476562 0.677099883556366
vt 0.780532956123352 0.367268443107605
vt 0.2609178423881531 0.008883237838745117
vt 0.09387759119272232 0.01752227544784546
vt 0.11657918244600296 0.4073604345321655
vt 0.8497378826141357 0.5833333134651184
vt 0.7631609439849854 0.032148540019989014
vt 0.9840858578681946 0.9872456192970276
vt 0.9938952922821045 0.33769500255584717
vt 0.9330126047134399 0.22423464059829712
vt 0.7766208052635193 0.5518643260002136
vt 0.7766208052635193 0.5518643260002136
vt 0.9107797741889954 0.6394137740135193
vt 0.16172215342521667 0.7789166569709778
vt 0.9107797741889954 0.6394137740135193
vt 0.16172215342521667 0.7789166569709778
vt 0.7631609439849854 0.20493686199188232
vt 0.5195135474205017 0.025596261024475098
vt 0.7631609439849854 0.20493686199188232
vt 0.7637913227081299 0.054579198360443115
vt 0.7637913227081299 0.054579198360443115
vt 0.7635149955749512 0.3016323447227478
vt 0.35418209433555603 0.7977709174156189
vt 0.47803619503974915 0.03349405527114868
vt 0.7625688314437866 0.15613144636154175
vt 0.7625688314437866 0.15613144636154175
vt 0.03811991214752197 0.46530383825302124
vt 0.8797187209129333 0.6837735176086426
vt 0.7614272832870483 0.30961012840270996
vt 0.023697489872574806 0.8393148183822632
vt 0.9879768490791321 0.8371404409408569
vt 0.8462430834770203 0.23386019468307495
vt 0.8462430834770203 0.23386019468307495
vt 0.09004922211170197 0.012769639492034912
vt 0.8419688940048218 0.26015228033065796
vt 0.9272483587265015 0.8300427198410034
vt 0.6791265606880188 0.14001691341400146
vt 0.8578693270683289 0.4063873291015625
vt 0.811875581741333 0.7008061408996582
vt 0.8826795220375061 0.6840101480484009
vt 0.7621293067932129 0.31279313564300537
vt 0.7621293067932129 0.31279313564300537
vt 0.7615028023719788 0.04733169078826904
vt 0.8604737520217896 0.40651440620422363
vt 0.8123612403869629 0.7034686803817749
vt 0.936476469039917 0.872366726398468
vt 0.09437453746795654 0.4192047119140625
vt 0.6413767337799072 0.9002349972724915
vt 0.936476469039917 0.872366726398468
vt 0.04279835894703865 0.8323280215263367
vt 0.8049592971801758 0.9631979465484619
vt 0.04279835894703865 0.8323280215263367
vt 0.5140636563301086 0.9970389008522034
vt 0.7624126672744751 0.0627853274345398
vt 0.7624126672744751 0.0627853274345398
vt 0.7624126672744751 0.0627853274345398
vt 0.829717218875885 0.3718274235725403
vt 0.7624126672744751 0.0627853274345398
vt 0.7624126672744751 0.0627853274345398
vt 0.9951887726783752 0.8388132452964783
vt 0.9391202330589294 0.8747170567512512
vt 0.9951887726783752 0.8388132452964783
vt 0.8523315787315369 0.23900169134140015
vt 0.8620544672012329 0.7873358726501465
vt 0.7538859844207764 0.8608291149139404
vt 0.9269660711288452 0.6806260347366333
vt 0.9269660711288452 0.6806260347366333
vt 0.7739033102989197 0.5516321063041687
vt 0.9442161321640015 0.5298165678977966
vt 0.029349306598305702 0.8346791863441467
vt 0.029349306598305702 0.8346791863441467
vt 0.844189465045929 0.2271573543548584
vt 0.5680713057518005 0.9139516949653625
vt 0.8689799904823303 0.27876484394073486
vt 0.6196000576019287 0.9547377228736877
vt 0.04663917049765587 0.829247772693634
vt 0.04663917049765587 0.829247772693634
vt 0.8046146631240845 0.9586566686630249
vt 0.6403350830078125 0.9048223495483398
vt 0.8478904366493225 0.6659790873527527
vt 0.09435013681650162 0.4151790142059326
vt 0.014433749951422215 0.700433611869812
vt 0.5706754326820374 0.9173970222473145
vt 0.8755033016204834 0.2787647843360901
vt 0.6169503927230835 0.9483122825622559
vt 0.5068223476409912 0.02640622854232788
vt 0.7603855729103088 0.18965882062911987
vt 0.7603855729103088 0.18965882062911987
vt 0.6146926283836365 0.6734634637832642
vt 0.6273601651191711 0.6158866882324219
vt 0.6300756931304932 0.9529243111610413
vt 0.7822958827018738 0.4098243713378906
vt 0.7346526384353638 0.9079537391662598
vt 0.8585397601127625 0.7820662260055542
vt 0.9368910193443298 0.2288494110107422
vt 0.7756915092468262 0.5565187931060791
vt 0.6771143078804016 0.13279259204864502
vt 0.7607883810997009 0.05329853296279907
vt 0.7607883810997009 0.05329853296279907
vt 0.014433752745389938 0.7161502838134766
vt 0.9096728563308716 0.6498392820358276
vt 0.625832736492157 0.608488917350769
vt 0.6310140490531921 0.9455563426017761
vt 0.0995558649301529 0.015803158283233643
vt 0.9316564202308655 0.6890863180160522
vt 0.8700962066650391 0.7405064105987549
vt 0.5694776177406311 0.907886266708374
vt 0.6199111938476562 0.6721658110618591
vt 0.6251127123832703 0.9547377228736877
vt 0.6251127123832703 0.9547377228736877
vt 0.09555427730083466 0.012267351150512695
vt 0.9270910620689392 0.8354483842849731
vt 0.8700962066650391 0.7350867986679077
vt 0.7604389786720276 0.7110950946807861
vt 0.9400594830513 0.5317279696464539
vt 0.9798442125320435 0.9776061773300171
vt 0.9981495141983032 0.3472927212715149
vt 0.7602134346961975 0.7172271609306335
vt 0.9870466589927673 0.8422286510467529
vt 0.01957765407860279 0.8353660702705383
vt 0.9870466589927673 0.8422286510467529
vt 0.03481096029281616 0.45473772287368774
vt 0.09228119999170303 0.7068527936935425
vt 0.7602768540382385 0.2995039224624634
vt 0.35566246509552 0.8032994866371155
vt 0.7592896223068237 0.8582910299301147
vt 0.9322723746299744 0.6822677254676819
vt 0.8641623854637146 0.7415397763252258
vt 0.16137370467185974 0.7731448411941528
vt 0.16137370467185974 0.7731448411941528
vt 0.06772759556770325 0.28722500801086426
vt 0.9042614698410034 0.640832245349884
vt 0.9641006588935852 0.4666823148727417
vt 0.9145077466964722 0.8802876472473145
vt 0.023805774748325348 0.8322184085845947
vt 0.05736491456627846 0.6324027180671692
vt 0.03809744492173195 0.8290272951126099
vt 0.03809744492173195 0.8290272951126099
vt 0.8729813694953918 0.7926642894744873
vt 0.7657290697097778 0.8608291149139404
vt 0.9352331757545471 0.8354483842849731
vt 0.8619540929794312 0.7339255213737488
vt 0.9141337275505066 0.8752114772796631
vt 0.0536639541387558 0.23701810836791992
vt 0.967061460018158 0.46235191822052
vt 0.8434492945671082 0.8825154900550842
vt 0.03232777118682861 0.828091561794281
vt 0.05213318392634392 0.631841242313385
vt 0.03232777118682861 0.828091561794281
vt 0.03232777118682861 0.828091561794281
vt 0.1626587063074112 0.7712767124176025
vt 0.7724595665931702 0.751124382019043
vt 0.6789626479148865 0.1290186047554016
vt 0.7575805187225342 0.055352210998535156
vt 0.8575129508972168 0.3951953649520874
vt 0.8378368020057678 0.37344127893447876
vt 0.011015111580491066 0.7077438831329346
vt 0.6232138276100159 0.9454314708709717
vt 0.6232138276100159 0.9454314708709717
vt 0.7567240595817566 0.32645493745803833
vt 0.7308816909790039 0.8982540965080261
vt 0.03811991214752197 0.4547891616821289
vt 0.8800829648971558 0.6731067299842834
vt 0.09476243704557419 0.7091355919837952
vt 0.056624721735715866 0.24153977632522583
vt 0.967061460018158 0.4682741165161133
vt 0.025970930233597755 0.8296698927879333
vt 0.9396743178367615 0.38113367557525635
vt 0.8826795220375061 0.673011839389801
vt 0.09511473029851913 0.7119289636611938
vt 0.7562594413757324 0.3044418692588806
vt 0.009691284038126469 0.6992385983467102
vt 0.5662730932235718 0.9155112504959106
vt 0.26301366090774536 0.7508495450019836
vt 0.8604737520217896 0.3946700096130371
vt 0.8382679224014282 0.3769035339355469
vt 0.7558303475379944 0.05656176805496216
vt 0.777719259262085 0.41683679819107056
vt 0.016654329374432564 0.7482133507728577
vt 0.7710519433021545 0.7464392185211182
vt 0.20392301678657532 0.26522839069366455
vt 0.8780564665794373 0.794217586517334
vt 0.875471830368042 0.9464882016181946
vt 0.056624721735715866 0.23646360635757446
vt 0.8464100956916809 0.8845177888870239
vt 0.9408697485923767 0.376057505607605
vt 0.9408697485923767 0.376057505607605
vt 0.9115493297576904 0.8753536343574524
vt 0.8464100956916809 0.8811336755752563
vt 0.943375289440155 0.3761260509490967
vt 0.6341811418533325 0.8999059796333313
vt 0.9409692883491516 0.8665461540222168
vt 0.9108068346977234 0.8802876472473145
vt 0.022654766216874123 0.8279635310173035
vt 0.943375289440155 0.3809940814971924
vt 0.943375289440155 0.3809940814971924
vt 0.7282561659812927 0.9074828624725342
vt 0.7763584852218628 0.41170555353164673
vt 0.7282561659812927 0.9074828624725342
vt 0.026175741106271744 0.825566291809082
vt 0.38123083114624023 0.7635363936424255
vt 0.026175741106271744 0.825566291809082
vt 0.9438449740409851 0.8672661185264587
vt 0.36898595094680786 0.7719084024429321
vt 0.9951887726783752 0.8489847779273987
vt 0.016654329374432564 0.8288832306861877
vt 0.37226250767707825 0.7650571465492249
vt 0.9878731369972229 0.8488719463348389
vt 0.0388069674372673 0.8219118118286133
vt 0.0388069674372673 0.8219118118286133
vt 0.007414748426526785 0.7178511023521423
vt 0.9026647210121155 0.6510152220726013
vt 0.06342289596796036 0.2957124710083008
vt 0.9026647210121155 0.6510152220726013
vt 0.06342289596796036 0.2957124710083008
vt 0.8686791062355042 0.7804568409919739
vt 0.9471554756164551 0.22786951065063477
vt 0.9471554756164551 0.22786951065063477
vt 0.7727726697921753 0.5658698678016663
vt 0.9465678334236145 0.22292721271514893
vt 0.9465678334236145 0.22292721271514893
vt 0.15269039571285248 0.7699861526489258
vt 0.0675329938530922 0.29694193601608276
vt 0.0675329938530922 0.29694193601608276
vt 0.0048112510703504086 0.7080338001251221
vt 0.26313841342926025 0.7406937479972839
vt 0.06328645348548889 0.3061206340789795
vt 0.8756772875785828 0.7845479846000671
vt 0.8841598629951477 0.9471235275268555
vt 0.9550238847732544 0.2288494110107422
vt 0.2586972713470459 0.7426454424858093
vt 0.06772761046886444 0.30922162532806396
vt 0.14103808999061584 0.7737414240837097
vt 0.7794987559318542 0.5790711641311646
vt 0.8818233609199524 0.9412013292312622
vt 0.95891934633255 0.22421032190322876
vt 0.770170271396637 0.5648185014724731
vt 0.9436194896697998 0.5444338917732239
vt 0.750137448310852 0.037629902362823486
vt 0.9702405333518982 0.9870998859405518
vt 0.02747529372572899 0.8202086091041565
vt 0.051443375647068024 0.6233763098716736
vt 0.3823094069957733 0.7681233286857605
vt 0.3823094069957733 0.7681233286857605
vt 0.019729942083358765 0.8235225677490234
vt 0.3769375681877136 0.7663717269897461
vt 0.3769375681877136 0.7663717269897461
vt 0.3769375681877136 0.7663717269897461
vt 0.154012069106102 0.7667073607444763
vt 0.025786982849240303 0.7441548705101013
vt 0.7627683281898499 0.7525380849838257
vt 0.722307562828064 0.9082064032554626
vt 0.7717021107673645 0.4155586361885071
vt 0.7717021107673645 0.4155586361885071
vt 0.7500265836715698 0.7014239430427551
vt 0.9396743178367615 0.546633780002594
vt 0.031107252463698387 0.8194113373756409
vt 0.7610087990760803 0.5570356845855713
vt 0.05736491456627846 0.6214044094085693
vt 0.3823094069957733 0.7753807306289673
vt 0.721301257610321 0.9073968529701233
vt 0.770490825176239 0.41558074951171875
vt 0.7168763875961304 0.9781880378723145
vt 0.721301257610321 0.9073968529701233
vt 0.7599151730537415 0.5652896165847778
vt 0.9507771730422974 0.866692841053009
vt 0.37531423568725586 0.7748983502388
vt 0.37531423568725586 0.7748983502388
vt 0.9664259552955627 0.9777488112449646
vt 0.748506486415863 0.7086958289146423
vt 0.7473384737968445 0.31977951526641846
vt 0.7183755040168762 0.9875202178955078
vt 0.7198371291160583 0.898252546787262
vt 0.7683606743812561 0.42728233337402344
vt 0.02973981201648712 0.7491539716720581
vt 0.0474824495613575 0.8069179058074951
vt 0.7711246609687805 0.5777106285095215
vt 0.9440717101097107 0.5565309524536133
vt 0.8330102562904358 0.6768568158149719
vt 0.7553747892379761 0.5723781585693359
vt 0.9481364488601685 0.8593143820762634
vt 0.6240471005439758 0.8997461795806885
vt 0.6240471005439758 0.8997461795806885
vt 0.9501588940620422 0.6696277260780334
vt 0.6239718198776245 0.9047166109085083
vt 0.8340539336204529 0.6789340376853943
vt 0.6239718198776245 0.9047166109085083
vt 0.03844523802399635 0.8096592426300049
vt 0.03844523802399635 0.8096592426300049
vt 0.1336047351360321 0.7450573444366455
vt 0.744050920009613 0.04496121406555176
vt 0.9614216089248657 0.9870685935020447
vt 0.14247557520866394 0.7643824219703674
vt 0.0362418033182621 0.7448334097862244
vt 0.0949712023139 0.7847473621368408
vt 0.0949712023139 0.7847473621368408
vt 0.08061716705560684 0.7440778613090515
vt 0.8327740430831909 0.6786783337593079
vt 0.6228719353675842 0.9048223495483398
vt 0.9537379741668701 0.6673184037208557
vt 0.7840094566345215 0.6006981730461121
vt 0.7840094566345215 0.6006981730461121
vt 0.9463123083114624 0.5811806321144104
vt 0.040815070271492004 0.8077068328857422
vt 0.13109782338142395 0.7449731230735779
vt 0.7647541761398315 0.43644261360168457
vt 0.03828732669353485 0.7491351366043091
vt 0.034637123346328735 0.8105908036231995
vt 0.7559270858764648 0.5502862334251404
vt 0.034637123346328735 0.8105908036231995
vt 0.133231520652771 0.7491539716720581
vt 0.7453728318214417 0.6873636841773987
vt 0.9401806592941284 0.5610684156417847
vt 0.7641745209693909 0.4235292673110962
vt 0.7641745209693909 0.4235292673110962
vt 0.7262954115867615 0.9778240919113159
vt 0.7412539720535278 0.30937695503234863
vt 0.7292839884757996 0.9869851469993591
vt 0.7392134666442871 0.05593794584274292
vt 0.9507036805152893 0.9874374866485596
vt 0.9499219059944153 0.9778245091438293
vt 0.7405625581741333 0.6911882162094116
vt 0.7390038967132568 0.3014521598815918
vt 0.736551821231842 0.9870266914367676
vt 0.7390120625495911 0.2891077995300293
vt 0.7473037838935852 0.9877326488494873
vt 0.9365560412406921 0.9877326488494873
vt 0.738624095916748 0.07214570045471191
vt 0.8413758277893066 0.9775803685188293
vt 0.7498389482498169 0.5602651238441467
vt 0.783181369304657 0.9874937534332275
vt 0.7385997176170349 0.2479788064956665
vt 0.7402092814445496 0.9778220057487488
vt 0.7591433525085449 0.4388042688369751
vt 0.9314777255058289 0.9776578545570374
vt 0.7414283156394958 0.6688696146011353
vt 0.8593955039978027 0.9873077869415283
vt 0.7383419871330261 0.16060590744018555
vt 0.10774169117212296 0.9818750619888306
vt 0.8754028081893921 0.42788243293762207
vt 0.17653590440750122 0.03595602512359619
vt 0.8754028081893921 0.42788243293762207
vt 0.5488526821136475 0.950507640838623
vt 0.8754028081893921 0.42788243293762207
vt 0.5488526821136475 0.950507640838623
vt 0.6820873618125916 0.950507640838623
vt 0.8756129741668701 0.43201935291290283
vt 0.1789948046207428 0.03003382682800293
vt 0.026163678616285324 0.2982233762741089
vt 0.8756129741668701 0.43201935291290283
vt 0.6820873618125916 0.950507640838623
vt 0.21343454718589783 0.24540871381759644
vt 0.8676556944847107 0.6970589756965637
vt 0.8676556944847107 0.6970589756965637
vt 0.20442038774490356 0.5636382102966309
vt 0.8762822151184082 0.4239438772201538
vt 0.1951379030942917 0.15956294536590576
vt 0.870146632194519 0.70517897605896
vt 0.20545925199985504 0.24407780170440674
vt 0.870146632194519 0.70517897605896
vt 0.6761658191680908 0.950507640838623
vt 0.18245743215084076 0.03595602512359619
vt 0.18245743215084076 0.03595602512359619
vt 0.5429311394691467 0.950507640838623
vt 0.10293380171060562 0.1703202724456787
vt 0.10293380171060562 0.1703202724456787
vt 0.2959730625152588 0.8687873482704163
vt 0.6709421873092651 0.02834177017211914
vt 0.2959730625152588 0.8687873482704163
vt 0.4366016089916229 0.8574360013008118
vt 0.868421196937561 0.687716007232666
vt 0.868421196937561 0.687716007232666
vt 0.9337527751922607 0.11463618278503418
vt 0.6391561627388 0.0384940505027771
vt 0.512822151184082 0.5504449605941772
vt 0.868421196937561 0.687716007232666
vt 0.02754368633031845 0.3035433888435364
vt 0.00903888139873743 0.36656999588012695
vt 0.671390175819397 0.03226745128631592
vt 0.04598822817206383 0.7914551496505737
vt 0.1779218167066574 0.033729493618011475
vt 0.1779218167066574 0.033729493618011475
vt 0.8760122656822205 0.4295332431793213
vt 0.917075514793396 0.1955493688583374
vt 0.9004440903663635 0.25993943214416504
vt 0.5103626847267151 0.5613366961479187
vt 0.3616664707660675 0.8644706606864929
vt 0.02450079843401909 0.17842090129852295
vt 0.8689070343971252 0.30086469650268555
vt 0.4550066888332367 0.12454265356063843
vt 0.8689070343971252 0.30086469650268555
vt 0.8690117597579956 0.6814538240432739
vt 0.912287175655365 0.19479238986968994
vt 0.5106970071792603 0.5566213130950928
vt 0.34396854043006897 0.627853274345398
vt 0.03722066432237625 0.3666064739227295
vt 0.16529108583927155 0.6809259057044983
vt 0.7445506453514099 0.8307929635047913
vt 0.8688622117042542 0.06018894910812378
vt 0.5143823027610779 0.9620333313941956
vt 0.6747468709945679 0.06636625528335571
vt 0.5143823027610779 0.9620333313941956
vt 0.4510105550289154 0.12405133247375488
vt 0.02776065282523632 0.3642970323562622
vt 0.15575894713401794 0.6834919452667236
vt 0.23759861290454865 0.15114742517471313
vt 0.5953893065452576 0.8460191488265991
vt 0.4282064735889435 0.9655758738517761
vt 0.05440414324402809 0.9793789982795715
vt 0.6554403901100159 0.9970389008522034
vt 0.03178079053759575 0.31175971031188965
vt 0.03178079053759575 0.31175971031188965
vt 0.977424144744873 0.7295997142791748
vt 0.03178079053759575 0.31175971031188965
vt 0.1634269803762436 0.15972447395324707
vt 0.014640255831182003 0.3640873432159424
vt 0.14259830117225647 0.6859115362167358
vt 0.14259830117225647 0.6859115362167358
vt 0.5273509621620178 0.8528274893760681
vt 0.5273509621620178 0.8528274893760681
vt 0.05966252461075783 0.9787520170211792
vt 0.4850415885448456 0.857174277305603
vt 0.39231014251708984 0.8654463887214661
vt 0.872175395488739 0.6942694783210754
vt 0.872175395488739 0.6942694783210754
vt 0.5202628970146179 0.5503383874893188
vt 0.5430726408958435 0.5693290829658508
vt 0.8787031173706055 0.4271978735923767
vt 0.8787031173706055 0.4271978735923767
vt 0.8787031173706055 0.4271978735923767
vt 0.03308155760169029 0.3065389394760132
vt 0.03308155760169029 0.3065389394760132
vt 0.0693640410900116 0.543411910533905
vt 0.3147776126861572 0.8721150159835815
vt 0.7067890763282776 0.8375762701034546
vt 0.5077364444732666 0.9599090814590454
vt 0.5077364444732666 0.9599090814590454
vt 0.03183475509285927 0.30014121532440186
vt 0.8797962665557861 0.43208879232406616
vt 0.8797962665557861 0.43208879232406616
vt 0.34074968099594116 0.13553643226623535
vt 0.8817250728607178 0.42276859283447266
vt 0.20022206008434296 0.567587673664093
vt 0.8817250728607178 0.42276859283447266
vt 0.8817250728607178 0.42276859283447266
vt 0.48506689071655273 0.9601429104804993
vt 0.3071631193161011 0.9692403674125671
vt 0.011686118319630623 0.3611331582069397
vt 0.13878607749938965 0.6851727962493896
vt 0.011686118319630623 0.3611331582069397
vt 0.011686118319630623 0.3611331582069397
vt 0.011686118319630623 0.3611331582069397
vt 0.05070318281650543 0.7948392629623413
vt 0.10308960825204849 0.16451263427734375
vt 0.10308960825204849 0.16451263427734375
vt 0.5171034932136536 0.5553671717643738
vt 0.8743607401847839 0.6886664032936096
vt 0.5171034932136536 0.5553671717643738
vt 0.5810281038284302 0.5575351119041443
vt 0.7953367829322815 0.8921319842338562
vt 0.9189489483833313 0.202622652053833
vt 0.8994636535644531 0.25290000438690186
vt 0.7411229610443115 0.8357623219490051
vt 0.8761550784111023 0.7003704309463501
vt 0.8761550784111023 0.7003704309463501
vt 0.6351590156555176 0.6611675024032593
vt 0.8866286873817444 0.26353639364242554
vt 0.5244263410568237 0.5562728643417358
vt 0.6788622140884399 0.07064294815063477
vt 0.004841560963541269 0.17543727159500122
vt 0.6788622140884399 0.07064294815063477
vt 0.13947837054729462 0.3698129653930664
vt 0.26336565613746643 0.6463200449943542
vt 0.32476532459259033 0.8732026219367981
vt 0.1165803074836731 0.2234155535697937
vt 0.8828917145729065 0.4143771529197693
vt 0.9041450619697571 0.2505947947502136
vt 0.8765053153038025 0.7122886180877686
vt 0.12324204295873642 0.7382822632789612
vt 0.6455833315849304 0.6639143824577332
vt 0.6455833315849304 0.6639143824577332
vt 0.05480288341641426 0.5398272275924683
vt 0.30047470331192017 0.8755941390991211
vt 0.30047470331192017 0.8755941390991211
vt 0.8930783271789551 0.25808191299438477
vt 0.8930783271789551 0.25808191299438477
vt 0.5178279280662537 0.5613366961479187
vt 0.5178279280662537 0.5613366961479187
vt 0.11752566695213318 0.2280033826828003
vt 0.9272674918174744 0.43274110555648804
vt 0.9049860239028931 0.25507616996765137
vt 0.01063726469874382 0.17402851581573486
vt 0.021095484495162964 0.6913356781005859
vt 0.1239306628704071 0.7432045340538025
vt 0.6458179354667664 0.6687816977500916
vt 0.8834690451622009 0.4289514422416687
vt 0.9680721759796143 0.7254652976989746
vt 0.9208014011383057 0.2483079433441162
vt 0.03811991214752197 0.3019786477088928
vt 0.8834690451622009 0.4289514422416687
vt 0.6798173785209656 0.06374001502990723
vt 0.5139334797859192 0.9558102488517761
vt 0.5139334797859192 0.9558102488517761
vt 0.5533089637756348 0.8550264239311218
vt 0.26396217942237854 0.9683265686035156
vt 0.8492631316184998 0.8981303572654724
vt 0.8749834895133972 0.3284316062927246
vt 0.5109128952026367 0.9553905129432678
vt 0.5109128952026367 0.9553905129432678
vt 0.5109128952026367 0.9553905129432678
vt 0.3656533360481262 0.9633294343948364
vt 0.493604451417923 0.9555374979972839
vt 0.17661422491073608 0.9704771637916565
vt 0.10371075570583344 0.36434078216552734
vt 0.22786296904087067 0.6541418433189392
vt 0.3045140504837036 0.1358654499053955
vt 0.027508806437253952 0.35676711797714233
vt 0.030839676037430763 0.16889530420303345
vt 0.8791884183883667 0.7138826847076416
vt 0.12588901817798615 0.7375084161758423
vt 0.23636040091514587 0.1439933180809021
vt 0.8853675127029419 0.4118350148200989
vt 0.6799150705337524 0.030346810817718506
vt 0.05127069354057312 0.5344850420951843
vt 0.29546695947647095 0.879089891910553
vt 0.8923854827880859 0.2541249394416809
vt 0.028108352795243263 0.3675972819328308
vt 0.6250925064086914 0.6640077233314514
vt 0.8923854827880859 0.2541249394416809
vt 0.6250925064086914 0.6640077233314514
vt 0.9695284366607666 0.7311700582504272
vt 0.5310880541801453 0.7448437809944153
vt 0.9256106615066528 0.25086045265197754
vt 0.659889817237854 0.8476249575614929
vt 0.023849017918109894 0.6703973412513733
vt 0.03219837322831154 0.3685346841812134
vt 0.6264192461967468 0.6687816977500916
vt 0.03591809794306755 0.3569681644439697
vt 0.007522885221987963 0.3549688458442688
vt 0.007522885221987963 0.3549688458442688
vt 0.007522885221987963 0.3549688458442688
vt 0.6812388300895691 0.036363184452056885
vt 0.9441154599189758 0.4492233991622925
vt 0.5302802920341492 0.7491539716720581
vt 0.9244463443756104 0.2550761103630066
vt 0.22491034865379333 0.9666993618011475
vt 0.1820400357246399 0.36842626333236694
vt 0.30354636907577515 0.6296800971031189
vt 0.12354301661252975 0.9691648483276367
vt 0.02271287888288498 0.16623979806900024
vt 0.36494767665863037 0.37774956226348877
vt 0.48102959990501404 0.5782743692398071
vt 0.013762976042926311 0.35412120819091797
vt 0.013762976042926311 0.35412120819091797
vt 0.3984716236591339 0.12026095390319824
vt 0.5084379315376282 0.9516006708145142
vt 0.5084379315376282 0.9516006708145142
vt 0.5084379315376282 0.9516006708145142
vt 0.14823976159095764 0.5504976511001587
vt 0.39301344752311707 0.8743384480476379
vt 0.2240777611732483 0.3692975640296936
vt 0.3438555598258972 0.6156464219093323
vt 0.9322568774223328 0.4447282552719116
vt 0.49455422163009644 0.948486328125
vt 0.07968819886445999 0.5365626811981201
vt 0.3239688575267792 0.8809511661529541
vt 0.2651519775390625 0.13611334562301636
vt 0.02707434631884098 0.35024183988571167
vt 0.617538332939148 0.8555596470832825
vt 0.10087920725345612 0.15545034408569336
vt 0.10087920725345612 0.15545034408569336
vt 0.005860392935574055 0.3348936438560486
vt 0.5115725994110107 0.9448568820953369
vt 0.5115725994110107 0.9448568820953369
vt 0.005860392935574055 0.3348936438560486
vt 0.009762869216501713 0.34678781032562256
vt 0.009762869216501713 0.34678781032562256
vt 0.009762869216501713 0.34678781032562256
vt 0.009762869216501713 0.34678781032562256
vt 0.4229213297367096 0.9531441926956177
vt 0.00628685811534524 0.16532021760940552
vt 0.6874373555183411 0.06797182559967041
vt 0.686099648475647 0.05374765396118164
vt 0.5148038268089294 0.9435017108917236
vt 0.0033308661077171564 0.33747971057891846
vt 0.07944095879793167 0.3555324673652649
vt 0.6857590079307556 0.045194387435913086
vt 0.006185423117130995 0.3453015089035034
vt 0.006185423117130995 0.3453015089035034
vt 0.48544472455978394 0.948142945766449
vt 0.484897255897522 0.8691895008087158
vt 0.5280665755271912 0.8654589056968689
vt 0.2986794710159302 0.9583181738853455
vt 0.8940019607543945 0.24363887310028076
vt 0.4658326804637909 0.37774956226348877
vt 0.5780665874481201 0.546954333782196
vt 0.508804440498352 0.9443366527557373
vt 0.508804440498352 0.9443366527557373
vt 0.273094117641449 0.36851930618286133
vt 0.39052703976631165 0.5983455777168274
vt 0.012848067097365856 0.34628093242645264
vt 0.012848067097365856 0.34628093242645264
vt 0.05211891233921051 0.5255733132362366
vt 0.6866949796676636 0.035086750984191895
vt 0.05211891233921051 0.5255733132362366
vt 0.07062847912311554 0.5292192697525024
vt 0.8829023838043213 0.05053633451461792
vt 0.4194015562534332 0.3746901750564575
vt 0.5327128767967224 0.5585589408874512
vt 0.02339700609445572 0.3311917781829834
vt 0.49657583236694336 0.9398079514503479
vt 0.05752371624112129 0.5271823406219482
vt 0.3240664601325989 0.37002241611480713
vt 0.43983206152915955 0.5833966135978699
vt 0.02571212686598301 0.34037429094314575
vt 0.5106202363967896 0.9382413029670715
vt 0.010823944583535194 0.3388127088546753
vt 0.5106202363967896 0.9382413029670715
vt 0.010823944583535194 0.3388127088546753
vt 0.5106202363967896 0.9382413029670715
vt 0.030865861102938652 0.15876054763793945
vt 0.1927635669708252 0.14052462577819824
vt 0.04922279715538025 0.5046533346176147
vt 0.6894892454147339 0.05718064308166504
vt 0.0003700962115544826 0.15660572052001953
vt 0.04922279715538025 0.5046533346176147
vt 0.6894892454147339 0.05718064308166504
vt 0.03561662510037422 0.3456740379333496
vt 0.5962357521057129 0.8628152012825012
vt 0.30346664786338806 0.12560218572616577
vt 0.13916534185409546 0.14558947086334229
vt 0.05461863800883293 0.3475186228752136
vt 0.006231173872947693 0.15790879726409912
vt 0.053187474608421326 0.4995150566101074
vt 0.01980632171034813 0.1553681492805481
vt 0.0658370777964592 0.4950129985809326
vt 0.9687069654464722 0.7442014217376709
vt 0.055793870240449905 0.9617695808410645
vt 0.43879181146621704 0.9458065629005432
vt 0.0312824472784996 0.3254947066307068
vt 0.48732447624206543 0.9391042590141296
vt 0.36008328199386597 0.9501588344573975
vt 0.6777656674385071 0.8572677373886108
vt 0.05313936620950699 0.5136910080909729
vt 0.05313936620950699 0.5136910080909729
vt 0.03349194675683975 0.3353579640388489
vt 0.13576436042785645 0.35258322954177856
vt 0.17142872512340546 0.3556232452392578
vt 0.0785379484295845 0.5240455269813538
vt 0.057573843747377396 0.5174325108528137
vt 0.7166979312896729 0.8553217053413391
vt 0.23496592044830322 0.13037192821502686
vt 0.05548339709639549 0.5082507729530334
vt 0.06983298063278198 0.515158474445343
vt 0.06831136345863342 0.5053104162216187
vt 0.2680753469467163 0.9515355825424194
vt 0.1680370420217514 0.9544348120689392
vt 0.4478345513343811 0.10091274976730347
vt 0.1482880562543869 0.5364850759506226
vt 0.026364225894212723 0.14639651775360107
vt 0.07557424902915955 0.4974527955055237
vt 0.19170668721199036 0.1321527361869812
vt 0.22543375194072723 0.3554677963256836
vt 0.3064269721508026 0.9465530514717102
vt 0.10691190510988235 0.9532975554466248
vt 0.12033341079950333 0.5279146432876587
vt 0.0985000878572464 0.1412939429283142
vt 0.17387907207012177 0.5393739938735962
vt 0.07860040664672852 0.5130059719085693
vt 0.07668138295412064 0.5054609179496765
vt 0.3757193684577942 0.9415742754936218
vt 0.35547274351119995 0.10970181226730347
vt 0.4436119496822357 0.9330056309700012
vt 0.09937134385108948 0.341053307056427
vt 0.2403680384159088 0.5503178834915161
vt 0.4849483072757721 0.8828257322311401
vt 0.31563594937324524 0.5627765655517578
vt 0.5607924461364746 0.8758085370063782
vt 0.09572315961122513 0.5179173946380615
vt 0.3535671830177307 0.35990262031555176
vt 0.0746544823050499 0.33409929275512695
vt 0.8932518362998962 0.06329590082168579
vt 0.7472242712974548 0.8584360480308533
vt 0.7430755496025085 0.8603869676589966
vt 0.31300997734069824 0.356695294380188
vt 0.40932926535606384 0.10028082132339478
vt 0.06040250509977341 0.13806623220443726
vt 0.10756725817918777 0.482863187789917
vt 0.27096009254455566 0.11715114116668701
vt 0.8873319029808044 0.23044514656066895
vt 0.4663686454296112 0.3626026511192322
vt 0.13849090039730072 0.13169461488723755
vt 0.16112922132015228 0.34358954429626465
vt 0.2833736836910248 0.5535500645637512
vt 0.5280775427818298 0.8826302289962769
vt 0.27249670028686523 0.35231852531433105
vt 0.04301698878407478 0.6657647490501404
vt 0.029049541801214218 0.3905535936355591
vt 0.20714718103408813 0.9448274374008179
vt 0.32869696617126465 0.9384405016899109
vt 0.3013499975204468 0.11136531829833984
vt 0.0963546484708786 0.13233131170272827
vt 0.08316101133823395 0.322737455368042
vt 0.06088661774992943 0.9470274448394775
vt 0.4220626652240753 0.3574950695037842
vt 0.17125025391578674 0.5278084874153137
vt 0.14853426814079285 0.5214452743530273
vt 0.09325415641069412 0.30776262283325195
vt 0.42574936151504517 0.9192665815353394
vt 0.3777148425579071 0.930060863494873
vt 0.232440784573555 0.1161963939666748
vt 0.9005007743835449 0.29464662075042725
vt 0.4504565894603729 0.08876526355743408
vt 0.3518037796020508 0.5591683983802795
vt 0.5967387557029724 0.8816956877708435
vt 0.11880666762590408 0.49428945779800415
vt 0.4244243800640106 0.5680351257324219
vt 0.6696621775627136 0.8760846853256226
vt 0.3736153841018677 0.560624361038208
vt 0.6185975074768066 0.8812865018844604
vt 0.09375757724046707 0.1234738826751709
vt 0.14221151173114777 0.4739546775817871
vt 0.39752355217933655 0.9216287732124329
vt 0.9345883727073669 0.48135972023010254
vt 0.5054359436035156 0.7460674047470093
vt 0.9561963677406311 0.7564849853515625
vt 0.5055184364318848 0.7407522201538086
vt 0.21416893601417542 0.33928126096725464
vt 0.3928029239177704 0.35054582357406616
vt 0.1887015700340271 0.11676275730133057
vt 0.8794240951538086 0.226365327835083
vt 0.022936668246984482 0.3981879949569702
vt 0.2531173527240753 0.34047603607177734
vt 0.3028314709663391 0.3434852957725525
vt 0.2484576255083084 0.932250440120697
vt 0.14737501740455627 0.5064838528633118
vt 0.1756434440612793 0.33078062534332275
vt 0.2410265952348709 0.5337843298912048
vt 0.2842455208301544 0.9297168254852295
vt 0.14483660459518433 0.32437455654144287
vt 0.4457480013370514 0.08201253414154053
vt 0.14510343968868256 0.48690927028656006
vt 0.1565610021352768 0.9339017271995544
vt 0.14696469902992249 0.49569427967071533
vt 0.4056224226951599 0.08629029989242554
vt 0.4672781229019165 0.5679813623428345
vt 0.712531566619873 0.8779024481773376
vt 0.2839016020298004 0.5387157201766968
vt 0.15787020325660706 0.11264866590499878
vt 0.17322425544261932 0.5114631652832031
vt 0.1360783576965332 0.30443286895751953
vt 0.13870561122894287 0.2935142517089844
vt 0.38001781702041626 0.9062289595603943
vt 0.14607524871826172 0.31331515312194824
vt 0.2074315994977951 0.9283696413040161
vt 0.22993208467960358 0.10349500179290771
vt 0.49779799580574036 0.5689509510993958
vt 0.7430824637413025 0.8781459331512451
vt 0.24100422859191895 0.5267249345779419
vt 0.10879288613796234 0.9312037825584412
vt 0.3008080720901489 0.9212769269943237
vt 0.956828773021698 0.7695890665054321
vt 0.05585005506873131 0.9329618215560913
vt 0.20063859224319458 0.5147616267204285
vt 0.3570234477519989 0.3386756181716919
vt 0.3472880423069 0.913189709186554
vt 0.2981273829936981 0.09373170137405396
vt 0.2596836984157562 0.09711873531341553
vt 0.13693265616893768 0.10345685482025146
vt 0.1877492368221283 0.46357518434524536
vt 0.8805761337280273 0.21236884593963623
vt 0.46669134497642517 0.3430936336517334
vt 0.31378400325775146 0.537204921245575
vt 0.3559924364089966 0.08504664897918701
vt 0.1849687248468399 0.10089832544326782
vt 0.18194244801998138 0.47703278064727783
vt 0.8875121474266052 0.9075039625167847
vt 0.9179579019546509 0.4090524911880493
vt 0.9129771590232849 0.07296466827392578
vt 0.5022205710411072 0.5647950172424316
vt 0.7470334768295288 0.8828257322311401
vt 0.9129771590232849 0.07296466827392578
vt 0.23918214440345764 0.3241766691207886
vt 0.40977180004119873 0.5503902435302734
vt 0.19908861815929413 0.31627166271209717
vt 0.28373587131500244 0.5270695090293884
vt 0.4604078233242035 0.3382301330566406
vt 0.062236055731773376 0.9255923628807068
vt 0.2955981492996216 0.32752060890197754
vt 0.3521677553653717 0.5387554168701172
vt 0.19457805156707764 0.49058204889297485
vt 0.24083322286605835 0.5123904347419739
vt 0.2908478379249573 0.9065290689468384
vt 0.4086291491985321 0.07094627618789673
vt 0.2266693264245987 0.08872908353805542
vt 0.3662981688976288 0.327021062374115
vt 0.43353813886642456 0.33059853315353394
vt 0.18143855035305023 0.08729058504104614
vt 0.23276387155056 0.4497300386428833
vt 0.19397571682929993 0.2773224711418152
vt 0.3248060643672943 0.8897773027420044
vt 0.21185092628002167 0.30092930793762207
vt 0.2398531436920166 0.501201331615448
vt 0.3189670741558075 0.07613831758499146
vt 0.24027317762374878 0.3081902265548706
vt 0.20851954817771912 0.9085694551467896
vt 0.35854485630989075 0.07137113809585571
vt 0.4426427185535431 0.06132066249847412
vt 0.28375494480133057 0.512876570224762
vt 0.2941579520702362 0.8936646580696106
vt 0.27046194672584534 0.31142181158065796
vt 0.20897439122200012 0.28570592403411865
vt 0.25823330879211426 0.07894527912139893
vt 0.8972509503364563 0.48949992656707764
vt 0.16605335474014282 0.2224012017250061
vt 0.30829930305480957 0.3157310485839844
vt 0.23549097776412964 0.4651275873184204
vt 0.23638902604579926 0.902947187423706
vt 0.15681172907352448 0.9089674353599548
vt 0.23885640501976013 0.4879833459854126
vt 0.10436715930700302 0.9111148715019226
vt 0.23710030317306519 0.47535812854766846
vt 0.41012561321258545 0.32173794507980347
vt 0.4994350075721741 0.5486846566200256
vt 0.9235174059867859 0.08403819799423218
vt 0.48116564750671387 0.7347715497016907
vt 0.9481267333030701 0.7834528684616089
vt 0.48116564750671387 0.7347715497016907
vt 0.4563169479370117 0.5420673489570618
vt 0.8726571798324585 0.20002895593643188
vt 0.016654329374432564 0.42446601390838623
vt 0.016654329374432564 0.42446601390838623
vt 0.29365989565849304 0.07320564985275269
vt 0.22306913137435913 0.07497352361679077
vt 0.2738213837146759 0.43509143590927124
vt 0.07194777578115463 0.6519891023635864
vt 0.021219225600361824 0.42514467239379883
vt 0.021219225600361824 0.42514467239379883
vt 0.9314442873001099 0.5158929824829102
vt 0.48036909103393555 0.7399685978889465
vt 0.48036909103393555 0.7399685978889465
vt 0.9247105121612549 0.07776850461959839
vt 0.8471502661705017 0.9284290075302124
vt 0.352443665266037 0.5224356055259705
vt 0.11806069314479828 0.44887638092041016
vt 0.19207994639873505 0.6423639059066772
vt 0.9260346293449402 0.284403920173645
vt 0.42524197697639465 0.5350468158721924
vt 0.36454325914382935 0.3150515556335449
vt 0.925865113735199 0.08143192529678345
vt 0.925865113735199 0.08143192529678345
vt 0.8779047727584839 0.1919040083885193
vt 0.46528300642967224 0.32263004779815674
vt 0.2323569804430008 0.26671504974365234
vt 0.286639004945755 0.8781720995903015
vt 0.190737783908844 0.6410571932792664
vt 0.11653473973274231 0.447415828704834
vt 0.1869719922542572 0.6459391117095947
vt 0.9278307557106018 0.27786195278167725
vt 0.4438587725162506 0.05459874868392944
vt 0.31927961111068726 0.5106010437011719
vt 0.28251099586486816 0.4968264698982239
vt 0.2755294442176819 0.4443451166152954
vt 0.2919062376022339 0.06537669897079468
vt 0.2693450450897217 0.2923038601875305
vt 0.25434327125549316 0.883047342300415
vt 0.9465470314025879 0.7911324501037598
vt 0.7737825512886047 0.7643824219703674
vt 0.029237601906061172 0.5156514644622803
vt 0.33990049362182617 0.3054952621459961
vt 0.871073842048645 0.19282454252243042
vt 0.7694300413131714 0.8811336755752563
vt 0.04626202955842018 0.9648900032043457
vt 0.28236857056617737 0.4880920648574829
vt 0.25233033299446106 0.06220513582229614
vt 0.3046121597290039 0.42833614349365234
vt 0.21389389038085938 0.8894553184509277
vt 0.41196346282958984 0.5242711305618286
vt 0.2782002091407776 0.4572305679321289
vt 0.773314356803894 0.880968451499939
vt 0.773314356803894 0.880968451499939
vt 0.042625542730093 0.9635576605796814
vt 0.29126572608947754 0.7635363936424255
vt 0.7775721549987793 0.7663339972496033
vt 0.025009887292981148 0.517078697681427
vt 0.43903666734695435 0.04729354381561279
vt 0.28015583753585815 0.4713483452796936
vt 0.26271674036979675 0.2764650583267212
vt 0.9517976641654968 0.8004443645477295
vt 0.05800211429595947 0.9016940593719482
vt 0.351550430059433 0.5080857872962952
vt 0.3504074513912201 0.05473202466964722
vt 0.3111720383167267 0.2944403886795044
vt 0.0630335733294487 0.8992707133293152
vt 0.1630936861038208 0.8907884955406189
vt 0.3989238739013672 0.04884994029998779
vt 0.28869932889938354 0.05345255136489868
vt 0.33971574902534485 0.4142000079154968
vt 0.31638240814208984 0.4878784418106079
vt 0.11377637833356857 0.8901073932647705
vt 0.35109126567840576 0.49857938289642334
vt 0.18696288764476776 0.7432318329811096
vt 0.08398741483688354 0.6916243433952332
vt 0.21246075630187988 0.8724514842033386
vt 0.22700326144695282 0.8646147847175598
vt 0.29068976640701294 0.2470930814743042
vt 0.3935231864452362 0.5086809396743774
vt 0.30199986696243286 0.27456605434417725
vt 0.4083983898162842 0.29886066913604736
vt 0.3194143772125244 0.4441019296646118
vt 0.3131055235862732 0.4589104652404785
vt 0.49785029888153076 0.5261027812957764
vt 0.46457353234291077 0.3035784959793091
vt 0.8768249750137329 0.17278540134429932
vt 0.37811338901519775 0.2912781834602356
vt 0.4647434949874878 0.5191097259521484
vt 0.3058486580848694 0.2583819627761841
vt 0.9280513525009155 0.7873917818069458
vt 0.4609732925891876 0.7382192015647888
vt 0.3501964211463928 0.48544347286224365
vt 0.9461952447891235 0.8080120086669922
vt 0.9611399173736572 0.36214327812194824
vt 0.02923758514225483 0.5325719118118286
vt 0.45371660590171814 0.29780834913253784
vt 0.3434734344482422 0.4329948425292969
vt 0.4367559552192688 0.03252005577087402
vt 0.6867498159408569 0.6197123527526855
vt 0.7871946692466736 0.8800396919250488
vt 0.042561065405607224 0.9480379223823547
vt 0.304589182138443 0.7631548047065735
vt 0.9596378207206726 0.3667513132095337
vt 0.9596378207206726 0.3667513132095337
vt 0.024796446785330772 0.5323020815849304
vt 0.3385964035987854 0.037100791931152344
vt 0.3900730311870575 0.399280309677124
vt 0.8710379004478455 0.17418956756591797
vt 0.6857883334159851 0.6153586506843567
vt 0.04626202955842018 0.9462774991989136
vt 0.05932724103331566 0.8853325247764587
vt 0.9521964192390442 0.8169844746589661
vt 0.09786820411682129 0.44966161251068115
vt 0.9429507851600647 0.2964586615562439
vt 0.1442391574382782 0.8731234073638916
vt 0.364900678396225 0.2809608578681946
vt 0.9432332515716553 0.09811508655548096
vt 0.5017699599266052 0.5223050713539124
vt 0.9432332515716553 0.09811508655548096
vt 0.3491958975791931 0.47517263889312744
vt 0.3945648670196533 0.49593400955200195
vt 0.18439529836177826 0.6205063462257385
vt 0.09729214012622833 0.44595444202423096
vt 0.3459325134754181 0.44818878173828125
vt 0.9582011103630066 0.3610856533050537
vt 0.9582011103630066 0.3610856533050537
vt 0.9432401061058044 0.809903085231781
vt 0.3480182886123657 0.46362626552581787
vt 0.8718101978302002 0.16736388206481934
vt 0.8552923798561096 0.6285576820373535
vt 0.8861558437347412 0.730541467666626
vt 0.9457265734672546 0.8161884546279907
vt 0.018134715035557747 0.5875634551048279
vt 0.020355291664600372 0.8687538504600525
vt 0.1586393266916275 0.8585600256919861
vt 0.1617320477962494 0.6459391117095947
vt 0.946974515914917 0.2593424320220947
vt 0.43887707591056824 0.026990950107574463
vt 0.24437491595745087 0.7626903653144836
vt 0.44181984663009644 0.5011662244796753
vt 0.39133283495903015 0.02667415142059326
vt 0.173819437623024 0.8450063467025757
vt 0.3459301292896271 0.23693084716796875
vt 0.027190571650862694 0.45685285329818726
vt 0.09455005824565887 0.6717365980148315
vt 0.09478417783975601 0.6286795735359192
vt 0.8563164472579956 0.6240941882133484
vt 0.8900814056396484 0.7314772605895996
vt 0.9168561100959778 0.5706374049186707
vt 0.018814541399478912 0.582332193851471
vt 0.0214407779276371 0.8739030361175537
vt 0.36232712864875793 0.26190996170043945
vt 0.06715375930070877 0.8726491928100586
vt 0.9481090307235718 0.062171876430511475
vt 0.9655810594558716 0.7626903653144836
vt 0.819483757019043 0.9302030205726624
vt 0.9489532709121704 0.0605466365814209
vt 0.8181667327880859 0.9259729385375977
vt 0.45525476336479187 0.2833065986633301
vt 0.40560486912727356 0.4818202257156372
vt 0.056624721735715866 0.2032458782196045
vt 0.9496622085571289 0.0984838604927063
vt 0.05874781310558319 0.2016582489013672
vt 0.9499884843826294 0.09561961889266968
vt 0.3979394733905792 0.41959071159362793
vt 0.3657091557979584 0.2446807622909546
vt 0.38552966713905334 0.4571714997291565
vt 0.8804201483726501 0.15151894092559814
vt 0.46211934089660645 0.28217267990112305
vt 0.7001045942306519 0.6194607019424438
vt 0.7871946692466736 0.8643839359283447
vt 0.41552165150642395 0.27097487449645996
vt 0.4327155351638794 0.01577615737915039
vt 0.3901834189891815 0.4412364959716797
vt 0.7782313823699951 0.8533317446708679
vt 0.7782313823699951 0.8533317446708679
vt 0.7782313823699951 0.8533317446708679
vt 0.7755308747291565 0.7959144115447998
vt 0.29655346274375916 0.7354989647865295
vt 0.7755308747291565 0.7959144115447998
vt 0.49809685349464417 0.5021188855171204
vt 0.06224716082215309 0.8652587532997131
vt 0.9554779529571533 0.8371003866195679
vt 0.3744661211967468 0.01214534044265747
vt 0.43216970562934875 0.4000779986381531
vt 0.11073616147041321 0.8504003286361694
vt 0.1008819192647934 0.6184695959091187
vt 0.8899242877960205 0.7438914775848389
vt 0.41641736030578613 0.46793103218078613
vt 0.9181906580924988 0.7984407544136047
vt 0.7716506123542786 0.7991496920585632
vt 0.9685980081558228 0.9538916945457458
vt 0.7716506123542786 0.7991496920585632
vt 0.9552112817764282 0.11386168003082275
vt 0.5022205710411072 0.5017009973526001
vt 0.06905456632375717 0.8565516471862793
vt 0.776581883430481 0.8472927212715149
vt 0.8427503705024719 0.18288302421569824
vt 0.967061460018158 0.9361252188682556
vt 0.2772020697593689 0.3862098455429077
vt 0.8427503705024719 0.18288302421569824
vt 0.776581883430481 0.8472927212715149
vt 0.12168566882610321 0.8354483842849731
vt 0.39631378650665283 0.21834874153137207
vt 0.4586539566516876 0.48333799839019775
vt 0.8762879967689514 0.14783340692520142
vt 0.885947585105896 0.7508544325828552
vt 0.304589182138443 0.7384740114212036
vt 0.9373747706413269 0.36532890796661377
vt 0.9373747706413269 0.36532890796661377
vt 0.20690490305423737 0.7373096346855164
vt 0.9610551595687866 0.714222252368927
vt 0.4280117154121399 0.003969848155975342
vt 0.48212534189224243 0.376057505607605
vt 0.4111250042915344 0.24303430318832397
vt 0.42183971405029297 0.44616472721099854
vt 0.06329987198114395 0.8541823625564575
vt 0.9582400321960449 0.8478845357894897
vt 0.3014928698539734 0.7322335243225098
vt 0.7775721549987793 0.8007614016532898
vt 0.9692820310592651 0.9615059494972229
vt 0.9315322041511536 0.3667513132095337
vt 0.4421597123146057 0.41054821014404297
vt 0.7833065986633301 0.848333477973938
vt 0.7139156460762024 0.6197123527526855
vt 0.27276092767715454 0.38053518533706665
vt 0.7833065986633301 0.848333477973938
vt 0.9198046922683716 0.5883834958076477
vt 0.040590401738882065 0.874365508556366
vt 0.10575142502784729 0.6414245963096619
vt 0.8720524311065674 0.6241088509559631
vt 0.4976831376552582 0.4866684079170227
vt 0.4976831376552582 0.4866684079170227
vt 0.8440883159637451 0.1752159595489502
vt 0.7131178975105286 0.6146361827850342
vt 0.2772020697593689 0.37774956226348877
vt 0.9186409115791321 0.8067867159843445
vt 0.9641006588935852 0.9615059494972229
vt 0.932332456111908 0.36082911491394043
vt 0.932332456111908 0.36082911491394043
vt 0.9603639245033264 0.2355484962463379
vt 0.43121445178985596 0.00042301416397094727
vt 0.4865937829017639 0.3768385052680969
vt 0.912455141544342 0.8009259700775146
vt 0.7945966124534607 0.4598039388656616
vt 0.7842339277267456 0.6045673489570618
vt 0.7842339277267456 0.6045673489570618
vt 0.836269736289978 0.18181288242340088
vt 0.9726783037185669 0.9315401315689087
vt 0.9726783037185669 0.9315401315689087
vt 0.8895025849342346 0.1280326247215271
vt 0.458204060792923 0.2568974494934082
vt 0.9064813852310181 0.7946577668190002
vt 0.19874167442321777 0.6476311087608337
vt 0.7830063104629517 0.6146361827850342
vt 0.07317560166120529 0.839812159538269
vt 0.43790921568870544 0.1891452670097351
vt 0.9800083637237549 0.9334748983383179
vt 0.9800083637237549 0.9334748983383179
vt 0.9800083637237549 0.9334748983383179
vt 0.9800083637237549 0.9334748983383179
vt 0.9770618677139282 0.925777018070221
vt 0.9770618677139282 0.925777018070221
vt 0.9770618677139282 0.925777018070221
vt 0.8256155848503113 0.1904388666152954
vt 0.9860203862190247 0.9361252188682556
vt 0.026393484324216843 0.4774066209793091
vt 0.9860203862190247 0.9361252188682556
vt 0.8256155848503113 0.1904388666152954
vt 0.7082091569900513 0.056872427463531494
vt 0.7761316299438477 0.6072257161140442
vt 0.7761316299438477 0.6072257161140442
vt 0.9533610939979553 0.8497982621192932
vt 0.051038164645433426 0.8684433102607727
vt 0.5458919405937195 0.942893385887146
vt 0.4513550400733948 0.42727649211883545
vt 0.6458179354667664 0.1527072787284851
vt 0.8381538987159729 0.1764674186706543
vt 0.9507771730422974 0.1481938362121582
vt 0.9674592614173889 0.9303491711616516
vt 0.16176237165927887 0.6171960830688477
vt 0.24237751960754395 0.7916215658187866
vt 0.10983061790466309 0.6019912958145142
vt 0.8900277614593506 0.7633762955665588
vt 0.4479604959487915 0.2403632402420044
vt 0.9718632102012634 0.924513578414917
vt 0.9515277743339539 0.1562698483467102
vt 0.9718632102012634 0.924513578414917
vt 0.712435245513916 0.051402390003204346
vt 0.2016313374042511 0.6408262252807617
vt 0.7759941220283508 0.6146361827850342
vt 0.06633198261260986 0.8356017470359802
vt 0.44569677114486694 0.18908631801605225
vt 0.9654732346534729 0.864974319934845
vt 0.9640223383903503 0.32868021726608276
vt 0.9382408857345581 0.8987473249435425
vt 0.9629412889480591 0.41416990756988525
vt 0.20622216165065765 0.21253645420074463
vt 0.9641186594963074 0.2800258994102478
vt 0.24611398577690125 0.7913818955421448
vt 0.8758688569068909 0.5399879813194275
vt 0.4311918616294861 0.7489480972290039
vt 0.4311918616294861 0.7489480972290039
vt 0.9644815921783447 0.24357736110687256
vt 0.9635705351829529 0.07618653774261475
vt 0.08148489892482758 0.20106011629104614
vt 0.4862084984779358 0.39607107639312744
vt 0.4651094079017639 0.44672900438308716
vt 0.4452483355998993 0.21060645580291748
vt 0.9650687575340271 0.13397258520126343
vt 0.5015208125114441 0.47903358936309814
vt 0.9224250912666321 0.6003333926200867
vt 0.0536639541387558 0.874365508556366
vt 0.5407105684280396 0.9407334923744202
vt 0.7873743772506714 0.4657360315322876
vt 0.7020292282104492 0.057106614112854004
vt 0.7873743772506714 0.4657360315322876
vt 0.7753515839576721 0.6010998487472534
vt 0.9004440903663635 0.10899621248245239
vt 0.9667434096336365 0.5836156606674194
vt 0.9667434096336365 0.5836156606674194
vt 0.4548375904560089 0.23438847064971924
vt 0.9645775556564331 0.05640614032745361
vt 0.983210563659668 0.7605106830596924
vt 0.3127312958240509 0.3954739570617676
vt 0.9821404814720154 0.923710823059082
vt 0.9821404814720154 0.923710823059082
vt 0.8957604169845581 0.5711106061935425
vt 0.04412953183054924 0.5812094211578369
vt 0.1710304468870163 0.5985286235809326
vt 0.8246611952781677 0.18463146686553955
vt 0.9863064289093018 0.9305171966552734
vt 0.9863064289093018 0.9305171966552734
vt 0.30531057715415955 0.3972080945968628
vt 0.42855024337768555 0.7446426153182983
vt 0.8955130577087402 0.7912971377372742
vt 0.42855024337768555 0.7446426153182983
vt 0.42855024337768555 0.7446426153182983
vt 0.6732050180435181 0.9716230034828186
vt 0.7054035663604736 0.05276203155517578
vt 0.9974093437194824 0.41242408752441406
vt 0.9974093437194824 0.41242408752441406
vt 0.4963684678077698 0.4630972146987915
vt 0.4963684678077698 0.4630972146987915
vt 0.9125773310661316 0.8110160827636719
vt 0.7878721356391907 0.45558375120162964
vt 0.9630618691444397 0.5592520236968994
vt 0.977424144744873 0.8836702108383179
vt 0.45076504349708557 0.21135544776916504
vt 0.9826054573059082 0.3754770755767822
vt 0.9759186506271362 0.9197752475738525
vt 0.05958549305796623 0.2630119323730469
vt 0.9830711483955383 0.37067246437072754
vt 0.9830711483955383 0.37067246437072754
vt 0.060422200709581375 0.25762712955474854
vt 0.8101406097412109 0.49365484714508057
vt 0.971362829208374 0.9190718531608582
vt 0.9555883407592773 0.1569373607635498
vt 0.11436666548252106 0.6886504292488098
vt 0.03219837322831154 0.4844576120376587
vt 0.03219837322831154 0.4844576120376587
vt 0.8869836926460266 0.11998820304870605
vt 0.8841850757598877 0.781373918056488
vt 0.7896060943603516 0.33714044094085693
vt 0.9681504964828491 0.0340387225151062
vt 0.6512381434440613 0.15101522207260132
vt 0.955889880657196 0.14844214916229248
vt 0.6769059896469116 0.9682741165161133
vt 0.9196891188621521 0.16370558738708496
vt 0.9970859289169312 0.4175126552581787
vt 0.06931440532207489 0.4445854425430298
vt 0.17401380836963654 0.5912036299705505
vt 0.9166531562805176 0.16372382640838623
vt 0.9166531562805176 0.16372382640838623
vt 0.9941993355751038 0.4175126552581787
vt 0.9941993355751038 0.4175126552581787
vt 0.9685324430465698 0.211755633354187
vt 0.49135133624076843 0.40170812606811523
vt 0.8301258087158203 0.21382659673690796
vt 0.9685730934143066 0.07279646396636963
vt 0.08656755834817886 0.2051607370376587
vt 0.9159881472587585 0.1695607304573059
vt 0.7063265442848206 0.04899442195892334
vt 0.9937083721160889 0.4115905165672302
vt 0.979450523853302 0.9190810322761536
vt 0.7250185012817383 0.9239938855171204
vt 0.06328645348548889 0.26353639364242554
vt 0.9620219469070435 0.8696139454841614
vt 0.5453469753265381 0.9205047488212585
vt 0.489652156829834 0.4214296340942383
vt 0.9679240584373474 0.5670275092124939
vt 0.9679240584373474 0.5670275092124939
vt 0.46994128823280334 0.19533085823059082
vt 0.46994128823280334 0.19533085823059082
vt 0.9863064289093018 0.3701353669166565
vt 0.7287194728851318 0.9200507402420044
vt 0.06328645348548889 0.25761425495147705
vt 0.20870792865753174 0.6476311087608337
vt 0.8975785970687866 0.7983025908470154
vt 0.712435245513916 0.036985933780670166
vt 0.7845422625541687 0.4580810070037842
vt 0.9086971282958984 0.8115212917327881
vt 0.7845422625541687 0.4580810070037842
vt 0.7845422625541687 0.4580810070037842
vt 0.9285660982131958 0.6127987504005432
vt 0.5407405495643616 0.9233249425888062
vt 0.49397310614585876 0.4422641396522522
vt 0.11657848954200745 0.580560028553009
vt 0.8879950046539307 0.7861453890800476
vt 0.02758130058646202 0.48722249269485474
vt 0.8178092837333679 0.18618333339691162
vt 0.02758130058646202 0.48722249269485474
vt 0.02758130058646202 0.48722249269485474
vt 0.9863064289093018 0.376057505607605
vt 0.9764672517776489 0.9160274267196655
vt 0.9863064289093018 0.376057505607605
vt 0.7287194728851318 0.9259729385375977
vt 0.8101218342781067 0.5001285076141357
vt 0.9764672517776489 0.9160274267196655
vt 0.6769059896469116 0.9741962552070618
vt 0.9196891188621521 0.16962778568267822
vt 0.9196891188621521 0.16962778568267822
vt 0.7033485174179077 0.048869788646698
vt 0.9682326316833496 0.5606293082237244
vt 0.9763628840446472 0.8893483281135559
vt 0.47556212544441223 0.19416242837905884
vt 0.47556212544441223 0.19416242837905884
vt 0.794079601764679 0.9302030205726624
vt 0.9892389178276062 0.7533841133117676
vt 0.01073279045522213 0.05964469909667969
vt 0.9753197431564331 0.7186971306800842
vt 0.7865811586380005 0.3472927212715149
vt 0.1180882453918457 0.6910182237625122
vt 0.22114500403404236 0.7426813840866089
vt 0.959693193435669 0.15535318851470947
vt 0.80632084608078 0.4955863952636719
vt 0.959693193435669 0.15535318851470947
vt 0.8375623822212219 0.16427218914031982
vt 0.8898242712020874 0.6290186047554016
vt 0.9715226292610168 0.19200849533081055
vt 0.4941823184490204 0.42122870683670044
vt 0.20984455943107605 0.6400169134140015
vt 0.7083476781845093 0.043185532093048096
vt 0.7083476781845093 0.043185532093048096
vt 0.9701436161994934 0.05467897653579712
vt 0.9891250133514404 0.7599085569381714
vt 0.8676586747169495 0.5458973050117493
vt 0.21425236761569977 0.21594488620758057
vt 0.3038490116596222 0.39132755994796753
vt 0.8215599656105042 0.1798664927482605
vt 0.18245743215084076 0.653553307056427
vt 0.3038490116596222 0.39132755994796753
vt 0.9717673063278198 0.16103190183639526
vt 0.499117374420166 0.45139139890670776
vt 0.971962034702301 0.3128383159637451
vt 0.06504006683826447 0.44966161251068115
vt 0.47557365894317627 0.017343461513519287
vt 0.1686321347951889 0.5922432541847229
vt 0.3098980784416199 0.389107346534729
vt 0.9854951500892639 0.9170666337013245
vt 0.3098980784416199 0.389107346534729
vt 0.9706164002418518 0.06153309345245361
vt 0.09666026383638382 0.1992385983467102
vt 0.9808375835418701 0.9149746298789978
vt 0.8101406097412109 0.5046531558036804
vt 0.3127312958240509 0.38496875762939453
vt 0.7812142968177795 0.46411561965942383
vt 0.6979199051856995 0.051053524017333984
vt 0.7812142968177795 0.46411561965942383
vt 0.7812142968177795 0.46411561965942383
vt 0.47622326016426086 0.19998902082443237
vt 0.47622326016426086 0.19998902082443237
vt 0.47622326016426086 0.19998902082443237
vt 0.033796172589063644 0.04103213548660278
vt 0.4715169072151184 0.2043147087097168
vt 0.033796172589063644 0.04103213548660278
vt 0.4715169072151184 0.2043147087097168
vt 0.4715169072151184 0.2043147087097168
vt 0.8991997241973877 0.10025382041931152
vt 0.9727511405944824 0.577289879322052
vt 0.8811991214752197 0.80543053150177
vt 0.9727511405944824 0.577289879322052
vt 0.8811991214752197 0.80543053150177
vt 0.9398257732391357 0.6292204856872559
vt 0.9398257732391357 0.6292204856872559
vt 0.9711155891418457 0.8853414058685303
vt 0.5458919405937195 0.9014382362365723
vt 0.9721940159797668 0.048965632915496826
vt 0.7923760414123535 0.926132082939148
vt 0.010916942730545998 0.05456852912902832
vt 0.06476683914661407 0.44671523571014404
vt 0.17198430001735687 0.586717426776886
vt 0.4766693413257599 0.0148237943649292
vt 0.9724161028862 0.5731291770935059
vt 0.026276832446455956 0.03562295436859131
vt 0.026276832446455956 0.03562295436859131
vt 0.4637305736541748 0.1990985870361328
vt 0.42261460423469543 0.7491539716720581
vt 0.8700612783432007 0.549500584602356
vt 0.42261460423469543 0.7491539716720581
vt 0.6561806201934814 0.1527072787284851
vt 0.831886887550354 0.16796302795410156
vt 0.9612728953361511 0.14763116836547852
vt 0.9612728953361511 0.14763116836547852
vt 0.9730547070503235 0.034020841121673584
vt 0.7847548127174377 0.33792030811309814
vt 0.9099353551864624 0.818025529384613
vt 0.05440501496195793 0.5865533351898193
vt 0.9711096286773682 0.4103114604949951
vt 0.947401762008667 0.9080841541290283
vt 0.2230617254972458 0.7377756834030151
vt 0.34455958008766174 0.20395445823669434
vt 0.9773686528205872 0.7129120230674744
vt 0.9371581077575684 0.627435028553009
vt 0.9371581077575684 0.627435028553009
vt 0.5418154001235962 0.9018610715866089
vt 0.11998478323221207 0.5618799328804016
vt 0.8854169249534607 0.8050981163978577
vt 0.8854169249534607 0.8050981163978577
vt 0.9745658040046692 0.3269283175468445
vt 0.9488723278045654 0.8980642557144165
vt 0.163975328207016 0.592947781085968
vt 0.2409326434135437 0.8162223696708679
vt 0.701897919178009 0.043312668800354004
vt 0.7738711833953857 0.4657360315322876
vt 0.701897919178009 0.043312668800354004
vt 0.8049592971801758 0.5027443766593933
vt 0.9652588367462158 0.1569373607635498
vt 0.31029242277145386 0.3795527219772339
vt 0.8959808349609375 0.8058133125305176
vt 0.7055765390396118 0.03517711162567139
vt 0.17682360112667084 0.6510152220726013
vt 0.30394840240478516 0.38484007120132446
vt 0.9735010862350464 0.41590768098831177
vt 0.21792036294937134 0.21069371700286865
vt 0.0322631299495697 0.03397524356842041
vt 0.0322631299495697 0.03397524356842041
vt 0.0322631299495697 0.03397524356842041
vt 0.6049870848655701 0.6789579391479492
vt 0.04108067974448204 0.04103213548660278
vt 0.47940531373023987 0.2043147087097168
vt 0.9159881472587585 0.4395092725753784
vt 0.47940531373023987 0.2043147087097168
vt 0.1957809031009674 0.7246192693710327
vt 0.9441154599189758 0.6385874152183533
vt 0.03771897405385971 0.03792071342468262
vt 0.9108068346977234 0.4395092725753784
vt 0.9455958604812622 0.395516037940979
vt 0.6110288500785828 0.6298646330833435
vt 0.9767635464668274 0.3270554542541504
vt 0.9509633183479309 0.8988695740699768
vt 0.8255215883255005 0.16821599006652832
vt 0.1706143617630005 0.653553307056427
vt 0.967061460018158 0.14928317070007324
vt 0.30385205149650574 0.37774956226348877
vt 0.8900814056396484 0.8017817139625549
vt 0.417913556098938 0.7444486618041992
vt 0.9000786542892456 0.8132140040397644
vt 0.7751070261001587 0.45654261112213135
vt 0.7751070261001587 0.45654261112213135
vt 0.6976313591003418 0.0351099967956543
vt 0.9755985736846924 0.05650782585144043
vt 0.9944485425949097 0.7626903653144836
vt 0.020355286076664925 0.05947744846343994
vt 0.10327975451946259 0.20156890153884888
vt 0.9448556900024414 0.5522474646568298
vt 0.9449140429496765 0.3895938992500305
vt 0.6108391880989075 0.6357868313789368
vt 0.028983362019062042 0.030692756175994873
vt 0.6105003356933594 0.6789340376853943
vt 0.977332592010498 0.5726854205131531
vt 0.977332592010498 0.5726854205131531
vt 0.977332592010498 0.5726854205131531
vt 0.12405090779066086 0.6860342621803284
vt 0.031345803290605545 0.4957469701766968
vt 0.031345803290605545 0.4957469701766968
vt 0.7501850724220276 0.3970857858657837
vt 0.16395878791809082 0.5891278386116028
vt 0.242475688457489 0.820159375667572
vt 0.4854067265987396 0.013959407806396484
vt 0.4832579493522644 0.19578516483306885
vt 0.9389625191688538 0.6348333358764648
vt 0.9692415595054626 0.8921319842338562
vt 0.9389625191688538 0.6348333358764648
vt 0.19905485212802887 0.7240073680877686
vt 0.19905485212802887 0.7240073680877686
vt 0.9135064482688904 0.4369712471961975
vt 0.6073278784751892 0.6302949786186218
vt 0.8120436072349548 0.21192896366119385
vt 0.977933943271637 0.057535409927368164
vt 0.020355291664600372 0.05492508411407471
vt 0.10473722964525223 0.2051607370376587
vt 0.9783869385719299 0.30338752269744873
vt 0.24611398577690125 0.8202199935913086
vt 0.48667654395103455 0.017343461513519287
vt 0.12525354325771332 0.6877908706665039
vt 0.22834937274456024 0.7432044744491577
vt 0.3379020690917969 0.20685279369354248
vt 0.12530341744422913 0.6604160666465759
vt 0.897851288318634 0.623942494392395
vt 0.897851288318634 0.623942494392395
vt 0.4837157726287842 0.20124268531799316
vt 0.9411088228225708 0.6372785568237305
vt 0.9411088228225708 0.6372785568237305
vt 0.9478164315223694 0.5511844158172607
vt 0.20012469589710236 0.7186971306800842
vt 0.6073525547981262 0.6357868313789368
vt 0.20318283140659332 0.7246192693710327
vt 0.9478164315223694 0.5579526424407959
vt 0.20318283140659332 0.7246192693710327
vt 0.03928825259208679 0.03398817777633667
vt 0.943880558013916 0.6436189413070679
vt 0.9418948888778687 0.395516037940979
vt 0.8690759539604187 0.5593616366386414
vt 0.41445857286453247 0.7484584450721741
vt 0.8663952350616455 0.5579625964164734
vt 0.2242249846458435 0.21470493078231812
vt 0.8153219819068909 0.17247045040130615
vt 0.025975221768021584 0.5012690424919128
vt 0.7564296722412109 0.40143823623657227
vt 0.7564296722412109 0.40143823623657227
vt 0.9788249135017395 0.41282469034194946
vt 0.9558947682380676 0.9076855182647705
vt 0.8787293434143066 0.5723673701286316
vt 0.06453423947095871 0.5807952880859375
vt 0.06453423947095871 0.5807952880859375
vt 0.9816132187843323 0.5512149333953857
vt 0.9348888993263245 0.6354069709777832
vt 0.9348888993263245 0.6354069709777832
vt 0.036124374717473984 0.02834177017211914
vt 0.6057862043380737 0.6844003796577454
vt 0.6057862043380737 0.6844003796577454
vt 0.33458763360977173 0.20145714282989502
vt 0.9863683581352234 0.7068296670913696
vt 0.8973241448402405 0.8185727596282959
vt 0.06710934638977051 0.5857942700386047
vt 0.06710934638977051 0.5857942700386047
vt 0.982818603515625 0.03901249170303345
vt 0.7740818858146667 0.33785367012023926
vt 0.9876512885093689 0.7133192420005798
vt 0.7738168835639954 0.34724104404449463
vt 0.8626943230628967 0.021186470985412598
vt 0.8219866752624512 0.1623518466949463
vt 0.9057995676994324 0.6290186047554016
vt 0.9057995676994324 0.6290186047554016
vt 0.767949640750885 0.40143823623657227
vt 0.8916090726852417 0.8136009573936462
vt 0.4076254367828369 0.7425717115402222
vt 0.07290895283222198 0.5875634551048279
vt 0.9838045239448547 0.5705960392951965
vt 0.6117690801620483 0.685339629650116
vt 0.6117690801620483 0.685339629650116
vt 0.6117690801620483 0.685339629650116
vt 0.9401140809059143 0.6417784690856934
vt 0.9401140809059143 0.6417784690856934
vt 0.9401140809059143 0.6417784690856934
vt 0.8721757531166077 0.5684537887573242
vt 0.40525537729263306 0.746338427066803
vt 0.07242811471223831 0.5824026465415955
vt 0.04097500443458557 0.02876216173171997
vt 0.9407906532287598 0.6450930833816528
vt 0.6043671369552612 0.6899433732032776
vt 0.9407906532287598 0.6450930833816528
vt 0.9364286661148071 0.6401851773262024
vt 0.9364286661148071 0.6401851773262024
vt 0.9364286661148071 0.6401851773262024
vt 0.13119807839393616 0.6710391044616699
vt 0.9085862040519714 0.6249778270721436
vt 0.7656722664833069 0.3963620662689209
vt 0.7656722664833069 0.3963620662689209
vt 0.3276101052761078 0.20555901527404785
vt 0.13241644203662872 0.6793079376220703
vt 0.93645179271698 0.6445052027702332
vt 0.6108136177062988 0.6929916143417358
vt 0.6108136177062988 0.6929916143417358
vt 0.93645179271698 0.6445052027702332
vt 0.9833952784538269 0.4249687194824219
vt 0.23120582103729248 0.21023690700531006
vt 0.986767053604126 0.31974613666534424
vt 0.962824821472168 0.8990266919136047
vt 0.9879160523414612 0.5575690269470215
vt 0.9342893362045288 0.6416370272636414
vt 0.6117690801620483 0.6983925700187683
vt 0.23640486598014832 0.215043306350708
vt 0.23640486598014832 0.215043306350708
vt 0.8684247136116028 0.5703192353248596
vt 0.31798648834228516 0.20480352640151978
vt 0.13656550645828247 0.6693944334983826
vt 0.986945629119873 0.4212944507598877
vt 0.6147298216819763 0.021392762660980225
vt 0.9675347208976746 0.9082064032554626
vt 0.004343267064541578 0.6383248567581177
vt 0.2224278301000595 0.20685279369354248
vt 0.13656550645828247 0.5604906678199768
vt 0.8900814056396484 0.8233960866928101
vt 0.3362773358821869 0.2280033826828003
vt 0.9277413487434387 0.6390237212181091
vt 0.9277413487434387 0.6390237212181091
vt 0.9899041056632996 0.04685443639755249
vt 0.7642487287521362 0.33826780319213867
vt 0.8531728386878967 0.012176871299743652
vt 0.8944997787475586 0.6019679307937622
vt 0.28128713369369507 0.2204645276069641
vt 0.9914051294326782 0.5736270546913147
vt 0.0033308661077171564 0.643401026725769
vt 0.8861583471298218 0.8252961039543152
vt 0.9914051294326782 0.5736270546913147
vt 0.10177645832300186 0.643401026725769
vt 0.31970369815826416 0.1992385983467102
vt 0.9948199391365051 0.691836416721344
vt 0.9880800247192383 0.437444806098938
vt 0.24293814599514008 0.21046167612075806
vt 0.24293814599514008 0.21046167612075806
vt 0.3378978669643402 0.22294503450393677
vt 0.9911397099494934 0.5525862574577332
vt 0.9302462339401245 0.6423884034156799
vt 0.9918611645698547 0.3116837739944458
vt 0.6185914278030396 0.011462509632110596
vt 0.9715026021003723 0.8984649777412415
vt 0.9926004409790039 0.053076744079589844
vt 0.8471364974975586 0.011520624160766602
vt 0.9988295435905457 0.6967900395393372
vt 0.845214307308197 0.02134186029434204
vt 0.9919087290763855 0.433383584022522
vt 0.6263999342918396 0.02157360315322876
vt 0.9946171641349792 0.19044840335845947
vt 0.9947131872177124 0.30280739068984985
vt 0.6268463134765625 0.0114213228225708
vt 0.8064396977424622 0.23162829875946045
vt 0.9948505759239197 0.06500869989395142
vt 0.8364846706390381 0.011712849140167236
vt 0.9996299147605896 0.6726815104484558
vt 0.8252103924751282 0.02157360315322876
vt 0.9955883026123047 0.2660098075866699
vt 0.6589789986610413 0.0115128755569458
vt 0.8301258087158203 0.2525380849838257
vt 0.9954444766044617 0.09653186798095703
vt 0.806888222694397 0.011680126190185547
vt 0.9936094880104065 0.44167429208755493
vt 0.6334476470947266 0.020820915699005127
vt 0.9976294040679932 0.5898664593696594
vt 0.7565677165985107 0.021095693111419678
vt 0.995928943157196 0.19215905666351318
vt 0.7234297394752502 0.012086033821105957
vn 0.8894215702832242 -0.14550353391363446 0.4333105029116737
vn -0.31719395357330243 -0.05469895499007618 -0.9467819285028265
vn -0.7640009362950181 -0.4371005205460891 -0.47460057340744266
vn 0.9286621763828141 -0.2835884494472154 0.2390902622359575
vn -0.06519932388119953 -0.971989950971179 -0.22579766025466103
vn -0.7161883209415932 0.06039901529253044 0.6952886076289141
vn 0.011600097513013434 0.2575021655681522 0.9662080896294549
vn -0.028400312268799868 -0.1872020606438184 -0.9819107957211503
vn -0.028400312268799868 -0.1872020606438184 -0.9819107957211503
vn -0.004199979467453243 -0.16789918072811708 0.9857952248227315
vn -0.008100050921188606 -0.179601127273684 0.9837061676420942
vn 0.028299192363115983 -0.9932716570270289 0.1122967989676278
vn 0.08919822075772654 -0.3033939481325547 0.9486810789987311
vn 0.01040047761299909 0.17140787536983046 -0.9851452534152626
vn 0.9149081416366432 -0.21330190517425632 0.34270306333036565
vn -0.7161883209415932 0.06039901529253044 0.6952886076289141
vn -0.7640009362950181 -0.4371005205460891 -0.47460057340744266
vn -0.010200234286685626 -0.17940411247180083 0.9837225826668321
vn 0.05689788905964362 -0.5191807677258024 0.8527684097363147
vn -0.05699805583709475 -0.4091860681319474 -0.9106689756862856
vn -0.6438783862883581 -0.1223959002036899 0.7552746965733914
vn -0.6691942570304764 -0.054399533103191275 -0.7410936089021299
vn 0.01949969236495323 0.16509739461154596 0.9860844853713863
vn 0.10499834046769273 0.29249539351485787 0.9504850305352625
vn -0.037798794967876866 -0.817573945535592 -0.5745816692867438
vn -0.03780188465757815 -0.817540776548558 -0.5746286593938004
vn -0.15169797117760458 -0.04309942368754763 -0.9874867924273215
vn -0.15169797117760458 -0.04309942368754763 -0.9874867924273215
vn 0.1031957929813621 0.2701889847799551 -0.9572609575317093
vn 0.1911951697475711 -0.9761752811465781 -0.10259740515040715
vn -0.6438783862883581 -0.1223959002036899 0.7552746965733914
vn -0.6691942570304764 -0.054399533103191275 -0.7410936089021299
vn 0.15640067595584953 -0.9719041896976873 0.17590075215483056
vn 0.3087912633667216 0.022099372956805564 -0.9508730585011334
vn 0.4639970273183848 -0.8025948766817467 -0.37489761610860384
vn 0.8050250535663175 0.13090406560900497 -0.5786179989747824
vn 0.8050250535663175 0.13090406560900497 -0.5786179989747824
vn -0.022800133676708953 -0.22320129666448235 -0.9745056875522162
vn -0.049401109561543206 -0.9184205789751545 -0.39250881581058833
vn 0.14550162802033215 -0.985811051334037 0.08370093972658439
vn -0.31719395357330243 -0.05469895499007618 -0.9467819285028265
vn -0.7161883209415932 0.06039901529253044 0.6952886076289141
vn -0.7640009362950181 -0.4371005205460891 -0.47460057340744266
vn -0.041600524460814914 -0.16680210460551684 -0.9851124069179898
vn 0.05820168984189217 0.18650539698000043 -0.980728453852992
vn 0.05219943971613738 -0.6751926849773987 0.7357921286928343
vn 0.052199120341378864 -0.67508868781215 0.7358875698254834
vn 0.2763136035567506 -0.9603472374007525 -0.037201829339771696
vn 0.4609823329476791 -0.7084728775010685 0.5343795192140801
vn 0.7728230058915821 0.04780142197308076 0.6328187936700769
vn 0.17069932759878678 0.22109913310208168 -0.9601962887341473
vn 0.05910127898015056 0.18520402643585815 0.9809212544413831
vn 0.06349781385057078 0.19439330608748107 0.9788663188528745
vn 0.42330269260237546 -0.8303053036701219 0.3625023215551116
vn 0.44277745343718117 -0.27888581067550877 0.8521565767695213
vn 0.8687910925171543 0.031199678389155362 0.4941949186619208
vn 0.150303075964671 0.35960735743082306 -0.9209188530143025
vn -0.13849482215186787 -0.26459011960729845 -0.9543643187186527
vn -0.18809892311556414 -0.797895490673409 -0.5726967618956869
vn -0.1881953811938999 -0.7978804824683766 -0.5726859821868464
vn -0.6805164085548904 0.2515060852709288 -0.6882166132543198
vn -0.08289915665352654 -0.7633922325037784 0.6405934976090775
vn -0.27318887116409485 -0.030998736455731597 0.9614608255203306
vn -0.24719998327278697 -0.15179999801063307 0.9569999628390304
vn -0.10559790145148144 -0.1970960853505252 0.9746805714430455
vn 0.1723954313192022 -0.3548906010858863 -0.9188756589012275
vn 0.26010800603980594 -0.9527293982248061 -0.15700483735285134
vn 0.6805753001051151 -0.10459620335303371 -0.7251736999719195
vn -0.036600971481476736 -0.8050213244938978 -0.5921157285503423
vn -0.11319435148662824 -0.19499026033559386 0.9742514239998723
vn 0.15239633250201387 -0.8832787061106021 -0.4433893155811449
vn 0.18910431232570307 -0.17890409529893048 -0.9655220783312487
vn 0.7659737006606927 -0.1895934972771776 -0.6142789233616701
vn 0.26939986397399485 0.11279994266313516 -0.9563994386374276
vn -0.007199607364955779 0.5966674929669985 -0.8024562720112962
vn 0.0496016733779484 -0.8906300537909013 0.45201524452447783
vn 0.3056902317920888 -0.2906906929920474 0.9066710556727299
vn 0.8531961429548062 0.0659997015302511 0.517397701043365
vn -0.10279880225040149 -0.19999768864972445 -0.9743886959476956
vn -0.10279880225040149 -0.19999768864972445 -0.9743886959476956
vn 0.27750935448018066 -0.5115172137466272 -0.8132273348928212
vn 0.41180073255525107 -0.900901594630523 -0.137100231433573
vn 0.7659737006606927 -0.1895934972771776 -0.6142789233616701
vn 0.9777368508088066 0.1613060766845021 -0.1342050676954145
vn 0.13489808419875446 0.24619648628014792 0.959786328837213
vn -0.09179540104163499 -0.18389079226453112 -0.9786510005451017
vn -0.091804381675068 -0.1839087833181416 -0.9786467774042377
vn -0.16179657555318203 -0.20079575830841773 -0.9661795545262853
vn -0.16189396121651425 -0.20079250311584837 -0.9661639177769463
vn 0.12819334455305226 0.20958913193503778 -0.9693497109851635
vn 0.015499974634807545 -0.3148994939907035 -0.9489984507209266
vn 0.019499459916716845 -0.9981723860768764 -0.05719841550735006
vn 0.9559480554917346 -0.13390672871891104 0.26121313750531633
vn -0.09200264552749196 -0.17850513832441542 -0.9796282094793534
vn -0.09200264552749196 -0.17850513832441542 -0.9796282094793534
vn 0.007100186438293502 -0.16040420820460788 0.987025874707849
vn 0.019900447904355006 -0.999722564015898 -0.012600284547774909
vn 0.9630891125430571 -0.15339826112341223 -0.2211975017610733
vn 0.0014999946424817947 0.9999964550191078 -0.002199992111262549
vn -0.13849482215186787 -0.26459011960729845 -0.9543643187186527
vn -0.6803658103156546 0.28338576254689485 -0.6758660175946396
vn -0.14359914344898983 -0.19519882155073134 -0.9701941589526923
vn -0.14359914344898983 -0.19519882155073134 -0.9701941589526923
vn 0.04610108292006866 -0.8040188637460635 0.5928139310897524
vn 0.15869454904273197 -0.39408647678256664 0.9052689594375959
vn 0.17809840031697796 -0.9713912654080858 0.15709859736296508
vn 0.7728230058915821 0.04780142197308076 0.6328187936700769
vn 0.9970294728076498 -0.011200331033411616 0.07620225021376996
vn 0.4609823329476791 -0.7084728775010685 0.5343795192140801
vn 0.6371194300233418 -0.7683234427040958 -0.06130187010245349
vn 0.7728230058915821 0.04780142197308076 0.6328187936700769
vn 0.9955444919129055 0.08510380227305638 -0.04060181597592977
vn 0.08169689590152372 0.16819361962804383 -0.9823627250239457
vn 0.016500651896136125 -0.32451281068990295 -0.9457373653320154
vn 0.022100254752410755 -0.9997115667506331 0.009400108769213676
vn 0.9555540734945859 -0.13539347774744656 0.26188741629057977
vn 0.12539409457994186 -0.988553375081467 -0.08389604078570713
vn 0.7659737006606927 -0.1895934972771776 -0.6142789233616701
vn 0.9934129892309925 0.09900129169188922 -0.05770075450530192
vn 0.005000092912394883 0.5508102655532827 -0.8346155105388285
vn 0.12029733817456144 0.9579788101605919 -0.26039421981183064
vn 0.5087145526972529 0.3389096829490396 -0.7914225992966182
vn 0.11269853568951883 -0.8376891243561702 0.534393086584053
vn 0.2311030095892995 -0.9637125978906844 -0.13360175008418215
vn 0.8330472212014883 0.10610601433731125 0.5429307883790794
vn 0.9992182158106551 -0.03770068996428164 0.011900217157194328
vn 0.09219722455813413 0.1702948821178597 0.98107049945875
vn -0.3285131113721898 -0.27481096625568274 -0.9036360265517204
vn -0.3286023087409337 -0.2748019353317288 -0.9036063407414008
vn 0.37838144963533393 -0.9022557466714595 -0.20678985993077637
vn 0.8067783942092664 0.1355963634467126 -0.5750845580061638
vn 0.8067783942092664 0.1355963634467126 -0.5750845580061638
vn 0.9992182158106551 -0.03770068996428164 0.011900217157194328
vn -0.19790450334253348 0.34200780038192585 0.9186209621136795
vn -0.2621110190019759 0.9649404686209287 0.013700574271468313
vn -0.3298993636719943 -0.7155986276457199 0.6156988013309556
vn -0.69271841899906 -0.26560704855135864 0.6705177758562997
vn 0.007400113163303295 -0.1635024995799392 0.9865151650918915
vn 0.022399079767729774 -0.9995589339364493 -0.01949920032687326
vn 0.9630577147575116 -0.1538932405885917 -0.22099029061744105
vn 0.42330269260237546 -0.8303053036701219 0.3625023215551116
vn 0.4639970273183848 -0.8025948766817467 -0.37489761610860384
vn 0.846083463617709 0.27689458014413537 -0.45549112404026515
vn 0.8490282776008159 -0.5275175498640012 0.029600986802352517
vn 0.853614435427748 0.06520110261233503 0.5168086801201222
vn 0.9992182158106551 -0.03770068996428164 0.011900217157194328
vn 0.09970428208366786 0.17140736168075707 0.9801421185194639
vn -0.3343080170166426 -0.2654063314654255 0.9043216402234686
vn 0.23370589305578343 0.1990050247697184 0.9517239913270037
vn 0.2574103968820111 0.20850840876075982 -0.9435380919989936
vn 0.11020531453282424 0.17850860868998855 -0.9777471376957775
vn 0.0006999952839793507 0.9999932750678827 0.003599975779441037
vn 0.260703619057084 0.40510564383995107 0.8763121820102454
vn 0.5599262044301155 0.6397299681949786 0.526524656009323
vn -0.16590778358580235 -0.20000938864953266 0.9656453033063884
vn -0.4745085676695856 -0.19790356442008783 -0.8577154530483768
vn 0.09089778385920133 -0.9937758470027663 -0.0643984378958086
vn 0.24998940222144492 -0.6533723004300338 -0.7145697557325881
vn 0.48478244433552964 -0.8670685654533359 -0.11479583819443748
vn 0.9763390075800387 -0.14720589299402997 -0.15840633619099778
vn 0.345305458096191 0.29350467282494525 0.8914141280229417
vn 0.3453935420252789 0.2934945300664571 0.8913833417493854
vn 0.12540440089918065 -0.9908347590406811 0.05020175805600196
vn 0.3895955167900264 -0.39749542716815844 0.8307904180222082
vn 0.42330269260237546 -0.8303053036701219 0.3625023215551116
vn 0.9743637856835076 -0.18269319863978767 0.13129511917534042
vn 0.05269798865530733 -0.998061819549993 0.033098736354159775
vn 0.9724034884350452 -0.1141004145411492 0.20350073975514918
vn 0.04059880581029673 -0.9983705833133353 -0.040098819700438805
vn 0.9746093163857253 -0.14960142985287214 -0.16660159843208266
vn 0.4022942459090455 0.204897059750916 0.8922872489360711
vn 0.4022942459090455 0.204897059750916 0.8922872489360711
vn 0.15640067595584953 -0.9719041896976873 0.17590075215483056
vn 0.4639970273183848 -0.8025948766817467 -0.37489761610860384
vn 0.722870657385585 -0.08709646875618855 0.6854722589726988
vn 0.9576651348176909 -0.2851896077004622 0.039298565040860156
vn 0.10830010336830316 0.1858001774905079 -0.9766009326510552
vn 0.13600200081837469 -0.990114605038851 -0.03430050527556777
vn 0.20529907494690744 -0.30519863298425165 -0.9298957383763452
vn 0.4609823329476791 -0.7084728775010685 0.5343795192140801
vn 0.6844923187860853 -0.727791876384272 -0.04229952945257008
vn 0.982551006126193 -0.15359234307478187 -0.1048947687408885
vn 0.1145946075667885 -0.9929532323926756 -0.030198579396234132
vn -0.03770095859645502 -0.48801240385137423 0.8720220934174269
vn -0.03770095859645502 -0.48801240385137423 0.8720220934174269
vn 0.05330051584690596 -0.9980096908329271 0.03370032661590329
vn 0.19469112693425672 -0.2993863674249522 0.9340573687376813
vn 0.722870657385585 -0.08709646875618855 0.6854722589726988
vn 0.9877890692738139 -0.14479840306497546 0.05749936602263776
vn -0.1362998721833859 -0.16219986240300213 -0.9772991095254513
vn -0.1362998721833859 -0.16219986240300213 -0.9772991095254513
vn 0.03800124008621476 -0.9986325709063936 -0.035901170966930726
vn 0.20498913761256907 -0.3024839871649 -0.9308506276356481
vn 0.9816902558493631 -0.1579984375413305 -0.10639894409678376
vn -0.3472852914008831 -0.8475640790289043 -0.40128301523549287
vn -0.6119115346232941 -0.05200098449515419 -0.7892149082515485
vn 0.11990062184789613 0.17010088318016053 0.9781050712586133
vn 0.03430132409850338 -0.9934383173058156 -0.10910421107216357
vn 0.15640067595584953 -0.9719041896976873 0.17590075215483056
vn 0.20569397381828577 -0.3297903576457084 0.9213730564428061
vn 0.3087912633667216 0.022099372956805564 -0.9508730585011334
vn 0.722870657385585 -0.08709646875618855 0.6854722589726988
vn 0.41988608788805215 0.27669081452812483 -0.864371370623663
vn -0.49239368688629126 -0.7227907551033771 0.4848937836801117
vn -0.6646012324602185 -0.03450006070464658 0.7464013314723752
vn 0.30030235455806653 0.20970164105089262 -0.9305072367195453
vn 0.11860243935470352 0.16450338009247856 -0.979220148545394
vn 0.19719724168652586 0.1873973888129278 -0.9622865823325827
vn -0.6622932622972859 -0.20309794162811645 0.7211926655353896
vn 0.23159838678185515 0.20159858192768934 0.9516933324368659
vn -0.13339360720127397 -0.17069182230108237 0.9762532700879255
vn -0.0021000306531203596 0.9999145838556069 0.012900188530569996
vn -0.0021000306531203596 0.9999145838556069 0.012900188530569996
vn 0.1358020415355094 0.45550684803120695 -0.8798132284249099
vn 0.21340555716021248 0.18060470502477882 0.9601249963916427
vn -0.20030263215676303 -0.18960251055501237 0.961212642208949
vn 0.5673796818265361 0.206392619573644 -0.7971714892267209
vn -0.6235830844414922 -0.2914920775593823 0.7253802489167663
vn 0.591906235851363 0.3178033457306182 0.7407077975846453
vn 0.591906235851363 0.3178033457306182 0.7407077975846453
vn -0.1846072932031389 -0.1709067635654583 0.9678383260977997
vn -0.3897985844516843 -0.1982992752991531 0.8992966479284208
vn -0.5535928374134006 -0.7835898317393247 0.2819963580603781
vn -0.5535928374134006 -0.7835898317393247 0.2819963580603781
vn -0.69271841899906 -0.26560704855135864 0.6705177758562997
vn -0.9606636963890708 0.2747896371239344 0.040198479689953145
vn -0.005199912150538946 0.999983100428219 -0.002599956075269473
vn -0.6780917433151054 0.18119778664401398 -0.712291337700517
vn -0.9941051144749292 -0.0897004616830661 -0.060900316490412255
vn -0.7851904415403055 -0.20569748612587815 -0.5840928990453781
vn -0.5988782557397526 -0.7506726871315461 -0.27898987723000856
vn -0.6770163509435332 0.16550400172185414 -0.7171173446299812
vn -0.9983967002226419 -0.0333998893003727 -0.045699850976373815
vn 0.21309625503573026 0.1858967341393265 0.9591831891385918
vn -0.010999682675282276 -0.9907714413020382 -0.13509610683259773
vn -0.13660188890723707 -0.1828025198638281 -0.9736134565002732
vn -0.13660188890723707 -0.1828025198638281 -0.9736134565002732
vn -0.15729949296489273 0.987296871616977 0.02239992875698734
vn -0.69271841899906 -0.26560704855135864 0.6705177758562997
vn -0.9729769729097468 0.22929458177385573 0.02719935581108878
vn 0.11440014314839177 0.5820007653515256 -0.8051010597296876
vn -0.01300005795599376 0.9999044495835525 -0.004700020867352584
vn -0.01300005795599376 0.9999044495835525 -0.004700020867352584
vn 0.19930804353476855 0.16620669498109295 -0.9657389079486259
vn -0.15439551322349168 -0.16239527572949938 0.9745715981482299
vn -0.15869821781350882 -0.23929729562212915 0.957889179378675
vn -0.4302937624684298 -0.19629715231866232 -0.881087229491125
vn 0.05719840227155194 0.9920722918927005 -0.11189687411338291
vn 0.05719904352605011 0.9920833871080418 -0.11179813256016528
vn 0.703270992564533 0.506979122843621 -0.498379453848179
vn 0.7033060347871601 0.5070044080225873 -0.4983042761984168
vn -0.2017110486405888 0.3295180336583521 0.9223505398438531
vn -0.24330253097244675 0.9698100962499192 0.01650017073015022
vn 0.6718696731649533 0.2323895169620898 -0.7032682665152364
vn 0.15569682627654816 0.37249240777670006 -0.9148813608529397
vn 0.2275081819915473 0.3281117899239877 -0.9168329621254778
vn 0.689137618946925 0.212611580095978 0.692737798998477
vn -0.7274815271894594 -0.27459301909396566 -0.6287839863283359
vn -0.2902935786736127 -0.19199574280751736 -0.9374792119960083
vn 0.48847920625467295 0.2061912307358165 -0.8478639286020214
vn 0.09680004350600957 0.7978003565638362 0.5951002794856093
vn 0.09680004350600957 0.7978003565638362 0.5951002794856093
vn 0.09680004350600957 0.7978003565638362 0.5951002794856093
vn 0.09680004350600957 0.7978003565638362 0.5951002794856093
vn 0.15209362127266893 0.1663930141763612 0.9742591519721391
vn -0.5426823789428428 -0.8287730663847617 0.13649556776736754
vn -0.5426823789428428 -0.8287730663847617 0.13649556776736754
vn -0.8100632624208635 -0.020799056528678438 0.5859734722012458
vn -0.9974590901373082 -0.037298469858277804 0.06069750941088348
vn 0.16629625250032373 0.16259632411323058 0.9725780132149883
vn -0.00369997307359265 -0.0008999934849433085 -0.9999927500792102
vn -0.0074003614471464 0.9999488086915922 0.006900336710405925
vn -0.0074003614471464 0.9999488086915922 0.006900336710405925
vn 0.09309419905967051 0.8104495929401276 0.5783640094305834
vn 0.09310174555221931 0.8104152524345835 0.5784109124113413
vn -0.02609968405015295 0.9991878398686478 -0.030699627865945565
vn -0.02609968405015295 0.9991878398686478 -0.030699627865945565
vn -0.600715975730671 -0.7932210908396194 -0.0997026456477063
vn -0.9720802405258133 -0.04649905534834721 -0.22999531262829798
vn -0.3878063793517403 -0.1925031660001818 -0.9014148563308686
vn -0.9227853645283127 -0.22219648070764383 0.3147950046831854
vn -0.9227853645283127 -0.22219648070764383 0.3147950046831854
vn 0.41201414640579487 0.2058070549211316 0.8876304407275556
vn 0.4120971329652858 0.20579858459837863 0.8875938798679809
vn -0.2213919288362622 -0.16359403945552414 -0.9613649692498598
vn -0.2213919288362622 -0.16359403945552414 -0.9613649692498598
vn -0.964886576525243 -0.20099720991914105 -0.16909765239682406
vn -0.39809835393690524 -0.20079916922724167 0.8950963044445979
vn -0.8156196359717055 -0.2906070012491536 0.5003120828466542
vn -0.6313052150894563 -0.198101653816132 -0.7498062817529398
vn 0.3418966586614285 0.1986980619127129 -0.9184910206356307
vn 0.25020444390713603 0.18570329247090966 0.9502168296839331
vn 0.6827914300307796 0.27669651616715957 0.6761914677201123
vn 0.6982182513166786 0.2695070371122643 -0.6632173327614773
vn 0.5863268952661064 0.8051369760471144 -0.0893040967107118
vn 0.8010958274439173 0.4581975846112134 0.3850979728697562
vn -0.015799499127476656 0.9998683346790284 -0.00369988290453127
vn 0.48089877768502837 0.20489948143178596 -0.8524978405427375
vn -0.9134594661674457 -0.2730878848778478 -0.3016866102465079
vn 0.8530721017155103 0.21019311144519326 -0.47758438539767045
vn 0.8531128411785256 0.21020316209419634 -0.4775071840945484
vn 0.2476081946611922 0.17110565985199228 0.9536314985901208
vn 0.8787544452174411 0.22108854551438364 0.42297810824311194
vn 0.8811171477531858 0.22320434011961643 0.41690813674844146
vn -0.32700279834182044 -0.18960163275054978 -0.9258079664460359
vn -0.24540247209430652 -0.1705017102789315 0.9543095899559862
vn 0.8931193181835345 0.260505641511255 -0.36670791405175274
vn 0.8931520666928678 0.26051519812638724 -0.36662135413451824
vn 0.8931722838890034 0.26049192578701397 -0.36658863579259326
vn -0.955591665039971 -0.26879766201468375 0.12079895116091073
vn -0.955591665039971 -0.26879766201468375 0.12079895116091073
vn 0.6562949073041321 0.20079844131495098 0.7272942874876352
vn -0.6724067319860176 -0.19800198047235726 0.7132071245500203
vn 0.36240639591435353 0.17670312186826795 -0.915116173456888
vn 0.6415020835589428 0.7552025332403 -0.13470044757523514
vn 0.9918120306127826 0.12350149952067063 0.03250039304215955
vn 0.28330703812656854 0.15860393219498067 -0.9458234057371605
vn 0.9793357537631747 0.20030730054652737 -0.027901016986442585
vn 0.8740213840328098 0.2868070216091959 0.39220957740605134
vn 0.01509994244367706 -0.9997961957957763 0.013399948152565603
vn 0.24090625480652406 -0.44441157828362515 0.8628224182776842
vn 0.3979890898373474 0.17739513481154964 0.9000753582426486
vn 0.3979890898373474 0.17739513481154964 0.9000753582426486
vn -0.3247853000253032 -0.17339215103090755 -0.9297578560293797
vn 0.8983699602673221 0.2714909111802203 -0.34528842962923606
vn 0.8983699602673221 0.2714909111802203 -0.34528842962923606
vn 0.2927063187173499 0.1686036311982296 0.9412203921131908
vn -0.6456036246739502 -0.1982011100465916 -0.7375040879779284
vn 0.25951450488908734 0.1689094416674193 -0.9508532075287819
vn -0.41829209667344097 -0.18969641377868798 0.8882831713254741
vn 0.38459221256816284 0.18779620883807555 0.9037817291680392
vn 0.38471218032075216 0.18780596109299874 0.9037286425087943
vn 0.957221361110253 0.2783062079459932 0.07920177051654925
vn 0.5007887126476331 0.20069547060293585 0.8419809934696818
vn 0.5009057647829535 0.20070232955855305 0.8419097277719119
vn 0.6418045414260731 0.20770147816634227 0.7382052740074299
vn -0.4926155736288692 -0.19100604682682454 -0.8490268468628593
vn -0.3698162086123013 -0.1798078839365144 0.9115399589276906
vn 0.380908658771532 0.19590444386094436 -0.9036205191054522
vn 0.2817932927095128 0.1700959481753672 0.9442774531874907
vn 0.6652271458503816 0.20400833197005677 -0.7182293818207035
vn -0.4936999324346985 -0.19319997507780465 0.8478998445240509
vn -0.6751965068629222 -0.20109897209453517 0.709696329807777
vn -0.825424971648803 -0.20230612218884053 -0.5270159856242377
vn -0.960897074450748 -0.1967993973768127 -0.1947994083772247
vn 0.007199792623624327 -0.9999712012439304 0.0023999310297618606
vn 0.23200174478727315 -0.36900277832569756 -0.9000067444211611
vn -0.31260433912905755 -0.1646022802940938 -0.9355130231480852
vn -0.61238767367054 -0.20059596542746183 -0.7646846381290844
vn -0.9675218200761652 -0.20420461339721002 0.14900336755859203
vn -0.9675362330550747 -0.2042076508395978 0.14890558439551235
vn 0.8691809671852001 0.20169558992358153 0.4514901275646884
vn 0.4490056264302716 0.18900237676016715 0.8733109692503395
vn 0.4490854451198572 0.1889938739531884 0.8732717667425567
vn 0.5880791482755784 0.19649302751754033 -0.7845721161884747
vn -0.4405913782292418 -0.18239643479617001 -0.878982808707715
vn 0.4995898338721108 0.18359625853295936 -0.8465827849326582
vn 0.4101120350973594 0.18810550040222743 -0.8924261534641003
vn -0.8785237132877182 -0.19760534299950228 0.43491173082501255
vn 0.9636089299570537 0.20250188011416084 0.17450162938279906
vn 0.3024917955145482 0.16549550481191974 -0.9386745716878843
vn -0.34809652295117843 -0.166298331379251 0.9225907411684644
vn -0.0017000739263631041 -0.99994342348489 0.010500456083562445
vn -0.2693879466968281 -0.3398847704658906 0.9010596411890924
vn 0.0013999622403806482 -0.9999731010873373 0.007199806073764049
vn -0.0004999997182338986 0.0009999994364677971 -0.999999375000509
vn 0.4342910382598173 0.18589617454190152 0.8813818164552164
vn 0.4342910382598173 0.18589617454190152 0.8813818164552164
vn -0.05289734126774618 -0.9810506649233667 -0.18639062245784785
vn -0.32458453708870866 -0.16999189209136306 -0.9304556060909661
vn 0.9735866293590605 0.20549719256380966 -0.09949863808945276
vn 0.0012999980046201729 0.9999984350035581 0.001199998176020978
vn 0.0012999980046201729 0.9999984350035581 0.001199998176020978
vn 0.16110318348787062 0.7511148196159724 -0.6402126928008681
vn -0.4136820828436394 -0.1659928002285452 0.8951611724189309
vn 0.822684850538344 0.2035962556749078 -0.5307901669867858
vn 0.8227284956952267 0.20360704786845749 -0.5307183739323152
vn 0.22190395605153468 0.6623118256367472 0.7156128002700884
vn 0.22190395605153468 0.6623118256367472 0.7156128002700884
vn -0.0012999970606355242 0.9999977100077639 0.0016999961383056365
vn -0.0012999972365774495 0.9999978750067477 0.001599996616774603
vn 0.6980767038326098 0.19669344613986323 0.6884770176351738
vn -0.45979622618001753 -0.1626986584846638 0.8729928848037106
vn 0.29379740500775137 0.4257962426460904 0.8557924073974852
vn 0.8237870746919839 0.20639675392863843 0.5279917002549804
vn -0.4185959847988225 -0.16589842154902984 -0.89289143530322
vn 0.3395077800807121 0.16100368998367257 0.9267212520905671
vn -0.6888001988755917 -0.19440006926451897 0.698400242768354
vn 0.4257192348204364 0.16790756719416114 -0.8891401363018321
vn 0.40069332696780674 0.17219711830668846 -0.8998849983027514
vn 0.00590009736740751 -0.9999164637552037 -0.011500189665541434
vn 0.30969837248574544 -0.4885974219017864 -0.8156957014663055
vn 0.43549575936566803 0.17309831203489096 0.8833914296308243
vn 0.43549575936566803 0.17309831203489096 0.8833914296308243
vn -0.7976985547767721 -0.19749964709280146 -0.5697990041280065
vn 0.5980996717406887 0.18699990551942555 0.7792995688433341
vn -0.5827902208902639 -0.18879685173283492 -0.7903868086009833
vn -0.9213093980776749 -0.19840202936011697 -0.33440339077159426
vn 0.9186226478735039 0.20080495831208994 0.3403083888639133
vn -0.9766087843319695 -0.1961017611541793 -0.08820080293207026
vn -0.36142047832564106 -0.20911183717718607 0.9086514609019494
vn 0.2982966527609009 -0.4049954611596278 0.8642903351257278
vn -0.001699997474770467 -0.9997985353022605 0.019999970400984612
vn -0.8672603395967539 -0.20369069432344344 0.4542792141497966
vn 0.7565938722929973 0.19479842207359463 -0.6241949111986781
vn 0.6405059117348304 0.18910174125377205 -0.7443068644635256
vn 0.32279697731950363 -0.39349631293452736 0.8607919395186764
vn -0.061902649327209076 -0.9811419785439226 -0.18310783693001753
vn 0.9345614964745845 0.20129169847674203 -0.2933879026673274
vn 0.34270182524081744 0.3921020956183212 -0.8537045188988595
vn -0.6760116922519321 -0.1932033458640474 -0.7111122689741869
vn -0.808453965003435 -0.19351292856873276 0.5558371460661631
vn 0.5771017566518538 0.19150058579672447 -0.7939024424378955
vn 0.9621199478582368 0.20180417826239266 0.18330379038389746
vn -0.6371130230224615 -0.1879038627203492 0.7475153070472554
vn 0.9789702100339668 0.20149387015982248 -0.03189903061328652
vn 0.4439825988409196 0.1704933221946594 0.8796655495206637
vn 0.4440216781473736 0.1705083274565899 0.8796429159625777
vn 0.5110974797635799 0.6793966742841481 0.5264974122927448
vn 0.5973995361115784 0.18589985109171514 0.7800993780395862
vn -0.960829651691884 -0.20080619559178425 0.1910058958294405
vn -0.960829651691884 -0.20080619559178425 0.1910058958294405
vn -0.448395194470176 -0.16859819433986356 0.8777906347423574
vn -0.5586796682431088 -0.1704937868076436 -0.8116704361696068
vn -0.5704788649223798 -0.17719344693146397 0.8019702906226761
vn 0.8310195818438244 0.19720464979950977 0.5201122770033096
vn 0.72315969044041 0.18528965618015478 0.6653629125783692
vn 0.5469615600215231 0.17178792203533902 0.81934239588929
vn 0.5794849291431191 0.18209525614988625 -0.7943793392225792
vn -0.9640115206188236 -0.19370231933132823 -0.18210216802621396
vn 0.60329913104349 0.18399972912139384 0.7759988776830953
vn 0.9197071255910955 0.19990153938450328 0.33790261568782043
vn -0.9801212227173055 -0.19820430223588473 0.008800190584297917
vn -0.49586842462251896 -0.1630896115680017 -0.8529456512937851
vn 0.7619734735386294 0.1887934290740982 -0.619478382804371
vn -0.7902200825089123 -0.18410468117873585 -0.5845149164629451
vn 0.8951330981579715 0.1994073733670534 -0.39871473013793235
vn 0.8951529602334037 0.19938952483342795 -0.3986790628714711
vn -0.897299506532706 -0.19339988865828303 -0.3967997966772741
vn 0.5906022859497648 0.1748006663294063 -0.7878030635137868
vn 0.4172907018898509 0.34829225337486575 0.8393813056980323
vn 0.41732572799190887 0.3483214915141012 0.8393517589815459
vn 0.4805923037323243 0.16549736030773352 -0.8611861943415196
vn 0.4825906242920845 0.16489680403305348 0.8601833138145968
vn 0.4827088465039401 0.16490303620772406 0.8601157818319053
vn -0.7992859278162695 -0.19159662294423851 0.5695899750445478
vn 0.9703887960249122 0.1966977321000187 -0.1401983835000618
vn 0.8131758922721388 0.18839440783761832 0.5506836799133636
vn 0.7699934926349394 0.1797984858601617 -0.61219484298893
vn -0.9231165168017358 -0.19260344152453898 0.3328059655726349
vn -0.5718995331168073 -0.1647998690158563 0.8035993573872084
vn 0.7183027240842511 0.19480074869937133 -0.6679025863696806
vn -0.5891265260379642 -0.16150727833223624 -0.791735647400162
vn -0.47591463351421504 -0.19620603578615897 -0.8573263399243667
vn 0.9729222682444267 0.2010046126133831 0.11410261023422459
vn -0.711515343977701 -0.17310372924224984 0.6810146945600511
vn 0.5233044980509919 0.7032060300843004 0.48130414663981214
vn 0.7465166255291028 0.17800396217636605 0.6411142778461233
vn -0.48660450022697627 -0.2132019629750901 0.8472077568946256
vn 0.6458600967382425 0.17188938419093958 0.7438540011613352
vn -0.7312147311682433 -0.1780035868384984 -0.6585132800446647
vn 0.5378088419045556 0.7327120391275755 0.41700685520359376
vn 0.7521873557999919 0.18519688762209957 0.6323893536340596
vn 0.8654699376729948 0.18889343850233734 -0.4639838961376418
vn 0.8654699376729948 0.18889343850233734 -0.4639838961376418
vn -0.5612025012433837 -0.16870073227152782 0.8103035329610876
vn 0.5546280219493197 0.1724087171860814 -0.8140411485341725
vn -0.9584088773188543 -0.19040176283640683 -0.21260195809352767
vn 0.43608474928047053 0.40608579308456444 -0.8030718648414159
vn 0.7166455908545134 0.1843117307062311 -0.6726427603363161
vn -0.6612774950307503 -0.1714941612860786 0.7302751722540215
vn 0.8933818888870074 0.1883961846353077 0.4078917481679934
vn 0.0027999384690969927 -0.12319729636555803 0.9923782477023497
vn -0.0005999958426002466 -0.9999929750741849 -0.0036999739552478904
vn -0.9807382780113898 -0.1912074676923346 0.03990155813922943
vn -0.9807382780113898 -0.1912074676923346 0.03990155813922943
vn -0.01439963361647461 -0.9997746260624778 0.015599603627785655
vn -0.5066094133757584 -0.24640456044487866 0.8262152836101716
vn -0.68620272139561 -0.16520065466168438 -0.7084028295035315
vn 0.8233116742977873 0.19150270237449013 -0.5343075911385143
vn -0.8768210903927877 -0.180104325404475 0.4458107304821202
vn -0.02610021005728857 -0.9993080195014035 -0.026500211228361416
vn -0.5424809035294724 -0.34048799781639905 -0.7679729114030176
vn 0.9367344479670131 0.18840693430276825 -0.29501084912010894
vn 0.0011000366218882076 -0.999933263335765 0.011500382346617575
vn 0.0030999303951625462 -0.18529581658704133 -0.9826778977807972
vn 0.6224785754246541 0.16899418174559033 0.7641736646034273
vn 0.9590244314665457 0.1831046644968852 0.21620550800049443
vn -0.8685938349740457 -0.17709874085343985 -0.46279670032661874
vn 0.5462963409952969 0.7510949734004441 0.3706975165114229
vn 0.8528301270625437 0.17660622866849568 0.4914173525324241
vn -0.7654594329042569 -0.17129090755230839 -0.6202671050183136
vn 0.972659446409066 0.18369233552645656 -0.14209407862414658
vn -0.0020000836563508193 0.9999418134453639 0.010600442866431931
vn -0.0020000836563508193 0.9999418134453639 0.010600442866431931
vn -0.44450751112271925 0.544209243890502 0.7115120318164786
vn 0.6799808749201648 0.17029520890757455 0.7131798872415942
vn 0.9832759558022914 0.18089556801604992 0.021099483719771904
vn 0.37569580850723816 -0.34659613672273876 0.8594904173281779
vn -0.012900584884145432 -0.9994453458911506 -0.030701392251246816
vn -0.5680141027706019 -0.28950718936047887 0.7704190848897138
vn 0.40080839760899023 0.7033147876003653 -0.5871123725052698
vn -0.0919044189112875 0.9940477850936442 -0.058502809633371664
vn 0.0053998045451358855 -0.9998637405982213 0.015599434214331635
vn 0.3759052805253265 -0.35050490981585464 0.8578120588264979
vn -0.5679918973409812 -0.2948957603652877 0.7683890258674775
vn 0.4040098552275334 -0.31740773865359384 -0.8579209545883814
vn -0.008100113865218134 -0.9997140210807296 -0.022500315774871164
vn -0.579804328133428 -0.35260264074963193 -0.7345054927052146
vn -0.823918728199723 -0.1753039888808777 0.5389122756109792
vn 0.39460282055539897 -0.3475024571389228 -0.8506060523486385
vn -0.011100130630768971 -0.9999117440274862 0.00730008601939935
vn -0.5815160901125112 -0.3472096342221431 -0.7357203999099
vn -0.11870133274604745 0.9812110184506935 -0.15210171226933925
vn -0.11870133274604745 0.9812110184506935 -0.15210171226933925
vn -0.11870133274604745 0.9812110184506935 -0.15210171226933925
vn 0.7408106666333587 0.17760253827109973 -0.6478093041952248
vn -0.7012139757736519 -0.16280323835133803 0.6941138708900909
vn 0.3824964776707971 0.7241933374145381 0.5737947844080029
vn 0.38251843285508447 0.724234924175546 0.5737276558878186
vn -0.05829955669308225 0.9976924074816106 -0.034799737684900606
vn 0.8959669252329588 0.19239288309611263 -0.40028520759898567
vn 0.8959669252329588 0.19239288309611263 -0.40028520759898567
vn -0.9458427177898517 -0.18020812688300689 -0.27001219270474586
vn -0.6434816093365073 -0.16719522997697828 -0.7469786968305347
vn 0.836322788019752 0.183504999472943 -0.5166140816966802
vn 0.9078856091953078 0.17269726062165458 0.3819939486298719
vn 0.7536993580794615 0.1781998564807015 0.6325994694756432
vn -0.6133025165570108 -0.19380078821093066 0.7657031263313864
vn 0.5333958067988528 0.46039633215196113 0.7095943423044053
vn -0.929701060976118 -0.17460019344065741 0.32430033868370495
vn 0.557677239883516 0.4352822374674142 -0.7067711580570225
vn 0.6246953875693717 0.16839874399477753 0.7624942857297582
vn -0.9692963376068721 -0.1814993212969785 0.16589938598632806
vn -0.9692963376068721 -0.1814993212969785 0.16589938598632806
vn -0.223302790199423 0.9560119836726931 -0.1902023947361202
vn -0.223307037429182 0.9560301647967868 -0.19010599946669426
vn 0.696614170058711 0.16710340118461584 -0.6977142333261855
vn 0.6297081624300084 0.16590216532959778 -0.7589098113135534
vn -0.78909269188741 -0.16679846655612385 0.5911945493358394
vn -0.9828330048775881 -0.17960602714677215 -0.04220141627770144
vn 0.9452737134238823 0.18839476134521538 0.2663926061427065
vn 0.9577699735419867 0.18609417987806193 -0.2191931431338444
vn 0.005600184128702808 -0.9998329150598534 -0.017400571848091562
vn 0.5811909203786703 -0.12449804938563085 -0.8041873847360248
vn 0.6472043815959891 -0.33430229712924575 0.6851047092066023
vn 0.8092118643922628 -0.5871086223819145 -0.021900320810637183
vn 0.014100595788585456 -0.9998422492291645 -0.010800456229811514
vn 0.5544979191400288 -0.239099098709084 0.797097032152223
vn 0.6500961552085572 -0.30329822428080155 -0.6966958993213352
vn -0.8083733994132343 -0.16359462001515798 -0.5654814297774842
vn -0.027501338343099705 -0.9994486893931573 -0.01860090480698358
vn -0.6372949175696778 -0.2087983239994368 -0.741794073806797
vn 0.9737232412024861 0.18760448857155448 0.1291030805594135
vn 0.006899769052279418 -0.9999665166822641 -0.0043998524252976245
vn 0.5545932683627403 -0.23789711438377414 0.7973902869076138
vn 0.6450923048107423 -0.3146962505359267 -0.6962917407039907
vn 0.9804798268599303 0.19069607699925428 -0.047899011866798034
vn -0.8754162437178492 -0.16780310195999262 0.45330841510778924
vn 0.13970243999203172 -0.9703170108609981 -0.1974034617073638
vn 0.5758987125602147 -0.1496996596233851 -0.8036981303823778
vn 0.8092118643922628 -0.5871086223819145 -0.021900320810637183
vn 0.9302666406226408 0.18489336523413036 -0.31688865684505785
vn 0.9302666406226408 0.18489336523413036 -0.31688865684505785
vn 0.059501681668834745 -0.9949281220912956 -0.0811022918940551
vn 0.6456738130256858 -0.3674851068963039 0.6693728582653197
vn 0.8092118643922628 -0.5871086223819145 -0.021900320810637183
vn -0.8859339027490304 -0.17130654414245783 -0.43101645895932983
vn 0.8430479392032364 0.17558915136420278 0.5083685888490507
vn 0.8440073970931993 0.17170151348634002 -0.5081044222583218
vn -0.7523078896482045 -0.16960176775982538 -0.636606691408288
vn -0.9437771561253061 -0.1805956386965918 -0.2768932914676692
vn -0.7155756659744393 -0.16619434277730685 0.678476902107991
vn 0.7875605254352903 0.16949151518314917 -0.592470290442491
vn 0.9514343412920977 0.1852066900522796 0.24590887777782905
vn 0.9826561452651209 0.1830918275556076 -0.029398687981631207
vn 0.8876859151350522 0.17329724853252476 -0.4265932251242408
vn 0.8876859151350522 0.17329724853252476 -0.4265932251242408
vn -0.9395589605943407 -0.17279246040187182 0.29558708563661834
vn 0.7851199215609415 0.17360442058772413 0.5945151082357298
vn 0.9136255918155716 0.17490489663392408 0.36701029292531157
vn -0.9733847909287705 -0.1699973482210459 -0.1536975939511281
vn -0.7300169135039264 -0.24730572466859277 0.6371147342075388
vn 0.6555016332416798 0.3160008045303557 -0.6859016695953276
vn 0.6289882790039133 0.4031924604730312 0.6646875842780565
vn -0.8045074320319517 -0.16520151447961226 0.5705052597645327
vn 0.012500111010276397 -0.9999088642282057 -0.005100045351797415
vn -0.7117863131662665 -0.30319418796967224 0.6335878224607735
vn 0.9348969008313094 0.17809941859747622 -0.3069989933391538
vn 0.7444023027192285 0.17010051444720634 0.6457019642924325
vn -0.9853706509640512 -0.1699949379772719 0.012099639696514133
vn -0.9719798919553434 -0.16869650817794696 0.16369660278407366
vn -0.9719798919553434 -0.16869650817794696 0.16369660278407366
vn 0.9771493406335235 0.17959068619511376 -0.11369411388211079
vn 0.0017999239321722965 -0.9996577453489807 0.02609889724932896
vn 0.6473144677953925 -0.2572057461375978 0.717515981659342
vn -0.538674447990216 -0.3923814108991771 0.7455646635022389
vn 0.007699756474695284 -0.999968356500674 -0.0019999368918152726
vn 0.6218340838708204 -0.3647199778702693 -0.6930380291721717
vn -0.6670875210221808 -0.2112960410000248 -0.714386605665446
vn -0.8495398969920859 -0.1666078310681368 -0.5005235199722856
vn 0.7509914546649558 0.16909807717890835 -0.6382927818130245
vn -0.8911374900428741 -0.1682881915951578 0.4213704527013231
vn 0.6466968768734648 -0.23759884848243443 0.7247964794629785
vn -0.00400011739447914 -0.9999292733560861 -0.01120032795948356
vn -0.6089847195799615 -0.29699254635758954 0.735481501280726
vn -0.01080037627752864 0.999934828335516 0.003700128901270714
vn -0.01080037627752864 0.999934828335516 0.003700128901270714
vn -0.43657834041895044 0.62526896316319 -0.646867897164378
vn 0.0052001737407469635 -0.9999334283285556 -0.010300344856727702
vn 0.6148254008631351 -0.3788156712327193 -0.6917285693695104
vn -0.668109952494786 -0.24170359936265332 -0.7037104954685219
vn -0.0017999450551982909 -0.9999695013941549 0.007599768373018237
vn -0.5767945791965959 -0.33219686531466924 0.7462930095374936
vn -0.021600216288794476 -0.9996099911522365 -0.017700176408808756
vn -0.021600216288794476 -0.9996099911522365 -0.017700176408808756
vn -0.5774052504415816 -0.321702914273088 0.7504068307995979
vn 0.8286852900710356 0.1711969686876211 -0.5328905027602323
vn 0.8286852900710356 0.1711969686876211 -0.5328905027602323
vn -0.9147045970099504 -0.16810084441492704 -0.36750184532305796
vn -0.8585920543859571 -0.1726983976880026 0.4826955019277666
vn 0.9628972749601998 0.17409950441421246 0.20619941909944128
vn -0.7086229353370586 -0.3253105296110325 -0.6261202718635459
vn 0.041301130570608406 0.9972273543717258 0.06190169873563754
vn 0.620173843774322 0.5597764599252356 -0.5495768539628952
vn 0.9738813511606202 0.17899657157721402 -0.13969732003573918
vn -0.9686264420924007 -0.16560451729483774 -0.18530504453727392
vn 0.9827721687172111 0.17439505840962768 0.061198267926241945
vn 0.4417117629861302 0.8116216235839671 0.3823101601718297
vn 0.4417117629861302 0.8116216235839671 0.3823101601718297
vn -0.05769845509883897 0.9779737658013224 -0.2005946202757869
vn 0.004100178647412923 0.9999435684891383 -0.009800427147180527
vn 0.004100178647412923 0.9999435684891383 -0.009800427147180527
vn -0.44291139900054016 0.5185132769180373 0.7314188090930553
vn -0.44291139900054016 0.5185132769180373 0.7314188090930553
vn -0.003400136636619952 -0.9999401333966816 0.010400417947308086
vn -0.686821838872544 -0.20050636283003412 0.6986221869597384
vn 0.021599219165195412 -0.9997638291858674 -0.0023999131370969775
vn 0.7249308791803931 -0.2961125956515408 0.6219264836837622
vn 0.8131108637451449 -0.2673035780311638 -0.517106875250525
vn 0.06929696578711296 -0.9974562972759264 0.016699268166541215
vn 0.6820033925220761 -0.26970133725339224 -0.6798033254347255
vn 0.8068128196589417 -0.2590041150439818 0.5310084202950756
vn -0.9490379754843815 -0.16630665025094085 0.2677107005160939
vn 0.02690056706125003 -0.9995210151014775 0.015300322293833903
vn -0.6137809829442173 -0.6727792050650742 -0.4130872138036195
vn 0.8489035326826619 0.1687006942202941 0.5009020542665878
vn 0.08389647399891666 -0.9960582368963019 -0.02879879097426991
vn 0.7303333841025724 -0.37151697087305735 0.5732262105125621
vn 0.8104253607494945 -0.2755086190643263 -0.5170161849258876
vn 0.06760032445242804 0.9977048591572392 0.003900018969150002
vn 0.6379209161612227 0.5286173225118279 0.5600184202903083
vn 0.029501207336292017 -0.9995409270585781 -0.006900282644895896
vn 0.6800123658327848 -0.3053055497739952 -0.6666121087946856
vn 0.804027158934545 -0.2673090262631489 0.5311178891488131
vn 0.906909345394395 0.172701779352522 0.3843039612660567
vn 0.06310017138363196 0.9124024122031977 -0.404401046706289
vn 0.1143020711723795 0.9869178678290488 0.11370206104318605
vn 0.6130968992355094 0.5246973688553719 -0.5905970396675332
vn 0.8537117994678521 0.16710231336553774 -0.4932068332021032
vn 0.8537117994678521 0.16710231336553774 -0.4932068332021032
vn -0.048501891077251454 0.9962388893870648 0.071802798237662
vn -0.42539451375585924 0.5162933571902494 -0.7432904391875613
vn 0.5265244185363456 0.7624353679318184 0.37611746358237097
vn 0.5264120274893139 0.7625173580849115 0.3761085693437421
vn 0.611718638818637 0.528516100095078 -0.5886179056588098
vn -0.05729773950961039 0.9891609442142205 -0.13519465776546266
vn 0.9642326879691697 0.17160581566829525 -0.20200685008328012
vn 0.7768285740980175 0.33971252470825847 0.5302195460572738
vn 0.9202932110895367 0.16909874960110544 -0.35279741850791996
vn 0.9202932110895367 0.16909874960110544 -0.35279741850791996
vn 0.7433349307184354 0.3824179674425266 -0.548825727304165
vn 0.02650057718024711 -0.021300463064716703 -0.9994218377053516
vn 0.4963918033060006 -0.4097932229427866 -0.7652873264603177
vn -0.02559938115180061 -0.9884761524654698 -0.14919640643026844
vn -0.9856167449864388 -0.1685028674649115 -0.0129002193175088
vn -0.9753602018398584 -0.16619321484610372 0.14509407984486214
vn -0.9753602018398584 -0.16619321484610372 0.14509407984486214
vn -0.9684077820106013 -0.17090136813616166 -0.181601459549465
vn 0.985471805681709 0.16959515007289236 0.0090997405559177
vn 0.01250041741855406 -0.9998334049999458 0.013300443999231068
vn 0.5543897653466763 -0.24659543809047763 0.7948853237994917
vn -0.07549982459104156 -0.3816991418648239 0.9211978840544409
vn 0.04659772948235285 -0.9884518391165094 0.14419297262446462
vn 0.5544124145730159 -0.24740552456359713 0.7946177577821488
vn -0.06889943032001801 -0.39009678355562083 0.9181924460379404
vn -0.08399798049862245 -0.9939760653141289 0.07039830150504761
vn -0.8391334229857754 -0.19460774529961847 0.5079201944179563
vn -0.9256204669258457 -0.17200381125996292 -0.33710746078962206
vn 0.029900144289560674 -0.9995048476327767 -0.009800047451084938
vn 0.6975343833803649 -0.1786088048456813 0.6939342035335709
vn -0.013700324580078924 -0.9997236987640312 -0.019100451197945265
vn -0.6946076908753483 -0.3548039278626838 -0.625806941915818
vn -0.932955458799738 -0.17229175843540312 0.3160848966195749
vn -0.1036971595678459 -0.9906728859899085 -0.0883975795029844
vn -0.6033090380700945 -0.7105106743996512 -0.36220544742879035
vn -0.8511904284792152 -0.17479803761294474 -0.49489443370483915
vn 0.008800305030270433 0.9999346283308342 0.0073002531634728625
vn 0.008800305030270433 0.9999346283308342 0.0073002531634728625
vn 0.009899523487091994 -0.061597038342163596 -0.9980520048084683
vn 0.02650057718024711 -0.021300463064716703 -0.9994218377053516
vn 0.488303612788124 -0.42960319894838617 -0.7596056037124654
vn -0.00099999071272744 -0.9999906801311509 -0.004199960644209292
vn -0.603200866316797 -0.536700797123578 -0.590000821390599
vn -0.06410276168120768 0.996442917643048 -0.05470235665720572
vn -0.41708784202357896 0.42518757717322203 0.8032765751929279
vn -0.41708784202357896 0.42518757717322203 0.8032765751929279
vn 0.9598681028668777 0.17779408939923272 0.21689280041863637
vn 0.0020000272949897108 0.31220423532278807 0.9500129027215012
vn 0.0036999493156309976 0.9999863102813578 -0.0036999493156309976
vn -0.8949938421269455 -0.19479866529076809 0.4012972745431785
vn 0.011100053322822044 -0.9999047695477942 0.008200039744026614
vn -0.812691291583892 -0.15429835406511222 -0.5618940135973176
vn -0.8698318709558948 -0.4729173514634182 -0.1405051420916443
vn 0.582118525918675 0.7481238435125325 -0.31851018280473337
vn 0.582118525918675 0.7481238435125325 -0.31851018280473337
vn 0.8622284202995374 0.16780551628516188 -0.4779157456414619
vn 0.8622284202995374 0.16780551628516188 -0.4779157456414619
vn -0.05749857885596117 -0.40438998720262365 0.9127774381960845
vn -0.11389955800562276 -0.9878961922387077 0.10529959186239131
vn -0.11389955800562276 -0.9878961922387077 0.10529959186239131
vn -0.8583863488988042 -0.07009888789662891 0.5081919144770376
vn -0.025499978818971085 -0.9995991503321572 0.01229998924638834
vn -0.7446109473705789 -0.39400579579219164 0.5388079156230454
vn 0.9172593841535905 0.1716923991175674 -0.35938411521299835
vn 0.9664434182657392 0.17220772781612245 -0.1906085459029634
vn 0.007800167839504989 0.9999215535415806 0.009800211460337112
vn -0.41819540744226424 0.47739477196158325 -0.7727915843860794
vn 0.02650057718024711 -0.021300463064716703 -0.9994218377053516
vn -0.05460073244500435 -0.9776131185108857 -0.2032027325896234
vn -0.7285255081517633 -0.4342152111418503 -0.5298185862965298
vn 0.013600416640401621 -0.9998306152815288 0.012400379549311153
vn -0.06539794120794667 -0.39448756360688986 0.9165711491451506
vn -0.8583863488988042 -0.07009888789662891 0.5081919144770376
vn -0.8698318709558948 -0.4729173514634182 -0.1405051420916443
vn 0.9280198897102416 0.17360373374749719 0.3296070811301224
vn -0.006199853050752628 -0.9999762808434018 0.002999928790376141
vn -0.771694171675972 -0.39049705236367227 -0.5019961727908083
vn -0.8193418014405952 -0.3242165536048421 0.4728241097709364
vn -0.9721530926638305 -0.17610961653051363 -0.15460843246610076
vn 0.7969467459086498 0.45096989442814084 0.40187316221052316
vn 0.8466625655431909 -0.30708640254404346 0.4345807651983455
vn -0.09249595497416811 -0.9935565531493743 -0.0654971297642199
vn -0.968599180903665 -0.18019985411529157 0.17129985210027693
vn -0.968599180903665 -0.18019985411529157 0.17129985210027693
vn 0.015299712293496696 -0.9998811474067456 -0.001899964290763531
vn 0.8214923949320235 -0.30499719139722875 0.4817955565472254
vn -0.14089854918117345 -0.9890898021329501 -0.04299955994242469
vn -0.9178245568713955 -0.18180486371830387 -0.352909442112556
vn 0.6145159293706939 0.5525143465224955 -0.5631146148312014
vn -0.008699582503292502 0.9999520334536925 -0.004499784005255301
vn -0.1304991994571686 -0.9913938673788414 0.010399935800875284
vn -0.8897032213686772 -0.23250085236092796 -0.39290142725325
vn -0.889879084309013 -0.20999505569232185 0.4049904837081132
vn -0.2978962136719147 -0.9496879456089181 0.09669876858083086
vn -0.2978962136719147 -0.9496879456089181 0.09669876858083086
vn -0.8392460627267757 -0.08460464010974413 -0.5371295012094435
vn -0.8583863488988042 -0.07009888789662891 0.5081919144770376
vn -0.8698318709558948 -0.4729173514634182 -0.1405051420916443
vn 0.8227802996491438 -0.3620913312026957 -0.438089541506214
vn -0.06120040836036612 -0.9979066560591097 0.020900138981607655
vn -0.98379816424041 -0.17749967420342325 0.025199954263406578
vn -0.17359541765788683 -0.977674184959516 -0.11839687087051738
vn -0.8128248440820415 -0.2859087284046201 -0.507515489285852
vn -0.9398174159024729 -0.18830348297086502 0.2851052841801418
vn -0.15489687312908032 -0.7930839638010039 0.5890880961762183
vn -0.23628788255360283 -0.9684503292879053 0.07919593588362167
vn -0.23628788255360283 -0.9684503292879053 0.07919593588362167
vn -0.23628788255360283 -0.9684503292879053 0.07919593588362167
vn -0.2363107673853229 -0.9684441181352061 0.07920360640199767
vn 0.9763726913647663 0.16929526607786202 0.1342962413500426
vn -0.1168964784792055 -0.9863703062767973 0.11579651210022587
vn -0.1168964784792055 -0.9863703062767973 0.11579651210022587
vn -0.17740314697834791 0.9684172595205549 0.1752031247006652
vn -0.8474449464703838 -0.18140962611516398 0.49892645776162703
vn -0.9447452449572052 -0.3207813903039648 -0.06749608703773644
vn -0.09300055329581201 -0.9836057993883929 -0.15450090127955052
vn -0.09300055329581201 -0.9836057993883929 -0.15450090127955052
vn -0.5655181521763697 -0.1951062420541201 -0.8013256353509123
vn -0.9228044491472275 -0.36620174819261464 -0.11970057750384806
vn 0.002599956075269473 -0.999983100428219 -0.005199912150538946
vn 0.6760943571188189 -0.08149932372137444 -0.732293848468666
vn 0.6115993172539941 0.7257991923812188 -0.3148996784266682
vn 0.6115993172539941 0.7257991923812188 -0.3148996784266682
vn 0.6115993172539941 0.7257991923812188 -0.3148996784266682
vn -0.003199979400988852 0.9999936000619163 0.001599989700494426
vn 0.32558930386207613 0.931669401703972 0.1611946994760428
vn 0.32558930386207613 0.931669401703972 0.1611946994760428
vn -0.9437487849863174 -0.21208849837891552 0.2536862229058303
vn 0.6819521412405953 0.4855659167284402 -0.5469616234883729
vn -0.0582027028909417 0.996346241076089 -0.06250290609033053
vn 0.015999214873151715 -0.9998508785181794 -0.006499680751179578
vn 0.8318668394649547 -0.36588542733141 -0.41728337549571604
vn -0.005700246851587561 -0.9999432484829635 0.009000388834342002
vn -0.9121166959789961 -0.2713049619280804 0.3073056305204354
vn -0.31319974098699765 -0.9347992905316682 0.16749987661836457
vn -0.4504013906353641 -0.8606026674600268 -0.2377007279635819
vn -0.8726438256214112 -0.4021201717007282 -0.27711391360991783
vn -0.9046987154185302 -0.2492996549170401 0.3454995171896861
vn -0.4274100099620073 -0.8923209381372706 0.145203397846255
vn -0.6412074861977688 -0.3108036074680088 0.70160820778324
vn -0.9180523207528313 -0.37468055643977555 -0.12959327523571915
vn 0.85283921017435 0.4101188378344721 -0.323214820889285
vn -0.15489687312908032 -0.7930839638010039 0.5890880961762183
vn -0.37589239457672596 -0.24429505216046077 0.8938818910735874
vn -0.44318107364925385 -0.8947618127668493 0.05469766332555837
vn -0.9075714151635735 -0.244892293829584 0.3410892710140163
vn -0.007800240494171841 -0.9999308533411506 -0.008800271852119424
vn -0.5163797440794385 -0.19369241977447565 -0.8341673731490353
vn 0.6455269604592427 -0.2569107472465576 0.7192300127702311
vn -0.02019930317544423 -0.9991655642324597 0.035498780306610106
vn -0.02019930317544423 -0.9991655642324597 0.035498780306610106
vn -0.17740314697834791 0.9684172595205549 0.1752031247006652
vn -0.6055791415698227 -0.277390422162684 0.7458742903385024
vn 0.9842415563211178 0.17360732594266995 -0.03360141648233994
vn -0.3380888162227092 -0.8595716504154642 -0.3831873303583538
vn -0.6970043350770668 -0.3472021604022513 -0.6274038704819928
vn -0.10560277074845535 -0.9740255952694954 0.20030525347617387
vn -0.5197009929062076 -0.21210039698157185 0.8276015342980952
vn -0.22460017133493376 -0.9394006948816397 -0.2590001882088328
vn -0.5107095240984083 -0.2453045844761535 -0.8240154384659057
vn -0.8983805086061705 -0.40619116598657645 -0.16709637467935548
vn -0.20019697907480175 -0.9386858233644748 0.2806957331059402
vn -0.20019697907480175 -0.9386858233644748 0.2806957331059402
vn -0.4226873411919739 -0.31009071294199186 0.8515745189607231
vn -0.8476304000568637 -0.3251116644663263 0.41931504924981655
vn -0.2576001392729113 -0.9218004129955544 -0.289700132633387
vn -0.43478293170321486 -0.22849102738057037 -0.8710658142219386
vn -0.4347117913631698 -0.22840619467559903 -0.8711235668282865
vn 0.07240034978835193 0.16870080478552663 0.9830046936893232
vn -0.011400053792782423 -0.9982046716605235 0.058800274222388926
vn -0.43721135364585223 -0.26920699404440085 0.8581222678620682
vn -0.09819666270075662 -0.9951661798660298 0.001299955878667857
vn -0.09819666270075662 -0.9951661798660298 0.001299955878667857
vn -0.9540168791819434 -0.23060408594326684 -0.19150339365717647
vn -0.0017000700535194863 -0.9991411354889184 0.04140170450268798
vn -0.031201295852663614 -0.22070916207843322 0.9748404715191868
vn 0.24949476178251112 -0.3750920974088065 -0.8927812062899569
vn -0.09809941185970601 -0.974294184413583 -0.20279878601868145
vn -0.09840249249706194 -0.9743247011873021 -0.20250512617373462
vn -0.10599846890326158 -0.9561862126154631 -0.27289604503228093
vn -0.34991636122214836 -0.17990840585820267 -0.9193429749830101
vn -0.021699622669836778 -0.9985826197885634 0.048599154644866485
vn -0.536428644356319 -0.8435450416486643 -0.026001388885884418
vn -0.9761329799654601 -0.18490624257987306 0.11390384927096871
vn -0.9761329799654601 -0.18490624257987306 0.11390384927096871
vn -0.8958291141134689 -0.4389142553683414 -0.06960226103462457
vn -0.8958291141134689 -0.4389142553683414 -0.06960226103462457
vn 0.8121173737925339 -0.02110044968375323 0.5831124610291407
vn 0.8342254398469878 -0.4903149445856156 -0.25230769038636924
vn -0.217294184342082 -0.9718739826022779 0.0907975737115076
vn -0.2543108941886009 0.14400617113240985 -0.956341043651676
vn 0.9395573943732073 0.24778876176609504 -0.23628929772855709
vn 0.6604205996064405 0.4992155753453368 0.5609174992350425
vn 0.6604205996064405 0.4992155753453368 0.5609174992350425
vn -0.010900405862159254 0.9999372083529608 0.0026000967919327053
vn 0.5806048663441306 -0.11010092038124143 0.8067067475289381
vn 0.8448063261894119 -0.34140256559458065 -0.4120031060996837
vn -0.33600066546357277 -0.8971017782382443 0.28690059653095207
vn -0.35899980201528453 -0.8749995424341855 -0.32479985051251536
vn 0.058498696268300905 0.9982777886941436 0.004399901685234739
vn 0.13790058549694675 0.9691041328528427 0.20450087581020032
vn -0.33942395988871993 0.6393451196378038 0.6899486889970754
vn -0.47809142363104373 0.2754950677833054 -0.8339850467949134
vn -0.015599576413652406 -0.9966729661435937 0.07999782355942875
vn -0.11720406251949017 -0.19420671442933748 -0.973933755344525
vn 0.04399857327895706 -0.011299634404886336 0.998967689072941
vn -0.014600104568940456 -0.9968071522989448 0.07850056096770594
vn 0.6696948634631509 0.7058945535937824 0.23069822075106344
vn 0.6696948634631509 0.7058945535937824 0.23069822075106344
vn 0.9535878516595656 0.16219793627375811 0.2536967454182814
vn -0.00830028094383551 -0.9983338490000355 0.057101937594338514
vn -0.12769817636144787 -0.20409709634715087 -0.9705861893807382
vn 0.07049961120424024 -0.997394464291856 -0.015299915686457074
vn -0.5393986213728976 -0.8402979541882999 -0.0542998660032899
vn 0.7625002040526705 0.6069001376795498 -0.22420004840360663
vn 0.7625002040526705 0.6069001376795498 -0.22420004840360663
vn 0.03219989991306698 -0.9566970264263666 0.28929909448965896
vn 0.03239968976606257 -0.9566908521058305 0.28929720634683437
vn 0.28019391178577163 -0.3670920259749047 0.8869807304918339
vn -0.4371850463159795 -0.32788878473698463 0.8374713010732954
vn 0.2498887274318453 -0.3382847531359815 -0.9072590863133975
vn -0.3276133933375665 -0.8866362241054351 -0.32641334318606174
vn -0.5067916688912671 -0.24879590597061127 -0.8253864558585071
vn 0.8575961267111365 -0.3733983235878349 -0.353698424355906
vn -0.11570611314748601 -0.9619508151743739 0.24751307958501703
vn -0.5428152424976421 0.08010224621077787 -0.8360234701634958
vn 0.5806048663441306 -0.11010092038124143 0.8067067475289381
vn 0.8102527076016693 -0.27691801751007156 -0.5165336014263309
vn -0.8287554959071702 -0.31858288474974356 0.4600752911732943
vn 0.20319996798731924 0.929399908711159 -0.30809995569237236
vn 0.5700202001877028 0.7909280676717677 -0.22250789457224895
vn -0.05120174323700776 0.9983339988845977 0.026600905258648083
vn -0.11610380845203565 0.934530638384244 0.33641104557381935
vn -0.403504186507976 0.42590444612868 -0.8098084799743449
vn 0.8121173737925339 -0.02110044968375323 0.5831124610291407
vn 0.8342254398469878 -0.4903149445856156 -0.25230769038636924
vn -0.8358133337495814 -0.2986047531013379 0.4607073610782661
vn 0.07049961120424024 -0.997394464291856 -0.015299915686457074
vn 0.8973040982755723 -0.33460154405863457 -0.2879013058869994
vn -0.013599881567271923 -0.9992912761537236 0.03509969550321529
vn -0.5196192677284859 -0.8538316783085889 -0.031101153066250303
vn 0.2756024266355787 -0.37500330333677084 0.885107804122803
vn -0.08759860216794021 -0.8057871706926156 0.5856906354428185
vn -0.3733137729891379 -0.24070889499210182 0.8959330637766951
vn 0.06270065861224508 -0.9046094952389707 -0.4216044218614001
vn 0.2578925854178924 -0.26899228057766494 -0.9279733656609449
vn -0.4164034540570903 -0.3229026883113686 -0.8499070639373554
vn 0.04289905704938454 -0.943879301482203 -0.3274928016579025
vn 0.8121173737925339 -0.02110044968375323 0.5831124610291407
vn -0.7277023687292625 -0.16640054939555943 0.665402224001901
vn 0.3159894860520607 -0.33758874843946046 0.8866704470273231
vn -0.022900124503915178 -0.9794053218109868 0.20060109647263336
vn -0.17740314697834791 0.9684172595205549 0.1752031247006652
vn -0.3634890994458089 -0.2772916985507114 0.8893733684448484
vn 0.02130031386951657 0.9997147859186725 -0.010800159473037476
vn 0.06319814505901665 -0.9971707984797432 0.040698809815166645
vn 0.7736979593584801 -0.5785984896217164 0.2580993132342517
vn 0.8342254398469878 -0.4903149445856156 -0.25230769038636924
vn -0.2543108941886009 0.14400617113240985 -0.956341043651676
vn -0.8682003988045297 -0.3581001665652641 0.3435001284156756
vn 0.04399978297023752 -0.915895506559514 -0.3989980453118325
vn 0.5806048663441306 -0.11010092038124143 0.8067067475289381
vn -0.8198774834168939 -0.30729155912285394 0.4830867519171133
vn 0.20770258776602699 -0.7169089170654485 -0.6655082566485121
vn 0.20770258776602699 -0.7169089170654485 -0.6655082566485121
vn -0.18620751188000528 -0.21570871063561964 -0.9585387392668989
vn -0.1861896624876026 -0.21568804527209634 -0.9585468568147594
vn 0.8285322791779535 -0.30861204886440924 -0.4672182205949347
vn -0.5428152424976421 0.08010224621077787 -0.8360234701634958
vn -0.8337023213859546 -0.325200913606668 0.4463012492757095
vn 0.03709859635779871 0.8982659840868603 0.43788345022476627
vn 0.10379704586476705 0.007299792255459065 0.9945717099851447
vn -0.08180321196306904 -0.9677380260854808 0.23830935227284364
vn -0.5829896474291854 -0.8120855888881672 -0.025299551587983776
vn -0.5829250892089713 -0.8121349922396339 -0.025201086298855813
vn -0.6215037012354206 -0.22130131382822324 0.7515044097332865
vn -0.890952730025952 -0.4477762695897032 0.07549599493769736
vn -0.9411975694219161 -0.08379978644575628 -0.32729914620408496
vn 0.7239058476026362 0.6872055399780936 -0.060900489572135966
vn 0.7239058476026362 0.6872055399780936 -0.060900489572135966
vn 0.9797498872331724 0.1772090140989941 -0.09320474123481265
vn 0.06300123054888809 -0.9972195059303041 -0.039800778151261304
vn 0.9052197048830943 -0.33250724210255783 -0.26460578194875994
vn 0.7041995107270687 0.4791996194529411 -0.5238995837065663
vn -0.008399693855604571 0.9999635969907785 0.0014999454644040353
vn 0.614910896287495 0.7877139393967644 0.03730066094508421
vn 0.614910896287495 0.7877139393967644 0.03730066094508421
vn 0.9844221831481718 0.16340368592228682 0.06490146957348505
vn 0.10050383076832915 -0.981937335814199 0.16030610885117244
vn 0.10050383076832915 -0.981937335814199 0.16030610885117244
vn 0.5079241280599 -0.277913236319182 0.8153387720531808
vn -0.15489687312908032 -0.7930839638010039 0.5890880961762183
vn -0.3305994951867593 -0.1827997148678314 0.9258986110943787
vn 0.2051051540119267 -0.9768245735530281 0.06120153838498288
vn 0.2051051540119267 -0.9768245735530281 0.06120153838498288
vn 0.2051051540119267 -0.9768245735530281 0.06120153838498288
vn -0.2543108941886009 0.14400617113240985 -0.956341043651676
vn -0.7920038741232037 -0.23850116257542076 0.5620027213670847
vn 0.16589860759226976 -0.9783917152656617 0.12339896068631347
vn -0.5428152424976421 0.08010224621077787 -0.8360234701634958
vn -0.8240780411028775 -0.31249166204991635 0.472487400172031
vn 0.017500591749860624 0.9998338449593822 0.0051001727561615804
vn 0.128302770431002 0.005200112342209872 -0.9917214114515014
vn 0.12820441097154908 0.005200179057822513 -0.9917341312797521
vn 0.5252726068096671 0.06489661323668397 -0.8484557254953173
vn -0.05200189290609158 -0.9860358717792828 -0.15820576063675226
vn -0.1004961310412536 -0.3017883758365714 -0.9480634492773483
vn 0.03420092572618149 -0.9766263464602 0.21220573997720563
vn 0.07240034978835193 0.16870080478552663 0.9830046936893232
vn 0.47390636865921554 -0.4908066100570804 0.7311098585496661
vn -0.2698975641107367 -0.33859694972506127 0.9013919294757275
vn 0.006800288844654205 0.9999424284572053 -0.008300351964614216
vn 0.6045174945631296 0.7852227364261849 0.13410388870756323
vn 0.6045174945631296 0.7852227364261849 0.13410388870756323
vn 0.5700202001877028 0.7909280676717677 -0.22250789457224895
vn -0.1829975655097374 0.9722870975434302 0.14549807891543173
vn 0.10189560118118796 0.9783578455626886 0.180092233274672
vn -0.47809142363104373 0.2754950677833054 -0.8339850467949134
vn 0.5549809231174597 0.8196718536980863 -0.14189512757961611
vn 0.5549809231174597 0.8196718536980863 -0.14189512757961611
vn -0.007899734141965356 0.9999663766979221 -0.0021999259341130557
vn 0.2014956984190655 0.9520796834377099 0.23009511056031448
vn 0.761727749469958 0.2163078931593303 0.6107223027239178
vn -0.4180195563834814 0.2182102026588549 0.8818412317058774
vn -0.4414959822775506 -0.8899918739204854 -0.11399895608418448
vn -0.5990865077756515 -0.3908911545711236 -0.6987842739209492
vn -0.890952730025952 -0.4477762695897032 0.07549599493769736
vn -0.9411975694219161 -0.08379978644575628 -0.32729914620408496
vn 0.058199111015705164 -0.9585853142771149 0.2787957293956026
vn 0.05820306471255111 -0.9585504664817147 0.27891469388641704
vn 0.5897010309378182 -0.3212005654921976 0.7410012758682449
vn 0.2587881801003921 0.9096583538186277 -0.324885144579298
vn 0.7930065612870094 0.2349019535082127 -0.5621046752996972
vn -0.39499863485879744 0.17009942019830354 -0.9027969127704676
vn 0.7618389382119926 0.21981123818267378 0.6093311511753059
vn -0.0002999911165132643 0.9998703492836779 -0.01609952262229557
vn -0.4210922416517795 0.129097616368957 0.897783453550205
vn 0.012700188451313384 0.999914848847423 -0.003000044622390381
vn 0.792920940518145 0.23730626506077654 -0.5612148596132542
vn -0.3870031618410405 0.08440068639792908 -0.9182075347439683
vn 0.07049961120424024 -0.997394464291856 -0.015299915686457074
vn 0.9332236866296131 -0.29260741481156455 -0.2085052793353844
vn -0.017999959430989077 -0.11589975218134288 -0.9930978042996501
vn -0.14020813761794435 -0.9210534534303988 -0.36332108949198616
vn 0.03379925902317897 -0.17049626082154737 0.9847784700811422
vn 0.9354161962846379 -0.2788048488718889 0.217403762556914
vn -0.06080188493449574 -0.9618297643275345 0.2668082368332199
vn -0.060803506774912405 -0.9618554155086981 0.26671537867258943
vn 0.29810678319415446 0.9541217480074407 0.028000639150903825
vn 0.5700202001877028 0.7909280676717677 -0.22250789457224895
vn 0.7990330920964649 0.2582106547366119 0.5430224447619567
vn 0.7990692323651659 0.2581900379451406 0.542979066072746
vn -0.05329772635956587 0.997057471284829 0.055097652581605386
vn -0.24968896696727644 0.9650573708252665 -0.0794964828821905
vn -0.11499902004534059 -0.2571978005096668 -0.9594918013206789
vn -0.22659618933878933 -0.9178845793839233 -0.3257945148499859
vn -0.5990865077756515 -0.3908911545711236 -0.6987842739209492
vn -0.9411975694219161 -0.08379978644575628 -0.32729914620408496
vn 0.09839776639380529 -0.9848776791488518 -0.1425967625266498
vn 0.4917885468228649 0.857680048679979 -0.15009649999305022
vn 0.6350098147687607 -0.32970508389925063 -0.6986108307193154
vn -0.047199816100995814 -0.0976996135988592 -0.9940960531370525
vn 0.006599955131866834 -0.9963931842773516 -0.08459942622676223
vn -0.27240243538468656 -0.11890107386435161 0.954808592247889
vn -0.22810758950475804 -0.9630320198902048 0.14330476711024281
vn -0.6207732588504685 -0.21939054238430938 0.7526674903358639
vn -0.890952730025952 -0.4477762695897032 0.07549599493769736
vn 0.20360522896979444 -0.9049232350864768 -0.37370957886677547
vn 0.2501916056990021 -0.2771906893333286 -0.9276688429524134
vn 0.8484335340881715 -0.2904114654458591 -0.44251747871947844
vn 0.030199706484418443 -0.9986903028335006 0.041299597511180945
vn 0.04669942768285188 -0.14459823262264604 0.9883878361131836
vn 0.9550302277662763 -0.21130669667917645 0.20800659602817567
vn 0.005900171244120807 -0.07680222692923588 -0.997028889209335
vn 0.04710060302003466 -0.9981127858607869 -0.039400506295831986
vn 0.9369121360224802 -0.2819036295395125 -0.20670266816430521
vn 0.1302009067935254 -0.9290065112646881 -0.3464024045787741
vn 0.1301963916583067 -0.9289743241616 -0.3464904106142843
vn 0.24429937603610233 -0.29699923866643346 -0.9230976476516066
vn 0.8269195003990714 -0.2209052157074162 -0.5171121982055832
vn 0.6138950632660771 0.7868936549337959 0.06269949858229576
vn 0.6138950632660771 0.7868936549337959 0.06269949858229576
vn -0.0058998611898178725 0.9999764708299906 -0.003499917761526316
vn 0.28660389190259367 -0.9067123345406553 0.30940418797766983
vn 0.3092931493727252 -0.3431923968514674 0.886880333807468
vn 0.910963168198208 -0.2687891395722369 0.3128873673293633
vn 0.0044999263009999095 -0.9995836769275159 0.02849953479187041
vn 0.22230854319964208 -0.008700335276795776 0.9749375445568418
vn 0.06459926288968508 -0.9778888623108548 -0.1988977330250183
vn 0.5464810975667629 0.0008999687858998239 -0.8374709547550951
vn -0.026900747507264487 -0.3986110943245575 -0.9167254470477676
vn 0.3905843458379795 0.8837646160104193 -0.25768968212614557
vn 0.3905944186903145 0.8837873842320861 -0.25759631123170623
vn -0.19839798025478803 0.9752900059174098 0.09719900096420436
vn 0.12930422731056113 -0.9801320213597902 0.15040491183731536
vn 0.12930422731056113 -0.9801320213597902 0.15040491183731536
vn 0.3485989069758552 -0.3094990371386476 0.8846972069954154
vn 0.9073263368183125 -0.23110669724975377 0.3512102119844647
vn 0.5093774006572116 -0.689369413970632 -0.5150771542026396
vn 0.509386299209727 -0.6892814015408703 -0.5151861291487496
vn 0.9568595794329231 -0.27398840603287616 -0.09669590791245146
vn 0.2516930293604507 -0.9676732006772181 -0.016099554728859305
vn 0.25169346107654195 -0.9676747464777149 -0.015999583763377824
vn 0.8594704591495237 -0.34708805762156475 -0.37528710356978195
vn 0.9119566067370858 -0.3045855159323124 0.2748869056772754
vn 0.2642096815832737 -0.964435316610525 -0.007600278417363374
vn 0.7506494978159947 -0.35372334059080424 0.5580368533975842
vn 0.9664234793742396 -0.24970606679300414 -0.06060147457740995
vn -0.021499204851821566 -0.9991630666044047 0.03479871440759531
vn -0.4125107580723448 -0.11610303225950089 0.9035236357587602
vn 0.2709963890347514 0.013399820639385766 -0.9624870918287466
vn 0.27090374165459996 0.013400183321521347 -0.9625131676213513
vn -0.013200275964063793 -0.9993209409459407 0.03440072239637136
vn -0.07539768507427481 -0.28529122435523 -0.9554706203705765
vn -0.1258041986125711 -0.9826327393938918 -0.1364045566786703
vn -0.5990865077756515 -0.3908911545711236 -0.6987842739209492
vn 0.3442952314589802 0.8946875877104078 0.28459605406881266
vn 0.7703805470807884 0.3754905125429915 -0.5152869954401204
vn -0.01670018011925671 0.9943107290251257 0.10520113178814913
vn -0.47809142363104373 0.2754950677833054 -0.8339850467949134
vn 0.4917885468228649 0.857680048679979 -0.15009649999305022
vn 0.7711406190864796 -0.22031162224164852 -0.5973315115580078
vn 0.9680440645101219 -0.2449858393121561 -0.05359690012716744
vn 0.04190200224655614 -0.9930473637008955 0.11000525284926661
vn 0.07240034978835193 0.16870080478552663 0.9830046936893232
vn 0.5264309917240435 -0.4252249635214882 0.7362432623464811
vn 0.5263698350982895 -0.4252755958349578 0.7362577431075487
vn 0.9098726700790264 0.00019999398917822377 -0.41488755614704464
vn -0.07699829465596408 -0.12329726867359744 0.9893781108139112
vn -0.13189423697336172 -0.9898567137542064 -0.052797693973677555
vn 0.379292329351917 -0.18109633986656914 0.9073816421890676
vn -0.016899442720653468 -0.8563718412792635 0.5160830149304428
vn -0.6221751629592728 -0.22359107646386642 0.7502700161424095
vn 0.1988033930963686 -0.975616683993368 0.09300159572370498
vn 0.4917885468228649 0.857680048679979 -0.15009649999305022
vn 0.6692701203251316 -0.27218784357346987 0.6913691371841879
vn 0.9731803972985906 -0.22819539530649288 -0.02909941364823108
vn 0.14409487094084794 0.048698273044894866 0.9883648852377268
vn 0.5772701154334291 -0.2400875543068382 -0.7804595954272308
vn 0.9098726700790264 0.00019999398917822377 -0.41488755614704464
vn -0.010599825776879103 -0.9997835987032834 0.017899705511877702
vn 0.29180603868396776 -0.6507134359280833 0.7010144507000116
vn 0.39010800237695814 -0.16470337697561055 0.9059186189135805
vn -0.12340520229143849 -0.869636655387887 0.47802012892050766
vn -0.6215895759810445 -0.2217962950459787 0.7512874300396504
vn 0.04069918815824414 -0.9923801825845614 0.11629767537097291
vn -0.40460170170968074 -0.1692007219810285 -0.8987038325581622
vn 0.3568049348775662 0.930312866075102 -0.08490117585843664
vn 0.3568049348775662 0.930312866075102 -0.08490117585843664
vn 0.7934209403297213 0.22410591586312334 -0.5659149670413847
vn 0.811663239089193 0.22708972601319205 0.538175661518145
vn 0.17800013433515335 -0.9834006865943774 -0.03520002531780955
vn 0.845923079305892 -0.280607674913196 -0.45351237764525004
vn 0.9106501807344888 -0.2641855440698325 0.31768261934322006
vn 0.001200043912803828 0.9999365533528223 0.011200409076733604
vn 0.3754107005304566 0.028300806482382392 0.9264263976591334
vn 0.4452030297783617 0.836105632887256 0.32050215745041144
vn 0.761002731668536 0.19860071263946963 0.6176022986778148
vn 0.8365989523198363 0.18199976407914048 -0.5166994086047414
vn 0.5772701154334291 -0.2400875543068382 -0.7804595954272308
vn 0.9098726700790264 0.00019999398917822377 -0.41488755614704464
vn -0.12700581016462092 -0.9918453276259096 0.010600483530490248
vn -0.693277623622631 0.14429534026813012 -0.7060771851299703
vn 0.7611964806728442 0.20279906332326453 0.6159971247712793
vn 0.8539886848261862 0.0941987543427518 -0.5116931901726998
vn -0.012700209074891536 0.9999164687608685 0.0024000396348809465
vn 0.1456032657075209 -0.9768218750538596 -0.1569035163135835
vn 0.1456032657075209 -0.9768218750538596 -0.1569035163135835
vn 0.6877043201854324 -0.1501009454361599 -0.710304493986532
vn 0.7933137866246968 0.22650394915088587 -0.5651098981350778
vn 0.8117710383303571 0.2266919008157518 0.5381807906573728
vn -0.00620009815697275 0.999915793789936 -0.011400180362005054
vn -0.017200549562495625 -0.9995318955560948 -0.025300807512572267
vn -0.49629657341370204 -0.1746987959087534 -0.8503940509704014
vn -0.4962211823513427 -0.174707456585556 -0.8504362661594588
vn 0.2040006202223413 -0.9610029373652866 0.18670056594502166
vn 0.2040006202223413 -0.9610029373652866 0.18670056594502166
vn 0.6700657034290122 -0.13799293389113887 0.7293626692423317
vn 0.5772701154334291 -0.2400875543068382 -0.7804595954272308
vn -0.010599825776879103 -0.9997835987032834 0.017899705511877702
vn -0.693277623622631 0.14429534026813012 -0.7060771851299703
vn -0.9745729202511031 -0.21009414605332033 -0.07789783634583872
vn 0.31040529580077386 0.18150309156004638 0.9331158449479784
vn -0.010599825776879103 -0.9997835987032834 0.017899705511877702
vn -0.9745729202511031 -0.21009414605332033 -0.07789783634583872
vn 0.05840082466444965 -0.034000482409276354 -0.997714042636691
vn -0.009700159372599805 -0.8922146402706851 -0.4515074114505743
vn 0.05640033171260391 -0.020100118276171985 0.9982058844887621
vn 0.0789007776687185 -0.9844096410936392 -0.15720154517422585
vn -0.693277623622631 0.14429534026813012 -0.7060771851299703
vn -0.9745729202511031 -0.21009414605332033 -0.07789783634583872
vn 0.19809198307994455 -0.9046633722471398 0.3772847056983468
vn 0.19809198307994455 -0.9046633722471398 0.3772847056983468
vn 0.4558162901940487 0.015900568739073705 0.8899318409336239
vn 0.29180603868396776 -0.6507134359280833 0.7010144507000116
vn 0.5414931235095634 -0.8143897142309938 0.20869736593119076
vn -0.043999161090984 -0.9970809708476094 0.06239880925849815
vn 0.05949849400500564 -0.9098769663230948 -0.4105896191647056
vn 0.7173900741292574 -0.21399702252664382 -0.6629907660673335
vn -0.07939591042119508 -0.28258543435538575 -0.9559507109148292
vn 0.12639541173850227 -0.9701647778743072 -0.20689249300917265
vn 0.7433358337571213 -0.2559123305150948 -0.61802970587419
vn -0.02589916531939269 -0.31938971932305144 -0.947269465583316
vn 0.06979656724106652 -0.06329688956846649 0.995551075019419
vn 0.13389643153761868 -0.9034759222635999 0.4071891495502175
vn 0.1536977356089536 -0.9830855189725608 0.09959853641058504
vn 0.1536977356089536 -0.9830855189725608 0.09959853641058504
vn 0.6656037036118667 -0.2018011199784921 0.7185040137073646
vn 0.6656037036118667 -0.2018011199784921 0.7185040137073646
vn 0.9416740313195238 -0.25509297242316625 0.21949395016435044
vn 0.13350284104251484 -0.9895210269576626 -0.05500116946238102
vn 0.6146052014972203 -0.33040279855722776 -0.7163061056546377
vn 0.9455212505494585 -0.22960515686579341 -0.23080519209936115
vn 0.06899779027875358 -0.9963681319378784 -0.04989840273266641
vn 0.6040245963262065 -0.24450996812201767 -0.7585309239061605
vn 0.971811425967859 -0.13250154423201085 -0.195002290074884
vn 0.15059941492519094 -0.9879961868322968 0.034399869607766906
vn 0.7136625928797237 -0.09539499509774235 0.6939636146329946
vn 0.9630046949688985 -0.1894009236123633 0.19170093271197897
vn 0.17789563521044705 -0.9837758532480664 -0.023199429715198273
vn 0.7346391999101032 -0.4083217825739119 -0.5418289101101073
vn 0.9912544805248248 -0.039202156301820786 0.12600692751094023
vn 0.1784984402454777 -0.9838913906088478 0.009799914066934274
vn 0.7434137251774152 -0.43620805689710673 0.5070094321764526
vn 0.9908456357451653 0.027801279592878637 -0.13210607471936292
vn 0.7272570622173729 -0.3304805110908555 -0.6015644580957914
vn 0.9947247194178405 0.015500384829592751 0.10140251796298241
vn -0.001699997476691384 -0.9999985100033116 -0.000299999559846214
vn 0.010499542160988366 -0.9998564322035072 0.013299420877731463
vn 0.7271921803337863 -0.3541961990492154 0.5879936950686483
vn 0.9905068792740519 0.08310057899425644 -0.10950075744759989
vn 0.06920296649822286 -0.9949425388479541 -0.07280311681949461
vn -0.6904278677277048 -0.11850478235174829 0.7136287382278964
vn 0.013799892515513806 0.9997922616605586 -0.014999883007067605
vn 0.5574892491494396 -0.00039999228726749874 -0.8301840621747468
vn 0.29180603868396776 -0.6507134359280833 0.7010144507000116
vn 0.3726869453581508 -0.19109330712743933 0.9080681630421303
vn 0.5414931235095634 -0.8143897142309938 0.20869736593119076
vn 0.9570059499125111 -0.27690171393434276 0.08640053618048812
vn 0.12499572616971084 -0.9752666572878587 -0.18229376188414398
vn 0.5414931235095634 -0.8143897142309938 0.20869736593119076
vn 0.7651027140118348 -0.2953010383338755 -0.5722020043399529
vn 0.9584126821826363 -0.2697035600859378 0.09330123422793368
vn 0.08799942513564755 -0.9946935448461545 0.05329965306816588
vn -0.752396021154376 -0.10739943014549251 -0.6498965992798296
vn -0.752396021154376 -0.10739943014549251 -0.6498965992798296
vn 0.25240433099954757 -0.9068155246970481 0.33760577284917415
vn 0.25240433099954757 -0.9068155246970481 0.33760577284917415
vn 0.25249794032362116 -0.906792637339141 0.33759724969237287
vn -0.01900017633773965 -0.999609291416609 0.020500190553242016
vn -0.7815003492423874 -0.12180005910714346 0.6119002776069995
vn 0.17240404580117805 -0.9710228160077372 0.1655038844975831
vn 0.17240688751352448 -0.9710388844267425 0.16540662039098147
vn 0.36478472926253 -0.20269151516388 0.9087619330591667
vn 0.9554065824544773 -0.28450196274412115 0.07910053980472484
vn 0.468694201465945 -0.7483907325026621 0.46929421157343204
vn 0.468694201465945 -0.7483907325026621 0.46929421157343204
vn 0.6572016615327964 -0.004400011244249026 0.7537019410745751
vn 0.6572016615327964 -0.004400011244249026 0.7537019410745751
vn 0.2916947341858 -0.9551827647734734 -0.050399086578814714
vn 0.2916947341858 -0.9551827647734734 -0.050399086578814714
vn 0.738558156767639 -0.2478859518518306 -0.6269644359503175
vn 0.9568795844702536 -0.277494081118544 0.0858981709247036
vn 0.7040084688475474 -0.05690068077662212 -0.7079084604086102
vn -0.017800107237221172 -0.999606052625199 0.021700132198018595
vn 0.004799924843638542 0.9999842753694702 -0.002899954360200973
vn 0.6947927989781993 0.024499745753041587 0.7187925493117437
vn 0.6947927989781993 0.024499745753041587 0.7187925493117437
vn -0.002600000154068643 -0.9999000099986104 -0.013900000143092811
vn -0.839523474570514 -0.146804090874418 -0.5231146093807618
vn -0.2389988708520924 -0.970295471905519 0.03749982574720811
vn 0.029800025919204418 -0.9994009195165144 0.017600014907955326
vn -0.9357857172935352 -0.10619838609346262 0.3361948751848659
vn -0.2709987834281205 -0.955095675089337 -0.11979946079228493
vn 0.06999819048914394 -0.9956742622139605 -0.06109841972531665
vn 0.06999776518752461 -0.9956681737421128 -0.06119804462397516
vn 0.14779919982483444 -0.21169885357384277 -0.9660947116751336
vn -0.7572251161923036 -0.1190039472368539 -0.6422212889258658
vn -0.977920232426898 0.20860432050481081 -0.012500259071232917
vn 0.12849807141379152 -0.16019761184577247 -0.9786853277748918
vn -0.1361939329650427 -0.9455578456472743 -0.29558682845891254
vn -0.7572251161923036 -0.1190039472368539 -0.6422212889258658
vn 0.03369923229413968 0.05919865007365328 0.9976772431865141
vn -0.044000151489108914 -0.9916034113382097 0.1216004164933685
vn -0.953133011543501 -0.18830651841830745 0.23680818699359146
vn 0.11160518386054286 0.9890459319053012 -0.09660449014941684
vn 0.8289440316429124 -0.042302251077426196 -0.5577296046987075
vn -0.009800481571466488 -0.9999490937017506 0.0024001179168627613
vn -0.9609458066624533 -0.07160340711536085 -0.26731275455413406
vn 0.008300200708691727 -0.9999241434567202 -0.009100219807251219
vn -0.5155127409817107 -0.856821199982063 0.010200252292041462
vn -0.9954191522963632 -0.0956018368190784 -0.0010000192038468188
vn -0.4802888798891522 -0.859780049723701 -0.17349598828772378
vn -0.7572251161923036 -0.1190039472368539 -0.6422212889258658
vn -0.979327718559107 0.2019057233196197 -0.012300347661573464
vn 0.0041999274273938495 -0.9999827754456475 0.004099929465753885
vn -0.6158346345312955 -0.7878443357645168 -0.0070003939512845465
vn -0.9943528590487365 -0.1060949682779602 0.002499881537690828
vn -0.2310937907520052 -0.9681740262598576 0.09609742323103657
vn -0.993428889070066 -0.08880258379573226 0.07220210157756
vn -0.05259971289642822 -0.9981945098247815 -0.028999840669860295
vn -0.9885997734127145 -0.08669997718308262 -0.1230999673630432
vn 0.014899508750007498 -0.9985670829225738 0.0513983029146851
vn 0.014899585135756824 -0.9985722100813521 0.05129857323577509
vn 0.018500529038973854 0.09580273082465394 0.9952283995102919
vn -0.9904928928451768 -0.10289926211762651 0.09129934873174757
vn -0.015499684493177896 -0.9998796276555587 -0.0006999857092450829
vn -0.9664326422912509 -0.21070711560512445 0.14700496368259094
vn 0.008800150859867009 -0.9999170937221069 -0.0094001610187685
vn 0.47220660749482674 -0.7752108329840331 0.4196058677645347
vn 0.8779802539266268 -0.0026999393679313327 0.4786892353524838
vn 0.13829554694990534 0.9893682184587882 0.04499855550470708
vn 0.9145010306782532 0.008200009526574745 0.4045004632039091
vn 0.0029001235607325577 0.9997426149203386 -0.022500959881209755
vn 0.9645375715530176 0.013300517829706747 -0.2636102602101618
vn 0.9681019632452722 -0.005300010472062287 -0.25050049630618615
vn -0.01330003614031039 -0.9999027297402362 0.004200011510763552
vn 0.15369844917984155 0.9866900392477518 0.053099464865304126
vn 0.9826452986905474 -0.0182989821857971 0.1845897185986496
vn 0.005599793493595403 0.9999631970316608 0.006499761153234793
vn 0.9981137240587881 0.060800837549310094 0.008500117575640268
vn 0.9990884805325502 0.03289962234713157 -0.02719968596466058
vn -0.013100101315161304 0.9999077093139145 -0.0036000277961237433
vn 0.9997093673305824 -0.02410022540864505 -0.0006000056161809468
vn -0.035900436122445464 -0.9993120966898129 0.00930011266748947
vn 0.9997529077755373 0.02209895780766387 0.0023998871167843516
vn -0.006799805880312365 0.9999714362233071 -0.0032999056784421576
vn 0.9945568470055334 0.007899656913833097 0.10389549314121119
vn -0.036300974469306954 -0.9993268473056727 -0.005300142138061129
vn 0.9992672145461854 0.03529884272653868 -0.014799514697273275
vn -0.027700395457985885 -0.9996142695944112 -0.002000028675642566
vn 0.9998694144543749 -0.016099508024569414 0.001399957153727814
vn -0.010400477484589716 0.9999459085706457 -0.00010000459287704513
vn 0.005899753175864205 -0.1662930329930783 -0.9860587305482503
vn 0.1560992501492255 -0.9864952547016788 -0.049599763647820566
vn 0.8989075476150731 -0.08900074714108484 -0.42900359887649414
vn -0.028399958243518413 -0.8079988682453276 0.5884991684667331
vn -0.05699805583709475 -0.4091860681319474 -0.9106689756862856
vn -0.4438136955594165 -0.8960276522210504 0.01280039410040675
vn -0.6691942570304764 -0.054399533103191275 -0.7410936089021299
vn 0.05689788905964362 -0.5191807677258024 0.8527684097363147
vn 0.233909874385629 -0.9635407296933883 -0.12990547673917405
vn 0.9555691920829995 -0.08039740585474758 0.2835908607019463
vn -0.31180086366079923 -0.8694023983992993 -0.3833010449736939
vn -0.31180086366079923 -0.8694023983992993 -0.3833010449736939
vn -0.6438783862883581 -0.1223959002036899 0.7552746965733914
vn 0.2866868222851058 -0.2690876559606369 -0.9194577202556288
vn -0.026798937358613637 -0.9462625283451096 -0.32228720794715054
vn -0.46039948730632496 -0.3575996227556351 -0.8124991211645097
vn -0.10169762954671219 -0.5825864152264708 0.806381213160469
vn -0.10169990528202406 -0.582699487267679 0.8062992228717646
vn -0.014200580761702808 0.1855075893213034 0.9825402168920256
vn 0.008900013698168363 -0.9882015525815345 -0.1529002329351299
vn 0.35049281141301714 -0.40309176558609994 -0.8453826457081314
vn -0.4898905414035161 -0.33419352483124815 -0.8051844170152794
vn 0.05689788905964362 -0.5191807677258024 0.8527684097363147
vn 0.8989075476150731 -0.08900074714108484 -0.42900359887649414
vn 0.9555691920829995 -0.08039740585474758 0.2835908607019463
vn -0.05699805583709475 -0.4091860681319474 -0.9106689756862856
vn -0.014999714250391124 0.15889697308331965 0.9871812196944214
vn -0.09099817998781908 0.8232835433053641 0.5602887992468432
vn 0.0029998748674538757 0.9967584360370534 0.08039664756535099
vn 0.0029998748674538757 0.9967584360370534 0.08039664756535099
vn -0.014400163390550067 0.49370562087880016 -0.8695098591775736
vn 0.003899812879732561 0.19919045006635477 -0.9799530376818401
vn 0.04610108292006866 -0.8040188637460635 0.5928139310897524
vn 0.2038957935997981 -0.9709799944549079 0.12499742285605557
vn 0.9214345180814604 -0.2385089239116818 0.3067114639241226
vn -0.31719395357330243 -0.05469895499007618 -0.9467819285028265
vn -0.44188496908270364 -0.8859698262682054 0.14069520617655737
vn -0.4418911963551643 -0.8859822808060945 0.14059718589442752
vn -0.20440825792235304 -0.5047204119692109 -0.8387339088380646
vn 0.36849917058230053 -0.34709922666693005 0.8623981030402231
vn -0.012799677363178346 0.9921750367492445 0.12419687882967899
vn -0.17040655344163108 0.42661643847571673 0.8882342151518593
vn 0.8989075476150731 -0.08900074714108484 -0.42900359887649414
vn 0.9555691920829995 -0.08039740585474758 0.2835908607019463
vn -0.4779090384869531 -0.8773166124019929 -0.04380082802832751
vn 0.13940269141460265 -0.5195099855454979 0.843016170986584
vn -0.3364823822803564 -0.8792540416074949 0.3371823493776354
vn -0.592398057611317 -0.14819951609731696 0.7918973700971986
vn -0.053202157492193244 0.20630837074191952 -0.9770396033938391
vn -0.062001013821932224 0.20680337420822503 0.9764160172288989
vn 0.004099837848519644 0.9998603762983302 -0.016199359190330966
vn -0.014000728793638563 0.708036843363012 0.7060366902886765
vn -0.013999737466759199 0.7080866997372586 0.7059867088026937
vn 0.04610108292006866 -0.8040188637460635 0.5928139310897524
vn 0.20359916240279607 -0.33979859198482354 0.9181962197450017
vn -0.6214795421715351 -0.4488852114848506 0.6420788468501827
vn 0.0263006418278882 -0.1890046076018472 0.981623927247453
vn 0.07419999177018638 -0.27069998638294285 0.9597999159166347
vn 0.07410054590952195 -0.2707020021337087 0.9598070301559125
vn 0.019900229770971653 0.525906051278344 -0.850309829464462
vn 0.023101064657006027 0.991645725445002 -0.12690585494124654
vn 0.1903895091680086 0.29968347389716354 -0.9348484638013226
vn -0.010199760735594164 0.9996764978988767 0.02329945127194778
vn -0.13849482215186787 -0.26459011960729845 -0.9543643187186527
vn -0.03610003059459128 0.4494004032369051 0.8926007312127728
vn 0.13930172859292558 -0.182902271802869 0.973212097839095
vn 0.13920366746723342 -0.1829048094854579 0.9732256519588662
vn -0.0697996153088388 0.19359893646404006 0.9785946379899754
vn -0.047299229530027215 0.1774971081895443 -0.9829840077387907
vn 0.11340223939742346 -0.19800391691825794 -0.9736192176537382
vn 0.022399363519696493 -0.3502900817198635 -0.9363733908877397
vn 0.0740972407621574 -0.9932629965189874 -0.08909668151820811
vn 0.3087912633667216 0.022099372956805564 -0.9508730585011334
vn -0.049401109561543206 -0.9184205789751545 -0.39250881581058833
vn -0.16410811411981305 -0.983548531976772 -0.07550372259945443
vn -0.8834899849968756 -0.18679789102042157 -0.4295951516492509
vn -0.07149809691719627 0.20439454538609694 0.9762739840606376
vn 0.18459223409469644 -0.35188523453259896 0.9176614238540632
vn 0.18459223409469644 -0.35188523453259896 0.9176614238540632
vn 0.18460918847094698 -0.3519175328579693 0.9176456274615262
vn 0.05450213907194875 0.7422291321859997 -0.6679262176101487
vn -0.032399350577990836 0.18459628837725442 -0.9822802514554927
vn 0.030598897438868372 -0.24569113508505303 -0.9688650956743895
vn -0.08730234326518335 0.1888050761120732 -0.9781262413894856
vn -0.10669676117843141 0.19999392149552958 -0.9739703447841074
vn -0.3306896206017328 -0.9370705216616039 -0.11199648324448205
vn -0.48570049448987845 -0.3376003341130327 -0.8063008396740363
vn -0.9540985800816485 -0.26999960581252724 -0.12959981615443075
vn 0.032798932401663976 -0.16959448882150754 0.9849679890202944
vn -0.3905823426149926 -0.6073725660014256 0.6917687472748595
vn -0.466586671934555 -0.8837748063451926 -0.03519899490828275
vn -0.923426714991452 -0.33770977268399793 0.1823052700110944
vn -0.049401109561543206 -0.9184205789751545 -0.39250881581058833
vn -0.7702645693147804 -0.2191899258807364 -0.5988724986595337
vn -0.23390435105158972 0.21310397010184962 -0.9486176534758167
vn -0.23390435105158972 0.21310397010184962 -0.9486176534758167
vn -0.04999962420878222 0.16399876680875922 -0.985192591356729
vn 0.12220341524491665 -0.8624241219584518 -0.4912137611739638
vn 0.2973131874312379 -0.048602153250899394 -0.9535421853692966
vn -0.7057149088780595 -0.6086128672883727 -0.36270765798126964
vn -0.7057149088780595 -0.6086128672883727 -0.36270765798126964
vn -0.7057149088780595 -0.6086128672883727 -0.36270765798126964
vn -0.07389787218992513 0.16529523508658275 0.9834717025636643
vn -0.06680292006467312 -0.9894432596376769 0.12860562129394562
vn -0.35919108569315383 -0.3629910009627027 0.8597786326599822
vn -0.35919108569315383 -0.3629910009627027 0.8597786326599822
vn -0.9158974120978197 -0.2381993184223846 0.323099079564811
vn 0.2437968440775764 -0.2692965444129985 -0.9316879681443955
vn 0.09380139252975436 -0.19040283241010117 -0.9772144391942282
vn 0.239994509487163 -0.6319856211223835 0.7368831726336077
vn 0.239994509487163 -0.6319856211223835 0.7368831726336077
vn 0.32071004352168875 -0.8939280202206901 0.3131098252189383
vn 0.36849917058230053 -0.34709922666693005 0.8623981030402231
vn 0.6763010821548647 0.3809005991352996 0.6305010546022336
vn -0.16689115910483718 0.4367768803170093 0.8839532215186416
vn -0.09099817998781908 0.8232835433053641 0.5602887992468432
vn -0.12870521909182145 0.1857075253675135 0.9741394569569597
vn -0.62521834749374 -0.6780198982526183 0.38651136533187
vn -0.6251759459565792 -0.6780739351180215 0.38648515509765385
vn -0.9604038695220062 -0.1987008025876855 -0.19530078970185255
vn 0.03759839116925547 -0.29948718181795875 0.9533592129455826
vn 0.037599515919769164 -0.29939616323606955 0.9533877562891816
vn 0.03759839116925547 -0.29948718181795875 0.9533592129455826
vn -0.20919295657251674 -0.9515679852627139 0.22529242407038147
vn -0.0610014686887291 0.31830766921723547 -0.9460227526520222
vn -0.01600053871221751 -0.9821330688782106 -0.1875063139651215
vn -0.5109887363973135 -0.3167930323224232 -0.7990824024761408
vn -0.6581104988689683 -0.7437118882103466 -0.11740186801341038
vn -0.6581104988689683 -0.7437118882103466 -0.11740186801341038
vn -0.9484269601650278 -0.3007085615859848 -0.10030285250686082
vn -0.007599946911789959 0.9998929907705779 0.01249991259195824
vn -0.22781028386771066 0.40921847293602 0.8835398779749701
vn -0.451107556213693 0.7591127066768952 0.46930786408133845
vn 0.1533071058766014 -0.19200890730983702 0.9693448874376048
vn 0.1533071058766014 -0.19200890730983702 0.9693448874376048
vn -0.23299623530974473 0.245096052447974 -0.941084841768215
vn -0.004099977361653901 -0.2023988810758084 -0.9792945844458115
vn -0.01710069118283184 -0.9957401991861397 -0.09060365382155536
vn -0.9703802716168243 -0.16769658920786656 0.17389647042107048
vn -0.007200259397946858 -0.9974358883286166 0.07120256272568772
vn -0.4488891805219989 -0.02349943184268609 0.8932783890329817
vn -0.6651340731436617 -0.7368378052479071 -0.1211062075236834
vn -0.9700770779382013 -0.18349566687269867 -0.1589962361121317
vn -0.29408447927713116 0.35438131072794665 -0.8876532012306615
vn -0.293993150300316 0.3543917299862989 -0.8876792941675581
vn -0.293993150300316 0.3543917299862989 -0.8876792941675581
vn -0.3584102322369786 -0.8261236387475162 0.43481241809589377
vn -0.5986201744753844 -0.7963268732390495 -0.08670292768055363
vn -0.6685394960750071 -0.31161840444857375 0.6752398923321258
vn -0.955199916876079 -0.2624999636594282 -0.13669999224115162
vn -0.004200180103265581 -0.20070859991045595 -0.9796419837925918
vn -0.0601005120362104 -0.997908552282911 -0.023800204486727865
vn -0.97900415678745 -0.09770041825118993 0.1789007805081819
vn -0.32111051648340727 0.18880619090851272 0.9280303111851346
vn -0.015500477565527604 -0.9998308452669337 -0.00990030545232991
vn -0.17620183398868777 -0.17200179272524388 0.9692101407838887
vn -0.9712651825912586 -0.17799362677656083 -0.1579943477245163
vn -0.08399941683458627 -0.9884931340665684 0.1257991330443198
vn -0.27610109729265286 -0.9317036768134184 -0.2360009378925222
vn -0.7501158459498823 -0.6491136926462066 0.12640265691075564
vn -0.9503796461208435 -0.30789342809049197 -0.04449904693254821
vn -0.9503796461208435 -0.30789342809049197 -0.04449904693254821
vn 0.021200736286167525 0.9997347263952068 -0.009000312240446055
vn 0.3629093790110337 -0.0008000207069857859 -0.9318240942327551
vn 0.7773163705735696 -0.060301272440288156 -0.6262132357116186
vn -0.10210160360355276 0.1892029679069802 -0.9766153283032032
vn 0.12520024180714814 -0.18250034749948882 -0.9752017855879866
vn 0.0019999894115449854 0.02839984782785975 0.9995946421853752
vn -0.0012999414589792777 0.9999549780453839 -0.009399576291457516
vn 0.29289492925483906 0.13059775513786184 -0.9471836077391511
vn 0.3004927034680235 -0.8088803279298505 -0.5053877226947404
vn 0.7769311229384924 -0.06200248502378223 -0.6265251168631699
vn 0.16889700708973399 -0.19779649608415562 -0.9655829053649204
vn 0.4498989035678238 -0.20429949824723515 -0.8693978902576185
vn 0.11230310610783029 -0.1611044529089543 -0.9805270866281257
vn 0.2352965525350518 -0.2015970542209179 0.9507860748320666
vn 0.23520208404056267 -0.20160178419174501 0.9508084456259742
vn -0.10709934966857754 0.17849890121313536 0.9780939993509168
vn 0.5034061486778755 -0.19040232202663349 0.8428103020491474
vn -0.3554882064561872 0.29869008165668354 0.8856705765635927
vn 0.0010999528382513303 -0.9999570777622481 0.009199605259953945
vn -0.1549068037858077 -0.18080795654245713 0.9712426910879722
vn -0.16940675056254778 0.19060758549191942 0.9669385198743399
vn -0.0023000504814225495 -0.9996218869442547 0.027400600537043705
vn 0.01229952178077022 0.9988611899668859 0.04609820974724735
vn -0.42361311531601037 0.5630174466242164 -0.7096219298535047
vn -0.42361311531601037 0.5630174466242164 -0.7096219298535047
vn -0.1600045222520639 -0.9562270394826886 0.2450069423936013
vn -0.20609156317851812 -0.33428632451430157 -0.9196623950283899
vn -0.6154215555177968 -0.782427398433424 -0.09520333599595933
vn -0.6154215555177968 -0.782427398433424 -0.09520333599595933
vn -0.9774171041231311 -0.14680257330367066 -0.15200266128911252
vn -0.15530203222919364 -0.9831128082495003 -0.09680126570073247
vn -0.20730135964448831 -0.33120217327491824 0.920505984069369
vn -0.9308935289169533 -0.3317977149151543 0.15279893388902696
vn -0.09309691494575048 0.16749446790366548 -0.9814675581236761
vn -0.03159905585222932 -0.9991701802320349 -0.025699233535862277
vn -0.20359801235509303 -0.31939689077199507 -0.9254909375732632
vn -0.9786154377548597 -0.14000220238776895 -0.15070238324073862
vn 0.4930840114188162 -0.27259114271694374 0.8261732424833181
vn 0.36849917058230053 -0.34709922666693005 0.8623981030402231
vn 0.6763010821548647 0.3809005991352996 0.6305010546022336
vn 0.8746208003855183 -0.19420461470672504 0.4442105617380208
vn -0.008400021975529973 0.9998026994968477 0.018000047489559613
vn -0.07130139955819606 -0.9941195095733775 0.081501601865422
vn -0.20689271657297253 -0.32708848569051224 0.9220675280898593
vn -0.9682169318184419 -0.19240334156199615 0.15980277562001402
vn 0.15259298563074933 -0.17509193581729293 -0.9726552291269743
vn 0.1832016319581627 -0.19810176546109753 0.9629085380081861
vn 0.18310498555404614 -0.1981053879605169 0.9629261755328213
vn 0.13010482410448798 -0.16640618341661587 -0.9774362981112661
vn -0.5405976165062037 0.17349924111184248 0.8231963498227056
vn 0.12969711294739825 -0.16049642702269895 0.9784781836127249
vn 0.12959879369392374 -0.16049851146025532 0.9784908688854087
vn 0.374209718927092 -0.8691225944591893 0.32340841371404383
vn 0.6568759171870632 -0.09669645127995335 0.747772576208514
vn -0.12960459113777562 0.16680590579096397 0.9774346217263159
vn 0.34290797338438084 -0.9261215550665123 -0.15720364827382852
vn 0.4169232566686327 -0.824345950148367 -0.38292133986343413
vn 0.7042187984305408 -0.030700819287584346 -0.709318929419
vn -0.3224035976885417 0.2024022563060275 -0.9247103583499614
vn -0.3224035976885417 0.2024022563060275 -0.9247103583499614
vn 0.21899562026210442 -0.18729624530388078 0.9575808241611173
vn 0.21899562026210442 -0.18729624530388078 0.9575808241611173
vn -0.07709951911317652 -0.9967937148218667 0.02139986551685697
vn 0.7487059852167799 -0.2047016328230881 -0.6305050271172568
vn -0.5102033194876462 0.2696017417826344 -0.8167052550409826
vn -0.5102033194876462 0.2696017417826344 -0.8167052550409826
vn -0.19619151830380782 0.1828920840178149 0.9633583828198451
vn 0.767873889415181 -0.18739363701660317 0.6125792314142652
vn -0.17719958899377375 0.16409962042969972 -0.970397660876852
vn -0.09099817998781908 0.8232835433053641 0.5602887992468432
vn -0.3563063656728307 0.2036036502997554 0.9119162940564413
vn 0.4303078153818332 -0.9026164022933173 -0.010900198731328263
vn 0.7076006841895642 -0.6196006286169032 -0.3397003573033133
vn 0.7750968222433018 -0.06959971682617082 -0.6279974486939037
vn 0.9785800560142753 0.20339585807306568 -0.03179935360694174
vn 0.6067212728036147 -0.7582266215724338 0.23870837326414607
vn 0.6763010821548647 0.3809005991352996 0.6305010546022336
vn 0.8746208003855183 -0.19420461470672504 0.4442105617380208
vn 0.9857089352755456 0.16730151787510386 -0.01970017854326548
vn 0.39830296219224426 -0.1990014860113576 -0.8954067002620402
vn -0.6076160040784914 0.40851077218928467 0.6811180078319771
vn -0.6076160040784914 0.40851077218928467 0.6811180078319771
vn 0.016300072518281916 0.9998044141455622 -0.011200048702926575
vn 0.7756078022093629 -0.06740067707036353 -0.627606314406108
vn 0.9804164645609691 0.1948032802012932 -0.02890048512717857
vn 0.5007946463906284 -0.1997978527369081 0.8421909167096296
vn 0.01999918920879213 0.9997594905826105 -0.008999634492030659
vn 0.8746208003855183 -0.19420461470672504 0.4442105617380208
vn 0.9887426891693684 0.14900643822291762 -0.013600587569870811
vn 0.6713304604876771 -0.26351195908327535 -0.6927314488613155
vn -0.24840010068347448 0.1892000686495887 -0.9500003810543609
vn -0.23538764202942006 0.19198991944430988 -0.9527499823204391
vn 0.2599044025130876 -0.1907032193828184 -0.9466160698357827
vn 0.053202328524943505 -0.9802428702131613 0.19050834006884643
vn 0.16289602393325714 -0.17289577608429904 0.9713763101903112
vn 0.16289602393325714 -0.17289577608429904 0.9713763101903112
vn 0.34290797338438084 -0.9261215550665123 -0.15720364827382852
vn 0.9111513079844739 -0.00879952923304601 -0.41197798757149573
vn 0.22380399658402844 -0.18080322407619195 0.9577170590924392
vn 0.22380399658402844 -0.18080322407619195 0.9577170590924392
vn 0.6733756867517855 -0.684475322663737 0.279389901671364
vn 0.9323066257554925 -0.03570025704255624 0.35990255239370506
vn -0.052401369206661205 0.9986260844295912 0.00020000522531312296
vn -0.052401369206661205 0.9986260844295912 0.00020000522531312296
vn -0.7314907722519653 0.4090948298903682 -0.5454930524463113
vn -0.6927398552831378 0.2142123315849641 -0.6886396517041629
vn -0.007300356791817679 0.999948848690245 -0.007000342403433872
vn 0.18040153455282443 -0.17160146006003205 0.9685082473764751
vn 0.18040153455282443 -0.17160146006003205 0.9685082473764751
vn 0.944607045576527 -0.1886014126504644 -0.2686020040756113
vn 0.944607045576527 -0.1886014126504644 -0.2686020040756113
vn -0.7423022939302957 0.20260064177900455 -0.6387020309788879
vn 0.19849682809782512 -0.17259723973360272 0.964784536604647
vn 0.19849682809782512 -0.17259723973360272 0.964784536604647
vn 0.9593455669974253 -0.19460924004275726 0.2044097032245997
vn 0.34290797338438084 -0.9261215550665123 -0.15720364827382852
vn 0.48690835794412085 -0.8731149641789157 0.024300417506922144
vn 0.7544954308033379 -0.5620966026864295 -0.338797954753655
vn 0.9990123629055423 -0.034500425895604994 -0.028000345978342327
vn 0.9990123629055423 -0.034500425895604994 -0.028000345978342327
vn -0.6452022777270593 0.29250103173416175 0.7058024987560371
vn -0.26250018942690573 0.1882001556499023 0.9464007353992235
vn -0.02749890546775261 0.9995602082996976 -0.011099557736242539
vn -0.02749890546775261 0.9995602082996976 -0.011099557736242539
vn -0.7743066050500303 0.525404479036183 0.35270301215698935
vn -0.7743739421010309 0.5253823355626758 0.35258814397766847
vn -0.7743339131460198 0.5254230031420919 0.3526154544558669
vn 0.826109235974953 -0.2722030300000108 0.493405553977347
vn -0.22869601216214158 0.17199700597332673 -0.9581832621984925
vn -0.22730545738133998 0.18790452214150455 0.9555229560839618
vn -0.3674904383463332 0.1985948210536752 0.9085762900134906
vn 0.7299750397075804 -0.19259340928676516 0.6557775690759915
vn -0.8379191234395533 0.25300577506929417 0.4836110217477228
vn -0.8379191234395533 0.25300577506929417 0.4836110217477228
vn -0.8125160731806433 0.19200379672152484 0.5504109127439487
vn -0.8125160731806433 0.19200379672152484 0.5504109127439487
vn 0.00659993875298077 -0.9976907163465493 -0.06759937369803376
vn 0.18539849258285263 -0.18499850070570725 -0.9650921995771422
vn 0.6374903033935838 -0.2038969007621 -0.7429886721470031
vn 0.8987089708290579 -0.2706026827096388 -0.34510342487683615
vn 0.8986779425934307 -0.27059334439937277 -0.3451915373568722
vn 0.4005842953377881 -0.19639232021496475 -0.894964959587419
vn -0.22149325153690685 0.16459498739559464 -0.9611707598797689
vn -0.314184266979456 0.94855245525463 -0.039198035830833644
vn -0.9232562537543946 0.37448224002953306 -0.08579593117312752
vn 0.9612994522834278 -0.2661998661016545 0.07099996004958502
vn 0.5327939318341538 -0.19909772004854892 0.8224905616918488
vn 0.42839495919447274 -0.19639768427020324 0.8819896306363626
vn -0.7971504503402405 0.2815178185229767 -0.5341337635615411
vn -0.940536919814428 0.19490765108894825 -0.2782109092271126
vn -0.21889334023235277 0.1633950367376551 -0.9619707727220324
vn -0.313209416074742 0.18830566203977525 0.9308280396109052
vn -0.9569687045163827 0.2439920102704423 0.157094867836046
vn -0.947745139390807 0.20610982071417774 -0.2435115861027346
vn -0.965705106668154 0.2077011061199768 0.15580082628659989
vn 0.3419167895737358 -0.1794088132511312 -0.9224453299439541
vn 0.2780992938613331 -0.1607995751633009 -0.9469975075897138
vn -0.17390318262237658 0.3069056280862074 0.9357171680175689
vn -0.5804967279506774 0.2062988428592802 -0.7876955860441768
vn -0.8888110816063187 0.26860331587116254 0.3713046187658086
vn -0.8888110816063187 0.26860331587116254 0.3713046187658086
vn -0.4319989247260663 0.18829953268973304 0.8819978543195843
vn 0.41610147137971004 -0.19160067267537914 0.8889031149377207
vn 0.4258929660356626 -0.18959686913828988 -0.8846853727141102
vn 0.2841931192601208 -0.17109585751374617 -0.9433771666236355
vn -0.7258681286872266 0.20469099735430715 -0.6566711927275346
vn -0.596896436360145 0.20229879915429735 0.776395414799243
vn -0.5359989137871872 0.2027995783470074 -0.8194983193644947
vn -0.9414320418929365 0.27140923846782977 -0.20010681090759785
vn -0.9567930654941751 0.28289796011279394 0.0671995088246869
vn 0.5870897682434246 -0.19539657940403513 -0.7855862656520192
vn -0.29100667678623254 0.1693038896696464 0.941621636863003
vn 0.8497873680384261 -0.19609707907039248 -0.4892927188323821
vn 0.7470155546252917 -0.2003041694407049 0.6339132439478903
vn -0.4451894597097791 0.1879955461320265 -0.8754793084921174
vn -0.4451894597097791 0.1879955461320265 -0.8754793084921174
vn -0.36321078601647966 0.1900056399372785 -0.9121270644561076
vn -0.36321078601647966 0.1900056399372785 -0.9121270644561076
vn -0.8844310586425154 0.20110706860244748 -0.42111476994592567
vn 0.33409326475504153 -0.15929679194431254 0.9289812821158283
vn 0.9080054786014049 -0.20080121091092037 0.3677022226293194
vn -0.0066000594545788166 0.9997090524153837 -0.02320020978206589
vn -0.19659183527025834 0.6617725264992009 -0.7234699534023068
vn -0.2568066638341136 0.4413114950384147 -0.8598223663974738
vn 0.3687065806314982 -0.16920302654768113 0.9140162981074973
vn -0.27661195205663947 0.16710720840507556 0.9463408523774497
vn -0.8640948606306996 0.20089881394526285 0.46149727885113084
vn -0.8640948606306996 0.20089881394526285 0.46149727885113084
vn -0.38800914329291125 0.18390432662529502 0.9031213115465707
vn 0.023399152882629073 -0.9964639782098464 0.08069708653094004
vn 0.29729576004385083 -0.19099727970454192 0.9354866488653988
vn -0.5903310483525159 0.19941047336966125 0.7821411103256926
vn 0.6576890373158212 -0.22279628662784035 0.7195880382965198
vn -0.4315892226270733 0.18839529635433022 -0.8821779611981487
vn -0.4315892226270733 0.18839529635433022 -0.8821779611981487
vn 0.41849361126888046 -0.1839971913625632 0.8893863788578164
vn -0.0063997720917504325 -0.9999643969030004 -0.005499803959449102
vn -0.24460685256785844 -0.37511050706727267 -0.8941250444790032
vn 0.384616057698879 -0.17290722458540683 -0.9067378782461579
vn 0.578177623274166 -0.19539245705339905 -0.7921694412634662
vn -0.38430128350984505 0.1774005791533889 0.9060030673285426
vn -0.7661743781713961 0.19889333843092494 0.6110795874200643
vn 0.9759819974397207 -0.200796300835911 0.08449843930030572
vn 0.3115883228218286 -0.18179316900619516 -0.9326649777834294
vn 0.319104838734544 -0.16630252593431324 0.9330142398506401
vn -0.7280093121676922 0.201102590943924 -0.655408414130277
vn -0.8043023299255476 0.20780061059798582 -0.5567015971877933
vn 0.9578343428289087 -0.20120721632054017 -0.20510735676238376
vn 0.9578343428289087 -0.20120721632054017 -0.20510735676238376
vn 0.7534279502733027 -0.19700729008723356 -0.6273232431525667
vn -0.4889930661158333 0.18479738298808926 0.8524879521326912
vn -0.004599928007450989 0.9999843003692209 -0.0031999495942885156
vn -0.23559868141144238 0.7056960554948155 0.6681963323576745
vn -0.42610367612083727 0.17540152156667754 -0.8875077258415293
vn -0.42610367612083727 0.17540152156667754 -0.8875077258415293
vn -0.9697932990683371 0.2026985989597204 0.13569906065230333
vn -0.367699796737163 0.17039990293853843 -0.9141995036959851
vn -0.367699796737163 0.17039990293853843 -0.9141995036959851
vn -0.4058986653388835 0.17089944030146884 -0.8977971122590881
vn -0.4058986653388835 0.17089944030146884 -0.8977971122590881
vn -0.8794802629269012 0.20189548246057398 0.43099034940940495
vn -0.8794802629269012 0.20189548246057398 0.43099034940940495
vn 0.8881137417315725 -0.19500300389756908 -0.4162064514378295
vn -0.0035998950302116328 -0.9997709020912172 0.021099385950430316
vn -0.29549792442017464 -0.34879756012855895 0.8893937478483493
vn 0.025600341159174377 -0.9986133216246663 -0.046000613107702946
vn -0.31310453718850345 -0.3504050639363002 0.8827127731939594
vn 0.6179253161244534 -0.19200786023061095 0.7624311675831179
vn 0.4046032139736295 -0.16650132872022264 0.8992071767821971
vn -0.6108301068469144 0.18750923216726767 0.7692378490567326
vn 0.026299450457894197 -0.9990791644767386 0.0338992922356009
vn -0.35430895522159384 -0.2307058374268289 -0.906222920051666
vn 0.5860067691669316 -0.1871021417322867 0.7884090658089404
vn 0.522894848224757 -0.17039832111431724 0.8351918281816643
vn 0.5557736604577828 -0.17659161508819934 -0.8123613972991937
vn -0.9383939193887739 0.2119986195697452 -0.272898217939762
vn 0.7660749130071903 -0.19649357004762283 0.6119799870837
vn -0.6243921653728578 0.19339756730944646 -0.7567904629286641
vn 0.6182819110072766 -0.18539457029577494 -0.7637776717252444
vn 0.8819271501381657 -0.19510599040050042 0.4291132185787488
vn -0.37569311502760994 0.4136924174207778 0.8292847925106334
vn -0.95841100194787 0.2018023183034331 0.2018023183034331
vn 0.47740435637071804 -0.16260148597373522 -0.8635078675248962
vn -0.9767203485490954 0.21090437805474455 -0.03920081692356882
vn -0.40490116616450134 0.16580047772422968 0.8992025618430166
vn -0.3983040736482493 0.16380168441862142 -0.9025092094249412
vn -0.3983040736482493 0.16380168441862142 -0.9025092094249412
vn -0.591791030694133 0.19119711121702443 -0.7830881436034137
vn -0.7600705588316109 0.19789233650060958 0.6189760647648117
vn -0.8926903099209795 0.1978978402441986 -0.40489561049715944
vn 0.9808445580021015 -0.1945088507166388 0.010500477634593403
vn 0.9591287308903546 -0.1942058192323202 -0.20580616452614142
vn 0.9591287308903546 -0.1942058192323202 -0.20580616452614142
vn 0.9555968026505817 -0.1916993554458376 0.22379925800957337
vn 0.5715010054540388 -0.1714003052611506 -0.8025014243734443
vn -0.6325098752447067 0.18590291982631865 0.7519118047470561
vn -0.3676829570488985 0.3558834727680958 -0.8591601695296972
vn -0.3676829570488985 0.3558834727680958 -0.8591601695296972
vn -0.733809948478992 0.1998026968441262 -0.6493087415452475
vn 0.4595128282419298 -0.16650465075052973 -0.8724243015640651
vn 0.7365095325403451 -0.1930024994915437 -0.6483083708137811
vn 0.013800251554291263 -0.9995182263952228 -0.027800506484348335
vn 0.3985802590450867 -0.34478292783582426 -0.849857935052976
vn -0.8302296862942499 0.19170684804966331 -0.5234187161409255
vn 0.5143795796210798 -0.16739335814274667 0.8410666511748849
vn 0.8799974694500386 -0.1920994471318646 -0.4343987294792196
vn -0.5617783830110635 0.17819315316209863 0.8078689550586926
vn -0.6075814216586843 0.18639429944293565 0.7720764089067801
vn -0.8914900726418669 0.19899778906997423 0.4069954917763355
vn -0.8914900726418669 0.19899778906997423 0.4069954917763355
vn 0.006099870245026741 -0.9999787506782277 0.0022999510874443766
vn 0.3742987200401454 -0.3608987614837316 0.8541970218490682
vn -0.6226110492269966 0.19080337985918344 -0.7589134019206475
vn -0.4893952945909233 0.17219834611128695 0.8548917915320049
vn -0.7804000034230139 0.18560000437325436 0.5971000527834579
vn -0.963032135677814 0.2005066890904219 0.17990601235596682
vn 0.0007000081341548144 0.02400028181232177 0.9997117066742499
vn 0.002000034325239244 -0.959116401273382 0.28300482093260315
vn 0.0030000704724673847 0.999923493479238 -0.012000281889869539
vn -0.36530837804472244 0.6187142199397504 -0.6955159976410896
vn -0.36528300101976147 0.6186712100355035 -0.6955675833728904
vn -0.36530837804472244 0.6187142199397504 -0.6955159976410896
vn 0.7576730919574112 -0.18529340801416289 0.6257777869740931
vn -0.5364895441929993 0.17059668831614994 -0.826483961675694
vn 0.8718095800168283 -0.19210211276292308 0.4506049649780868
vn -0.7202370629886777 0.17900922564070376 -0.6702344889909493
vn 0.4642014588518606 -0.21910068794136126 0.8582027115684421
vn 0.5060914239654619 -0.20449655084600812 -0.8378858104065833
vn 0.6728451784243208 -0.1792120171485047 0.7177481583262391
vn -0.6032006073564448 0.1739001700686495 -0.7784007696135139
vn -0.9752827672865334 0.19949647354874672 -0.09499832038270889
vn -0.8458010531949754 0.18820023486919926 -0.4992006109866538
vn 0.8473380703135288 -0.18490831333691354 -0.4978223681758816
vn -0.5282046270532361 0.1636014453918851 0.8332073205542772
vn -0.7693285640648543 0.18650693460706733 0.6110226868598126
vn 0.6234840928260325 -0.16659576175218685 0.7638805130117589
vn 0.5294952948865983 -0.17769840226258143 0.8294926223459013
vn -0.8940656520602341 0.18689283183861055 0.4070843637545577
vn -0.8940656520602341 0.18689283183861055 0.4070843637545577
vn 0.9653803238366628 -0.19379605610322925 -0.17459644609170627
vn 0.965363462425833 -0.19379267782114437 -0.17469339837589037
vn 0.948456916659437 -0.1905913478213022 0.2531884977176753
vn -0.9240412299468704 0.18798803443685894 -0.33287881318408
vn -0.6585997199498878 0.17059993372015209 0.7328997690657361
vn 0.875813997100189 -0.1871029833347726 0.44490708705371046
vn 0.721484884597512 -0.17059643213742784 -0.6710859994362085
vn -0.6149296123987442 0.17270833140041947 0.7694370695904981
vn -0.45250255704952635 0.4369024715030056 0.7774044418822198
vn -0.8297704134690963 0.18029356789919468 -0.5281811150595063
vn 0.9286974750745018 -0.18429951840236775 -0.32179914124636855
vn 0.8194009052843941 -0.1761001941794455 0.5455005756450464
vn 0.9810801389407696 -0.18979615439284592 0.038199224516304156
vn -0.7679763738735395 0.18729422270405685 0.6124811534355428
vn 0.0035999316281307954 -0.9999810205421846 0.004999904767434804
vn -0.006500186390089327 -0.14350411277045844 -0.9896283732769882
vn 0.7771616613949435 -0.1718915278985194 0.6053701798854679
vn -0.9607586429940851 0.1870919498214085 0.20479119176416657
vn 0.8050084916734114 -0.17680186487027427 -0.566305949917615
vn 0.6711062201370865 -0.16700154563960334 -0.7223066696682896
vn -0.9696821381524997 0.189496528391608 -0.1542971700178755
vn 0.6178958448990116 -0.16939886004810398 -0.767794732380302
vn -0.9815121295234496 0.1890023202121224 0.030200373388042618
vn 0.6289290078609114 -0.17050787505217618 0.7585350141003915
vn -0.4792013269582486 0.506801405599756 -0.7166019979902133
vn -0.4792013269582486 0.506801405599756 -0.7166019979902133
vn 0.5726981604880276 -0.22389928393745043 0.7885974433295648
vn -0.002199973664842269 -0.9998880563985973 -0.014799823894532728
vn -0.39568830412135103 -0.3786887908342922 0.8366753048094768
vn -0.5902898787448762 0.16239721742355828 -0.7906864124445576
vn 0.00499995713978765 -0.9997914618211945 0.019799830757846845
vn 0.5791030521827304 -0.3066016135305401 -0.7554039353439423
vn -0.3878928227044938 -0.4289920411433121 -0.8157848899863464
vn -0.7138830809811499 0.1664960484498673 0.6801838079074218
vn -0.869706148931987 0.18570130958031839 0.4573032233978314
vn -0.869706148931987 0.18570130958031839 0.4573032233978314
vn 0.00009999718213619703 -0.9999718711877283 -0.007499788922149253
vn 0.574903646991725 -0.319402027949898 -0.7533048129523047
vn -0.3881999563024544 -0.4037999521972695 -0.8283998989209591
vn 0.0018999459854898424 -0.9999715512134841 0.007299792390913653
vn 0.5736674124701463 -0.24478609038590873 0.7816555954020855
vn -0.39570327562884267 -0.37370308260581836 0.838906981558452
vn 0.04259868210971384 0.9990691243053198 -0.0067997898730188305
vn 0.4771098452046773 0.4566094238631699 -0.7509154610527823
vn -0.742420583760665 0.17740491739896713 -0.6460179348061003
vn 0.4199240548610084 0.6798389027454407 0.6012344421795579
vn 0.5005973707117725 0.8620954975188461 -0.07869959081338218
vn -0.025199062904735274 0.998562909187753 0.04729824122750016
vn -0.6373934061562221 0.17759817592971422 -0.7497923270446342
vn 0.7262233448768765 -0.16190521314391804 0.6681215123857814
vn 0.06930256723595153 0.9968369134615434 0.0389014412968224
vn -0.3584146539448679 0.7819320050316985 -0.5100208577545515
vn 0.025399664667720475 -0.9993868432038854 0.02409968185972919
vn 0.593172130943593 -0.21089006259382767 0.7769634512453004
vn 0.9740723640713838 -0.18169485534715454 -0.1347961761058608
vn 0.9740723640713838 -0.18169485534715454 -0.1347961761058608
vn 0.25519909349102965 0.9633966266950965 -0.08209970982814478
vn 0.4056087317585565 0.7206154787807966 0.5623120916917388
vn 0.11990520127078853 0.9893429088722717 -0.08260357965829111
vn -0.0466006734685099 0.9930143382064175 0.10840157447543003
vn -0.3900036342820579 0.706206648382771 0.5909055212356373
vn -0.8307372971266072 0.1903085420583081 -0.5231235054768811
vn -0.91031769415464 0.18710362400916877 -0.36920716351611454
vn -0.929597113406725 0.18059943112206275 0.32129900750589263
vn -0.7911676664880481 0.17179298380461755 0.5869760593238561
vn 0.9387400940688825 -0.17830761146139154 0.29491258278086274
vn 0.933534461387244 -0.1788065949877112 -0.31071145938205885
vn -0.019400222370562607 -0.9998114779083972 -0.0008000091243141048
vn -0.5452046146852623 -0.24400207782791153 -0.8020068042987893
vn -0.6387980291139352 -0.30299903570804215 0.7071977533619211
vn 0.8142963070240485 -0.16229927576587652 0.5572974694477526
vn 0.011099666431324352 -0.9998699493566783 0.011699648652293932
vn -0.5375027391236243 -0.23030116017322394 0.8112041549804019
vn -0.6573999064816547 -0.19859995050485144 -0.726899871108382
vn -0.9565132597905804 0.18790260939690617 -0.2231030999933244
vn -0.8880284041689279 0.18480590670778324 0.42101345612118063
vn -0.8880284041689279 0.18480590670778324 0.42101345612118063
vn 0.8764950182664079 -0.169199029272446 -0.4506974278242906
vn -0.7139935187589842 0.17279844688287488 -0.6784938849577277
vn -0.966347768568993 0.18329010049599806 0.18049024694396903
vn -0.02479972291466662 -0.9996887935285554 0.002699969773366281
vn -0.5372059934236301 -0.2599029239578911 0.8024089921903104
vn -0.6561905469979047 -0.20259709167494772 -0.7268895270090519
vn -0.00879962704480923 -0.999957637693435 -0.002699885634065732
vn -0.5446266902923611 -0.2637129317023069 -0.7961389689458512
vn -0.6388942705746624 -0.2944973756267093 0.7106936096348769
vn -0.6137029486476906 0.33380159506469104 0.7155034492952483
vn -0.982849762384805 0.18330928415454845 -0.020101017956300364
vn 0.9794943410266844 -0.18069896635618188 0.08909949188692716
vn 0.020299752069673188 -0.9997878126706391 -0.0034999573095924256
vn 0.5782809703636851 -0.3413887531468624 -0.7409755991529445
vn -0.8342110553057777 0.17420229641416324 -0.5232069142601736
vn -0.7434733153789669 0.17159385042561734 0.6463768094660558
vn 0.894801763230531 -0.16910032318487217 0.41320078075713335
vn 0.6543887609029013 -0.24229583728665502 -0.7162877053513654
vn 0.8054156761832489 -0.16420319395828611 -0.5695111058198757
vn -0.6852917360589484 0.16559799755051546 0.7091914689959066
vn -0.8739423217259301 0.1786086450044581 0.45202186918993464
vn -0.8739659311410083 0.17859304198998727 0.45198238522932843
vn -0.940825760388393 0.17940489948250862 -0.2875078618599375
vn 0.7658183998145027 -0.16950405752149503 -0.6203148821278628
vn -0.8935384915957416 0.18340790878321767 -0.40981764607270593
vn 0.0015999395852827867 -0.19469266263956286 0.9808629910989817
vn -0.0019999931342496264 -0.9999965550176195 0.001699994222319844
vn 0.9377021841376415 -0.1693003973454431 -0.3034007075175862
vn 0.9728687669243695 -0.17319443230173345 -0.1533950812859956
vn 0.9728687669243695 -0.17319443230173345 -0.1533950812859956
vn -0.8222108892788103 0.16870222602932022 -0.5436072226195128
vn 0.9659318076063608 -0.16580546493093978 0.19870654456595857
vn 0.7849232278314691 -0.165004885961625 0.5972176437609815
vn -0.9547019152980178 0.18150037808751385 0.2358004785414693
vn -0.981024701491084 0.18080455805972548 0.0700017631860562
vn -0.6540630812049747 0.3142822565718341 -0.6880611520851693
vn 0.6479149239356092 -0.33960785301159896 0.6818157797487279
vn -0.016999699426627244 -0.9997822790102333 -0.012099784977764849
vn 0.8410291736741143 -0.1714059425724323 0.5131178537917896
vn -0.7396546844490648 0.16768970283424822 -0.6517600105375563
vn 0.9853633198558008 -0.16999367604219343 0.012699527094203808
vn 0.012899873907995362 -0.9998901461147902 -0.007299928472340473
vn 0.5741879150991019 -0.3757921032956543 0.7273847216258909
vn -0.9374598505150054 0.17959230457012604 -0.29818724454874834
vn 0.012700179530306176 -0.9998142074831425 0.014500205334875603
vn 0.28691496824564006 -0.2183113795985992 0.9327485955681518
vn -0.63819576296353 -0.33369777122429806 0.6937953340974079
vn 0.7377250335234214 -0.21920743721688066 0.6385216318823302
vn -0.940589424295393 0.17759799888308495 0.28939676172408163
vn -0.6124117934180209 0.5093098252636583 0.6046116912303512
vn 0.6354180695376377 -0.42251203268404774 -0.646318388367727
vn -0.02460108885555895 -0.999644280242676 -0.010300456554105915
vn -0.6470288148889625 -0.231310297033611 -0.7265323524727634
vn 0.0008999647490508913 -0.9999608772926915 0.008799656100155286
vn 0.28691496824564006 -0.2183113795985992 0.9327485955681518
vn 0.6541939080830983 -0.4414958753452232 0.6140942294795789
vn -0.6384036429696809 -0.32760187412428177 0.6965039847074089
vn -0.8602361385976303 0.1728072674334487 0.47972016235803877
vn -0.8602621393498944 0.1727924016395518 0.47967889002621183
vn 0.021800037046666405 -0.9981016917336112 -0.057600098465778515
vn 0.6679713703354091 -0.3609845626013245 -0.6507721521206684
vn -0.6490988163225857 -0.22489958523103473 -0.7266986330051312
vn 0.7139411234416361 -0.3460199074883614 -0.6087349964316494
vn -0.04700200982167201 -0.9988427114193212 0.010200437109350636
vn 0.45069848890624525 0.47149839231544816 0.7579974525957028
vn -0.0011999518929253956 0.999859836432572 -0.0166993294621405
vn 0.8837307834795621 -0.16560577124524745 -0.43771523946610086
vn 0.911413395196092 -0.17440255788073203 0.37270547468717197
vn 0.00480002445513649 0.9976050880252488 0.069000348632204
vn -0.6168069088894551 0.5610062339416756 -0.5521061878160881
vn -0.6168069088894551 0.5610062339416756 -0.5521061878160881
vn -0.967870375164251 0.17939452102392775 -0.1761946159960844
vn -0.8872249796060517 0.17040479324517893 -0.4287120735436651
vn 0.06650053952588035 0.9958081013019066 -0.06280050656052646
vn 0.44450765175389273 0.48840840911747707 0.750912893374175
vn -0.9786212656324166 0.17230374434953735 0.11230244046830072
vn 0.28691496824564006 -0.2183113795985992 0.9327485955681518
vn 0.6720016341000512 -0.40590096943691983 0.6194014907772096
vn -0.015900648740101445 -0.999740695259011 -0.016300662951952306
vn -0.9827372020020818 0.17760672421208165 -0.05180196247028719
vn -0.03610021602104557 -0.9991059847066169 0.022000130150866853
vn -0.6922023613638895 -0.23520081823303032 0.6823023274361363
vn -0.7877713031046687 -0.2999890886272911 -0.5379804092244805
vn -0.06880305794270392 -0.997544241617624 -0.013100581408937382
vn -0.665956896801493 -0.28728138640241424 -0.6884553846323177
vn -0.7974878218176987 -0.2794957342827513 0.5346917883886083
vn 0.9463420426030075 -0.16890749184894335 -0.2755122458245124
vn 0.06389877042411318 0.9938809030316854 -0.09009826705996066
vn -0.022198967474816273 0.9997535275513705 -0.0002999860713412669
vn -0.4394135258586959 0.8142250971033946 0.3794117084901265
vn -0.6546975803807218 0.43709839260055305 -0.6166977164135126
vn -0.83979255248861 0.16819849964300265 -0.5161954411872582
vn -0.8203080523852446 0.16860165434227412 0.5465054266381761
vn 0.9801320929602987 -0.16590544412043087 -0.10870356001744877
vn 0.9801320929602987 -0.16590544412043087 -0.10870356001744877
vn 0.6053727977556127 -0.20509075969854046 -0.7690653782506512
vn -0.004899920444040059 -0.9999837903949194 -0.0028999529396186727
vn -0.0028999249875959164 -0.9998741135915976 -0.015599596292311295
vn -0.6920168942675992 -0.26210641659534084 0.6726164170073282
vn -0.7882823665267781 -0.2914934949290459 -0.5418878602044822
vn -0.016899272854012194 -0.9998569520782703 0.0006999698257304395
vn -0.66448154120462 -0.3039915655698031 -0.6826810451892985
vn -0.8014031729955455 -0.24150095819030448 0.5472021943540033
vn 0.9644207059127443 -0.17090367306737225 0.2017043294995039
vn 0.8037032674445783 -0.2189008929847939 -0.5533023196674387
vn 0.0695017555454919 0.9965252578582967 0.045901159315971614
vn 0.0695017555454919 0.9965252578582967 0.045901159315971614
vn 0.454725972314525 0.4654266151784084 -0.7593433715956039
vn 0.0017000683935755173 0.9999402284026374 0.010800434692104984
vn 0.44278599907347027 0.4536856908909899 -0.7733756221302001
vn 0.8316643213800435 -0.2421896003570416 0.4996785506927108
vn -0.9336581773524619 0.17159230910271317 -0.31438588918664506
vn -0.10429961221660464 0.9812963593005946 0.16179940084828626
vn -0.10429961221660464 0.9812963593005946 0.16179940084828626
vn -0.17860188064736734 0.9335097918624896 0.3109032594330183
vn -0.17860188064736734 0.9335097918624896 0.3109032594330183
vn -0.941887355303829 0.1758976274710453 0.28619614701951496
vn 0.9848987745714545 -0.16979978443376303 0.0337999564185354
vn -0.9838922384700571 0.17159863896383512 -0.05009960263454627
vn 0.004799942079703937 -0.9999878752192181 0.0010999866295860591
vn 0.8214914257339644 -0.3030968406718624 0.4829949716304655
vn 0.7620832296175718 -0.16199644073822395 -0.6268861972669351
vn -0.025999770049983006 -0.9995911186432953 0.011899894402609116
vn 0.91030506388647 -0.17180095256087308 0.37660207562070935
vn -0.7332050870293125 0.45450312332916754 0.50580353027472
vn -0.9792263368508128 0.17340466567997645 0.10510282174211072
vn 0.15489907919860402 -0.6098963768224475 0.7771953967968902
vn -0.028699653308537923 -0.999387982480609 0.019999759331239868
vn -0.5230871961181068 0.0003999901597833529 0.8522790771016084
vn 0.17329875328217276 -0.522896206183642 -0.8345939729410937
vn -0.035699841677361226 -0.9976954751433277 -0.0576997416176275
vn -0.5425711713736039 -0.10149460738287204 -0.8338557241312622
vn -0.745280090641999 0.43478837822101424 -0.5054865504210708
vn 0.8195208139715396 -0.3036077257089955 -0.48601232942924066
vn -0.019299054460521367 -0.9997510284034835 0.011199451018098478
vn -0.9027862999408489 0.16829744089149692 0.39579397169295644
vn -0.9027862999408489 0.16829744089149692 0.39579397169295644
vn 0.9393237936560572 -0.17180435555827492 -0.29690751772698243
vn -0.01719917572416179 -0.9998520782372602 0.00009999520431444867
vn -0.7927966010150848 -0.3132986681812438 -0.5227977562449816
vn -0.9670801021083517 0.16849653627667563 -0.19069607591364612
vn 0.07909747167650939 -0.99286829854448 -0.08919715085008854
vn 0.17329875328217276 -0.522896206183642 -0.8345939729410937
vn 0.7414875289015174 0.06919883621628353 -0.667388766424663
vn -0.5418899342690345 -0.09029832706405884 -0.8355845326879463
vn -0.007299804106522263 0.999973111081707 -0.0006999811271863823
vn -0.6215991300143823 0.6622990883069889 -0.4182994611436818
vn 0.8752164705269366 -0.2533048054123167 -0.4121077592977354
vn 0.15489907919860402 -0.6098963768224475 0.7771953967968902
vn 0.2967023796060907 -0.9499075241702957 0.09820078136523178
vn 0.2967023796060907 -0.9499075241702957 0.09820078136523178
vn 0.8009931748731701 0.04479961678738517 0.5969949146703871
vn -0.0025999853852459666 -0.9999944150474169 0.0020999880883152897
vn -0.5210733068334935 0.016299164706810077 0.8533562832343053
vn 0.9741780640817608 -0.17239610643608153 -0.14579671446089584
vn 0.9741780640817608 -0.17239610643608153 -0.14579671446089584
vn -0.9117060857698612 0.1676011226794308 -0.37510248845721234
vn 0.0044999541172313865 -0.9999898551554184 0.00019999796982036433
vn -0.8139280644846729 -0.3124108004210262 -0.48981690214255336
vn 0.08250359017636068 -0.9941431960106738 0.06980303312674951
vn 0.7798933263536441 -0.06719942284706518 0.622294654547241
vn 0.8398364112904892 -0.4921213643466335 0.22910994091117112
vn 0.05349944495801467 -0.4211956234154663 0.9053905545149238
vn -0.0006999961911657878 -0.9999946350436733 -0.0031999826879710205
vn -0.8116248784046038 0.3720113904664772 0.4504137898842685
vn -0.8116248784046038 0.3720113904664772 0.4504137898842685
vn 0.9752301828743185 -0.17050527482003866 0.14090437065423672
vn -0.9846558222082866 0.17339220469376668 -0.01969911527855773
vn 0.8592748807322792 -0.34308998057181955 -0.37938890939740966
vn -0.07120193985079917 -0.9957271989418464 0.05880160753676447
vn 0.003999891534217681 -0.999972781108941 -0.006199831365810009
vn 0.17329875328217276 -0.522896206183642 -0.8345939729410937
vn 0.7414875289015174 0.06919883621628353 -0.667388766424663
vn 0.8398364112904892 -0.4921213643466335 0.22910994091117112
vn -0.9499041235357706 0.16870073614062162 0.26310115491071434
vn 0.15489907919860402 -0.6098963768224475 0.7771953967968902
vn 0.7508574565684861 -0.4604739151542554 -0.4734731812658617
vn 0.8009931748731701 0.04479961678738517 0.5969949146703871
vn -0.031000534383610764 -0.9993172383836889 0.02010034669172805
vn -0.003099938322408442 -0.999980070595282 -0.005499890421801663
vn -0.7635714477830938 -0.4489832208871482 0.4640826558838762
vn 0.014699939607344333 -0.9996958912603499 -0.01979991850273767
vn -0.6823979703095192 -0.13819958728647036 0.7177979410609213
vn -0.6516761739488237 0.6797751146243758 -0.33648767859290063
vn -0.8891627906856906 0.17089284382818043 -0.4244822347146604
vn 0.062399285139823124 -0.9929886196583775 0.10039885678128467
vn 0.7620005796396088 -0.40350026715960874 -0.5065003958843711
vn 0.8009931748731701 0.04479961678738517 0.5969949146703871
vn 0.05240030358683546 -0.9947057640659799 -0.08840051537136222
vn 0.7414875289015174 0.06919883621628353 -0.667388766424663
vn 0.7853809791956058 -0.03199922746156556 0.618185058829162
vn 0.8398364112904892 -0.4921213643466335 0.22910994091117112
vn -0.05700051161748472 0.998008982236987 0.027000241658886686
vn -0.7167641865052016 0.5893705770564422 0.37268139723320304
vn -0.7167641865052016 0.5893705770564422 0.37268139723320304
vn 0.19550078281401068 -0.9757039282424864 -0.09890039601179364
vn 0.4396947788728681 -0.12999844771013752 -0.8886894311427893
vn 0.7260376566366361 -0.4348225447039797 -0.5327275811920549
vn 0.9463657398055518 -0.29298940387181927 0.13619506503954845
vn 0.3888099020891851 -0.9212234317211336 0.013200336561467962
vn 0.3888099020891851 -0.9212234317211336 0.013200336561467962
vn 0.9340453483985262 -0.27331326395258343 0.2299111717221698
vn 0.08200129622210042 -0.995615750681024 0.04500071570271191
vn 0.9202195416167571 -0.19820420672301245 0.3375071668334561
vn 0.16780610879045357 -0.9698353431546519 0.17680643942092478
vn 0.43419047691222834 -0.06349861113048462 0.8985803003311565
vn 0.9100908072930711 -0.41129585958351383 0.05069949082687298
vn 0.9339911673387762 -0.2216978896917416 -0.2801973323202388
vn 0.9339911673387762 -0.2216978896917416 -0.2801973323202388
vn 0.15710801229423152 -0.9620490563980117 -0.2231113747809617
vn 0.6050786328474346 -0.32328858717673004 -0.7275742831304258
vn 0.6698957101086325 -0.7025955306541976 -0.23999845391751506
vn 0.9792423993246089 -0.1854080175139676 -0.08190354330872128
vn 0.24779588591087737 -0.9687840010729123 0.0073998777559265
vn 0.6926493849991522 -0.401428621983388 -0.5992427645894561
vn 0.956525936773504 -0.28140762888192433 0.07660208017165035
vn 0.14510486213324758 -0.958932167625278 -0.2437081797535262
vn 0.14510486213324758 -0.958932167625278 -0.2437081797535262
vn 0.5629108278860611 -0.17250331411012004 -0.8083155364519815
vn 0.6951885752612977 -0.6718889410286213 -0.255495784211022
vn -0.00209999231976817 -0.9999963500199331 0.0016999938436489212
vn 0.2642898525414777 -0.9635629529404472 0.04119841701193662
vn 0.7260376566366361 -0.4348225447039797 -0.5327275811920549
vn 0.9614711639558017 -0.15979520377671258 0.22369330283098557
vn -0.06339698586736929 -0.996852685860179 0.04759774024341754
vn -0.7933378040493126 -0.47132246622284407 0.3853183897763384
vn -0.7933378040493126 -0.47132246622284407 0.3853183897763384
vn -0.9789368226046347 0.16660627239057366 0.11800443783544703
vn 0.0074000205101332536 0.7670021786057575 0.6416018217792646
vn 0.11469499954052279 -0.96985776475764 0.21499063519073047
vn 0.32038620196128376 -0.3615844556980641 0.8755623124543211
vn 0.8355711055421945 -0.2595910415333011 0.48418324913058564
vn 0.05269911077642167 0.9955831051892275 -0.07769867685585066
vn -0.7028840886377143 0.43109024221859277 -0.5657872047014187
vn -0.00989950977895331 -0.999950498677335 0.0009999505415181722
vn -0.8033720120829003 -0.4616839212618061 -0.37608691422355334
vn 0.9414084850236356 -0.1979017790770317 0.2731024536023959
vn 0.3508922093816205 -0.918579620764367 0.1818959529832267
vn 0.3976917420230249 -0.3994917128228103 0.8259828386307969
vn 0.8811762982858325 -0.3305910920353757 0.33799091882199295
vn 0.2449973744387125 -0.8855904657544933 0.39459575958552473
vn 0.3279931540213261 -0.1923959848306037 0.9248806819996863
vn 0.9461165801211866 -0.29420517440302946 0.1353023731287566
vn 0.9229785643546983 -0.2998930269364066 -0.24119440734946515
vn 0.9229785643546983 -0.2998930269364066 -0.24119440734946515
vn -0.06369936782144306 -0.9975901740841763 0.02749972926868993
vn -0.004600021029082563 0.9076040928451433 0.41980191812005363
vn -0.038698798402088716 -0.061298096029548735 0.9973690121641975
vn 0.0024999943813145734 -0.9914977650169694 -0.13009970020890907
vn 0.020200233587091335 -0.16840195389537196 -0.9855114065738904
vn 0.0029999393910537845 0.9999798206114325 -0.005599886925388568
vn -0.697188809688503 0.4360930045070814 -0.5689909094749359
vn 0.012399438690860354 -0.9998546776053018 0.011699469686685364
vn 0.041900213865102405 0.035100180703702764 0.9985050572694293
vn 0.5949936211998162 -0.3276964560415343 0.7338921061227925
vn -0.015200381023757502 0.9998250509302954 0.010900272884895932
vn 0.059101154788116665 0.9959194901976638 0.06820133830898217
vn -0.7054914477198909 0.4052950878386493 0.5813929041259052
vn -0.8789203516356691 0.36810850064084016 0.30330701811297445
vn -0.9832723987235736 0.16819528644236179 -0.06989803664596915
vn 0.9642824004351457 -0.2505954522151588 -0.08579843553418211
vn 0.009399562275201868 0.999953403254222 0.0021998975735860243
vn -0.6175041598936349 0.7516051292467514 -0.23190157870102998
vn 0.003499911381544137 -0.9999746559607047 -0.006199843271522866
vn -0.8012228107492235 -0.5081144631809108 0.3160090186078376
vn -0.8012228107492235 -0.5081144631809108 0.3160090186078376
vn 0.003900184792452546 -0.4339205656850703 -0.9009426903161671
vn 0.04050053678223363 -0.9777129345892571 -0.20600272827614174
vn 0.4396947788728681 -0.12999844771013752 -0.8886894311427893
vn 0.7260376566366361 -0.4348225447039797 -0.5327275811920549
vn 0.03899831425443162 -0.9981568355813861 -0.04649798992931116
vn 0.03899831425443162 -0.9981568355813861 -0.04649798992931116
vn 0.5382296262918872 -0.8426463322063019 0.016000881255799553
vn 0.966405507703031 -0.21410120952774778 0.14220079732548066
vn 0.033398858400497826 0.9956660031495163 -0.08679704159595913
vn 0.033398858400497826 0.9956660031495163 -0.08679704159595913
vn 0.020199799185790616 -0.3540964595648708 -0.9349907301339826
vn 0.09419802484333716 -0.9696796441771435 -0.22549527663368485
vn 0.6277675482091027 -0.3429822841673472 -0.6987639502456325
vn 0.00909958759438364 -0.9999546780815146 -0.002799872944773755
vn -0.666615173483387 -0.18010410270969593 -0.723316474766647
vn 0.015400615032168328 0.9998399894120399 0.009100364232423483
vn 0.08950287119903302 -0.9687310474818118 -0.2314074192672327
vn 0.08950287119903302 -0.9687310474818118 -0.2314074192672327
vn 0.5300983655838003 -0.26059921933201413 -0.8068976203267227
vn -0.03209906363127926 -0.3112909417447336 -0.9497723936300067
vn 0.041900213865102405 0.035100180703702764 0.9985050572694293
vn 0.06789909212732115 -0.9646870961418214 0.2544966008137352
vn 0.5966251921314504 -0.32281365085801766 0.7347310575535974
vn -0.21390198465584112 -0.4103037771438283 0.8865081789931777
vn 0.044299089289104455 0.19859590026631166 0.9790798022048914
vn 0.13709633518528005 -0.9790738685831064 -0.15039599308650176
vn -0.8326074115050777 -0.05620050213076026 -0.551004901853935
vn -0.9315781952734316 -0.36349149615121396 0.005999859735701114
vn -0.6829978746389198 0.7059977570767643 -0.1872994133501127
vn -0.9544115845108456 0.16400199417992703 -0.24940303377566256
vn 0.10400266283141221 -0.9520243482123664 -0.28780737748500224
vn -0.5903790272606664 0.009399666871894424 -0.807071403553271
vn 0.26139666675258977 -0.9539878019866008 0.1468981152752133
vn 0.26139666675258977 -0.9539878019866008 0.1468981152752133
vn 0.9368000611980538 -0.348100035840776 -0.03510000551243245
vn 0.05600191636841578 -0.04230144699043 -0.9975341462554456
vn 0.19420012427989075 -0.9790006672479362 0.06200004240136168
vn -0.8967614470387261 -0.04339813668602855 0.44038109500430506
vn 0.05600191636841578 -0.04230144699043 -0.9975341462554456
vn 0.5986868843139701 -0.3898914731979 -0.6996846816087959
vn -0.7775547100579017 -0.19758849334369236 0.5969652085046012
vn 0.06470204766062307 -0.9747308902335861 0.2138067741044784
vn 0.06480163974894242 -0.9747245748396022 0.21380540378953283
vn 0.18549406294644716 -0.3814878117632698 0.905571091680654
vn 0.02339883301033692 -0.9870508170171759 0.15869208940423032
vn 0.449706854312569 -0.3289050175562836 -0.8304126893362087
vn -0.2239043776085845 -0.10880212070116288 -0.9685189353949885
vn 0.06519696636009335 -0.9977535856384898 0.015399283196879967
vn -0.9051047543469615 -0.299501547691101 -0.30180160136944517
vn -0.001500065172896324 0.022600981845172362 -0.9997434398004877
vn -0.014399850920747739 0.9997897222336164 -0.01459984963923971
vn 0.0074000205101332536 0.7670021786057575 0.6416018217792646
vn 0.050298888788858916 -0.3275927937256768 0.9434791907008933
vn 0.044299089289104455 0.19859590026631166 0.9790798022048914
vn 0.8840486247474776 -0.45302491561230995 0.11500632555017566
vn -0.9315781952734316 -0.36349149615121396 0.005999859735701114
vn 0.40518334800219535 0.2294905649288506 0.8849635784089472
vn -0.12359706834763723 0.9870766222402615 0.10199758096457755
vn 0.8067759841689448 -0.14659563059878042 -0.5723829421441352
vn 0.8840486247474776 -0.45302491561230995 0.11500632555017566
vn -0.8326074115050777 -0.05620050213076026 -0.551004901853935
vn -0.9315781952734316 -0.36349149615121396 0.005999859735701114
vn -0.003800069965320037 0.9999183536727215 0.012200223632907422
vn -0.7681001237096076 0.6076000184358873 0.2021000186887544
vn 0.0030999591805705327 0.9999867902622065 -0.004099945629968669
vn 0.0030999591805705327 0.9999867902622065 -0.004099945629968669
vn -0.7287059221869285 0.4119033697917102 0.5471044625333735
vn 0.8067759841689448 -0.14659563059878042 -0.5723829421441352
vn -0.001099964179903797 -0.9385694224598088 0.34508872670990576
vn -0.8326074115050777 -0.05620050213076026 -0.551004901853935
vn 0.13410117812731853 -0.9847086963360471 -0.11120097744636914
vn 0.890265381212325 0.03999844458312668 0.4536823508202672
vn -0.8248843381881559 -0.14499725104685865 0.5463896281965298
vn -0.07189825482452374 -0.9968758211702993 0.032699206706421666
vn -0.9165764441496717 -0.3227917040704526 0.2359939359670867
vn -0.9335618195719806 0.34498588680989206 0.09719602326970515
vn 0.06460043546831976 -0.9884066808844928 -0.1374009349320589
vn 0.521503556917016 -0.8529058518558178 0.02420016514411134
vn 0.8257175206993926 -0.2701057337658278 -0.49521052956987055
vn 0.9255900659549942 -0.34609628757784777 0.15329836766991836
vn 0.5986868843139701 -0.3898914731979 -0.6996846816087959
vn 0.890265381212325 0.03999844458312668 0.4536823508202672
vn -0.6607036365485442 -0.3018016712366742 0.6873037580941046
vn 0.2580931695723494 -0.26879285859995555 0.9279753849029417
vn -0.0013000236280602242 -0.9720176400120022 0.23490427293700794
vn -0.5205206675833495 -0.15020596417764762 0.8405334038240523
vn 0.003900184792452546 -0.4339205656850703 -0.9009426903161671
vn 0.3273899040897164 -0.844573995695306 -0.42368693217444386
vn 0.4396947788728681 -0.12999844771013752 -0.8886894311427893
vn -0.5944014538164091 -0.020700051511642868 -0.8039019962460315
vn -0.019700949372386554 -0.9995481643608859 0.02270109505310266
vn -0.8920560626993629 -0.3644820512137588 0.26718685473713183
vn -0.9095270686101418 0.41321227192539234 -0.04490133400800075
vn -0.007600309327521769 -0.9999406934148934 -0.007800317369685755
vn -0.9177700934303433 -0.3126898224318482 -0.24479201488692043
vn 0.3804102231338284 -0.41351112607532836 -0.8272222257333182
vn -0.022399515893146024 -0.9753788921162473 -0.21939525633393872
vn -0.2239043776085845 -0.10880212070116288 -0.9685189353949885
vn -0.4193127123567331 -0.540616388997518 -0.7293221299284175
vn 0.05600191636841578 -0.04230144699043 -0.9975341462554456
vn 0.11230341974607429 -0.9924301999047586 -0.049701511348632516
vn 0.5986868843139701 -0.3898914731979 -0.6996846816087959
vn 0.890265381212325 0.03999844458312668 0.4536823508202672
vn -0.2733128572760483 -0.9341439283079984 0.22951079114696069
vn -0.27328732805207695 -0.9341566629464758 0.22948935792071262
vn 0.044299089289104455 0.19859590026631166 0.9790798022048914
vn 0.8067759841689448 -0.14659563059878042 -0.5723829421441352
vn 0.8840486247474776 -0.45302491561230995 0.11500632555017566
vn -0.21740571824801666 -0.9683254214295185 -0.12280322425087009
vn 0.3587954677482898 -0.9000886175705745 0.24719687061768758
vn 0.35870834756562364 -0.9001209032301591 0.2472057462011391
vn 0.45021980241261167 -0.22981011479773147 0.8628380153031057
vn 0.9319243783089134 -0.27080706784776803 0.24120631234948964
vn 0.41760244319826784 0.1319007704128112 -0.8990052203404295
vn -0.049502231532610796 0.9982450520227547 -0.032501464357460715
vn -0.6983972851196636 0.4471982460048459 -0.5587977817669577
vn -0.005499849774757011 -0.9997726815884442 0.02059943693178552
vn -0.16100630298771507 -0.005400211595449109 -0.9869386040240561
vn 0.06039963683447917 -0.9881940504670629 0.14079915657333641
vn 0.14080489560145226 -0.13540471501942697 0.9807341864772391
vn -0.09220404631929334 -0.33821483378984263 0.9365410509138714
vn -0.27308837636574396 -0.9225607275500946 0.2725884125860121
vn -0.7102981992687568 -0.3208991671593625 0.6264983580441283
vn -0.03669956482950274 -0.9836882965789467 0.17609791911017866
vn -0.621674059789089 -0.3216865951440889 0.7141702163279811
vn 0.010100352295161619 0.9999349433449011 -0.005300185029125846
vn -0.8579814356880625 0.5098889424238591 0.0622986549496053
vn 0.12940569050420664 -0.39541738701183865 0.9093400119393512
vn -0.13609562517996154 -0.8795717763179112 0.45588537058325246
vn -0.655279337735516 -0.267391562207096 0.706477700990875
vn -0.10640381433653281 0.9926356720733488 -0.057902079601061224
vn -0.10640381433653281 0.9926356720733488 -0.057902079601061224
vn 0.021299933173198195 -0.9976968371106502 0.06439979865047533
vn 0.19459562490291857 -0.05609874138044133 -0.9792780371192713
vn -0.08089874039597317 -0.26989580028404836 -0.9594850967010263
vn -0.10680442472025532 -0.9803406154898445 -0.16590687894469022
vn -0.32029487678912955 0.9327850645499807 -0.16529735404756132
vn -0.6906083466895211 -0.17750214617051455 -0.7011084791868
vn 0.027999702904952708 0.999589319387275 0.0060999347634944565
vn -0.6419264495238697 0.759431281377005 -0.10580435845351044
vn 0.0066003331485365475 0.9996504436523246 -0.025601291140073375
vn 0.31351249520159796 0.30421214432270954 0.8995359284648097
vn -0.7886841764545781 -0.02739945009360221 0.6141877074191017
vn -0.10820024521319989 0.9904022782528391 0.08600019864738215
vn -0.01990064755532616 -0.32141047121753946 -0.9467308346191107
vn -0.10229441055455754 -0.8601529235075835 -0.49967269462184216
vn -0.7783641216838945 -0.3779825567082177 -0.5012768505522455
vn -0.028301054481636525 0.997637207688007 -0.06260233343657065
vn -0.5049019394551739 0.7762030268755148 0.37760149973708074
vn 0.029899219102887505 -0.9663748161872936 -0.2553933267256847
vn -0.33948972928613697 -0.9098724751640823 0.23849277273748132
vn -0.7345918979807062 -0.578293631607189 -0.3548960679743753
vn 0.003900184792452546 -0.4339205656850703 -0.9009426903161671
vn -0.1567018178844793 -0.9546110020338274 -0.2533029314233672
vn -0.6012138149456925 -0.08440194308683978 -0.7946183113430074
vn -0.8168050276986424 -0.44230271610898825 -0.3704022867759208
vn 0.43247753444133785 -0.29748454732905305 0.8511557591322342
vn 0.4960949609968209 -0.8449914269782987 0.19969796695695555
vn 0.9244019899223163 -0.35270076662091326 0.1452003107871399
vn 0.25679428051906356 -0.9597786318051755 -0.11349746879504387
vn 0.25679428051906356 -0.9597786318051755 -0.11349746879504387
vn 0.7345007313678861 -0.33580033397041986 -0.5897006116033753
vn 0.7345007313678861 -0.33580033397041986 -0.5897006116033753
vn 0.9101057880892994 -0.4074026152141507 0.07570048614788372
vn -0.01790051132172935 -0.9630275206917492 -0.2688076748992164
vn -0.01790051132172935 -0.9630275206917492 -0.2688076748992164
vn -0.06750175388604084 -0.39191016739107637 -0.9175238056409256
vn -0.06749910763772154 -0.3919947984827532 -0.9174878464756779
vn -0.9371241511354221 -0.28380731294073663 -0.20310523006577993
vn 0.01009972467438957 -0.15429581408340645 0.9879730751988338
vn 0.12160398978923354 -0.9476310741550451 0.2953096966966976
vn 0.12160398978923354 -0.9476310741550451 0.2953096966966976
vn -0.944611321103257 -0.25120298739240654 0.21120253589550042
vn 0.009500343678539028 0.9994362551926085 0.03220116886954219
vn 0.41491862395764356 0.10360465015037239 -0.9039406020089565
vn -0.6995724460701559 0.4453824771950609 -0.5587779896407961
vn 0.20660246601103163 0.3944047332701051 0.895410703204009
vn -0.28400335208498756 0.9156107465309773 0.2846033324497044
vn -0.7930100437822983 0.0010000127213368472 0.6092077399663883
vn 0.11329591305440283 -0.966265085018456 -0.23129163746111778
vn 0.24439496852168324 -0.1780963399434347 -0.9531803570468905
vn 0.7498350754535853 -0.3260152346481732 -0.5757268678781741
vn 0.7498788286985412 -0.3259907982373074 -0.5756837167527904
vn 0.041900213865102405 0.035100180703702764 0.9985050572694293
vn -0.020499601607235938 -0.9944806523762465 0.10289799989921938
vn -0.2913981214788611 -0.33239788934585973 0.8969943020761105
vn 0.0074000205101332536 0.7670021786057575 0.6416018217792646
vn -0.15069543853095427 -0.9601708952112922 0.23529287450985248
vn -0.2162975120844409 -0.26459695653048115 0.9397892513009964
vn -0.7401401902438942 -0.2893156968498245 0.6070328873644595
vn -0.1235020366806798 0.9350154268247531 -0.3324054730828732
vn -0.2156101176992001 -0.029101366309339103 -0.9760457917662813
vn -0.04639891570863111 -0.9921768779771588 -0.11589729689928789
vn -0.6456841465082068 -0.23239430974701572 -0.7273822019716846
vn 0.015500200881826135 -0.9996129850725683 -0.023100299715199366
vn -0.1565963319796633 -0.04629892086911664 0.9865769096917232
vn 0.26679536410767374 -0.16349716307147108 0.949783612913086
vn 0.26679536410767374 -0.16349716307147108 0.949783612913086
vn -0.0040000151621872974 -0.9998037992649224 0.019400073559891456
vn -0.0019000536448966422 -0.12600355260197413 0.9920279706378383
vn -0.03760037036851291 -0.9984098243205739 0.04200041485880074
vn -0.942970393708804 -0.2590918373394015 0.20899343629108694
vn -0.016599972292385305 -0.9996983704828738 -0.018099971651330385
vn -0.07370236537233783 -0.2784089156066035 -0.9576306370669629
vn -0.9413954470568083 -0.27109871160727367 -0.20069903045502746
vn -0.047100778279009825 0.9958164609447213 0.07830129498955914
vn -0.10520394477895965 0.33301250195644355 0.9370351132928024
vn -0.08819917009960276 0.9821907232625854 0.165898431368897
vn -0.7652165881127344 0.3622078295445688 -0.5322114819258585
vn -0.35749036934964634 -0.9292750403818891 0.09299750074863199
vn -0.8168050276986424 -0.44230271610898825 -0.3704022867759208
vn -0.8741645961592752 -0.27188898721439414 0.4023836943182744
vn -0.2947850988151337 -0.9254531185474135 0.2379879637448473
vn -0.7391368584523995 -0.2904144759807962 0.6077303156976102
vn -0.8714971023417316 -0.3803987238684162 -0.30949896847848385
vn -0.1653919287884085 -0.9803521748489041 0.10749475875908483
vn -0.7979980223338372 -0.2317994394428166 0.5562986394242578
vn -0.32029487678912955 0.9327850645499807 -0.16529735404756132
vn -0.8499159229134652 -0.2845053378869223 -0.4435083276467318
vn 0.016300655738299037 -0.9996402163599795 -0.021300855810853083
vn 0.40970375427248673 -0.12860117630872428 -0.9031082832014345
vn 0.02589975342478813 -0.9095913329904408 -0.41469604497898005
vn 0.6361729762809202 -0.3900834414025168 -0.6656717306551669
vn -0.0034000198685777655 -0.23740138343197442 -0.9714056943468461
vn -0.0034000198685777655 -0.23740138343197442 -0.9714056943468461
vn 0.22400213273179265 -0.96980921228545 0.09640091440377192
vn 0.22400213273179265 -0.96980921228545 0.09640091440377192
vn 0.22400213273179265 -0.96980921228545 0.09640091440377192
vn 0.38358255487711873 -0.5130766930746424 0.7678650471388391
vn 0.6488911602418961 0.6412913295056439 -0.4094944356896802
vn -0.24080225968650645 -0.908208554428912 0.3423032184949744
vn 0.124400625869978 -0.9805048919105303 -0.152100760098946
vn 0.124400625869978 -0.9805048919105303 -0.152100760098946
vn -0.2269919889549943 0.050898207212583854 0.9725656838757991
vn -0.820245028235054 -0.19311060027700777 -0.5384295587319933
vn -0.2639006957661981 0.8708022188479805 0.4148010588505654
vn -0.2900923982429645 0.03969896069703764 0.9561748757425182
vn -0.176300966038639 -0.9843054041878577 0.007800042334519644
vn -0.32029487678912955 0.9327850645499807 -0.16529735404756132
vn -0.7659616997826648 -0.2599869943237056 0.5879706091707104
vn -0.957490225929038 -0.22099775655707565 -0.18539810907099136
vn -0.1300057150154165 -0.9740428159029831 0.18530814027213616
vn -0.5271852368577873 -0.2543929101543648 0.8107773882530224
vn -0.17879147201947707 -0.9797532215578268 -0.09009569568058276
vn -0.5992193093963882 -0.06270202115264152 -0.7981257268061774
vn -0.8168050276986424 -0.44230271610898825 -0.3704022867759208
vn -0.9623654277458046 -0.16789396195813366 0.21369230453536509
vn -0.0507986804586577 0.9931742382504828 -0.10499726919892917
vn -0.0507986804586577 0.9931742382504828 -0.10499726919892917
vn -0.7021773645774253 0.441385750170423 -0.5586819920326719
vn -0.8113640058690653 0.2478890004948993 0.5293765138478881
vn 0.693907974572417 -0.42260485791418057 0.5830067382905116
vn -0.2269919889549943 0.050898207212583854 0.9725656838757991
vn -0.7693028730625032 -0.243400910434367 -0.590702197640655
vn 0.007000172677001041 -0.20120494697214225 -0.9795241532991565
vn 0.0069001748289966485 -0.20120509802017156 -0.9795248318026566
vn 0.2851141745300276 -0.9139453942125578 -0.28881434154091695
vn -0.051798835393630845 -0.6633850335673226 -0.7464832067037716
vn -0.15820501497605807 -0.9704307166137077 -0.1823057801854652
vn 0.06060148571474761 -0.9918243550998783 0.1123027540173246
vn -0.2239043776085845 -0.10880212070116288 -0.9685189353949885
vn -0.4193127123567331 -0.540616388997518 -0.7293221299284175
vn -0.8571274831113878 0.22030706586764134 -0.46561494222579297
vn -0.18800195902506156 0.9508099480567034 0.24620257122773523
vn -0.7822834443509945 0.4015915185484175 -0.4761899462654798
vn -0.8050265671350019 0.16260536740482603 0.5705188171287396
vn 0.46159679469705917 -0.25979818651056263 0.8481941413445531
vn -0.00459996346246486 -0.7798937809430945 0.6258949838290994
vn -0.004499965701192217 -0.7798941537658661 0.6258952462117853
vn -0.35761698451448465 0.0067003181888314264 0.9338443115010849
vn 0.6488911602418961 0.6412913295056439 -0.4094944356896802
vn 0.89190655748537 0.12110088674471611 -0.43570318789772444
vn -0.19330835467100338 -0.9810423914295098 0.013700592419963626
vn -0.7901656974050296 -0.22379028090089 -0.5705752192469666
vn 0.013599502235364566 0.999863340667209 0.009399655778749141
vn 0.013599502235364566 0.999863340667209 0.009399655778749141
vn -0.7034036453011233 0.43940224842948483 -0.5587029406153189
vn -0.8377302663351828 0.12570453847565974 0.5314192035226097
vn 0.02029952393333838 0.99977653551349 -0.00589986141558365
vn -0.768423569327427 0.37971163391262636 -0.5151158055947229
vn -0.8042807827402503 0.12669696856206406 0.5805861698937663
vn 0.07410313627458047 -0.9885418602069508 0.13150557331479276
vn 0.5245227872177097 -0.13430582136583705 0.8407364581345412
vn 0.5245227872177097 -0.13430582136583705 0.8407364581345412
vn -0.03460135255258884 -0.9992390710397964 0.0180007030156045
vn -0.6222101840410845 -0.37330608326466796 0.6881112228943461
vn -0.841743003172164 0.11060565106541961 0.5284270115759612
vn 0.43611433342986494 -0.33321096913206605 0.8359274718700742
vn -0.24538859740056376 -0.8346612547782956 0.49307709948618084
vn -0.45429678983187205 -0.12739909969907123 0.881693765512903
vn 0.693907974572417 -0.42260485791418057 0.5830067382905116
vn 0.89190655748537 0.12110088674471611 -0.43570318789772444
vn -0.7317020673457202 -0.2761007987435253 -0.6232017599262588
vn 0.6488911602418961 0.6412913295056439 -0.4094944356896802
vn 0.693907974572417 -0.42260485791418057 0.5830067382905116
vn 0.89190655748537 0.12110088674471611 -0.43570318789772444
vn -0.1627972383883312 -0.9663836717706875 -0.19899662838384183
vn -0.1627972383883312 -0.9663836717706875 -0.19899662838384183
vn -0.2269919889549943 0.050898207212583854 0.9725656838757991
vn 0.009600462293094325 -0.9999481336602615 -0.003400163689999134
vn -0.718991756282696 -0.2652969657797277 0.6423926948102651
vn 0.024299947583939725 -0.9996978656603933 -0.0036999920908150955
vn 0.621586779977183 -0.05679879158044407 -0.7812834135143265
vn -0.1540933500882367 -0.9825575638368306 -0.10409550041004115
vn -0.4193127123567331 -0.540616388997518 -0.7293221299284175
vn -0.8571274831113878 0.22030706586764134 -0.46561494222579297
vn -0.8877158515109798 -0.4170074347371398 -0.19510347600718547
vn -0.09879920529049452 -0.9834920065792622 0.15159877977300304
vn -0.5041928421335801 -0.002399966182607262 0.8635877593525656
vn -0.013299937908941168 -0.999895305497019 -0.005699973389546215
vn -0.6494682410593747 -0.30698501966252073 -0.6956660129387117
vn -0.9498372384992606 0.009100356793679437 -0.3126122260346298
vn 0.019100187180524333 -0.9943097743499484 0.10480102805709213
vn -0.04899871693601758 -0.08019790142437098 0.9955739160633683
vn -0.2229988417501231 -0.7696960024873291 0.5981969410930894
vn -0.18810848071317043 -0.8754394864690767 -0.4452200635804076
vn -0.2049978836703599 -0.20009793515713853 -0.9580901231285726
vn -0.8079896237378902 -0.26289660598084774 -0.527293222501156
vn 0.6735170425689913 -0.19670498202025755 0.7125180302403089
vn -0.008100334384804606 -0.9999412684262489 -0.0072002972826775685
vn -0.2155050155455698 -0.9717226476378767 -0.096502250452196
vn -0.651092762107342 -0.32479640561724443 -0.6859923542063355
vn -0.9608721676208392 -0.06359816304941308 -0.26959219415326235
vn -0.06980319488517261 0.9925455092940159 -0.09990458429974616
vn -0.5299005528946665 -0.010000010059762386 -0.8480008277358763
vn -0.004599944759011858 -0.9999879752165579 -0.0016999795595445289
vn -0.5558113377591588 -0.03390069258211807 -0.8306169393052535
vn -0.5558094280903073 -0.03400057864754915 -0.8306141344195614
vn -0.2016003447133229 -0.9789016330524375 0.033300057338392475
vn -0.6239903652179635 -0.38379406753426404 0.6806894577122942
vn -0.841743003172164 0.11060565106541961 0.5284270115759612
vn -0.8877158515109798 -0.4170074347371398 -0.19510347600718547
vn -0.19780256538114083 -0.9795127707876697 0.037800489315635656
vn -0.8747513429503426 -0.12499304309078506 0.46817392834872484
vn -0.9534311045118438 -0.2696087885893312 -0.13520440105528828
vn -0.18710486426098286 -0.9760254535557225 -0.11120289466207751
vn -0.25231396776178794 -0.15060834362321093 -0.9558529115420302
vn -0.8628657314447272 0.35478588339367 -0.3599857031090665
vn -0.864675162062046 -0.20569407888511554 -0.4582868206970153
vn -0.2692061579098126 -0.9342213579063148 0.23400533962950132
vn -0.5668990386574988 -0.3090994831180713 0.763598709732635
vn -0.9444076786632629 -0.2594021361750562 0.2020016540271015
vn -0.06570175092246189 -0.9976266322106989 -0.020600549256302128
vn -0.8993957536273665 -0.03779982109349417 0.43549793556613037
vn -0.9634007823713379 -0.1891001614336211 -0.19000016176854376
vn -0.31980101317581694 -0.9392029670317562 -0.1250003947612439
vn -0.319804996340034 -0.9392147066792638 -0.12490195784428393
vn -0.8617562617634158 -0.20898939586676762 -0.46227651652099583
vn -0.9442689691980285 -0.3089898225978379 0.11349627016183862
vn -0.4040728775782572 -0.8086457189129722 0.42757129334106303
vn -0.4969989310767979 -0.19219958594208064 0.8461981929029471
vn -0.9299940304586205 -0.1905987676499001 0.31429796862479065
vn -0.07940253668287588 -0.9966318077692395 0.020500656353938582
vn -0.841743003172164 0.11060565106541961 0.5284270115759612
vn -0.8571274831113878 0.22030706586764134 -0.46561494222579297
vn -0.8877158515109798 -0.4170074347371398 -0.19510347600718547
vn 0.8149338056715458 -0.12630524754174452 0.5656234408306554
vn -0.04610090507987729 -0.9988196070176323 -0.015300300257153808
vn -0.4422005279296627 -0.8874010171434774 0.13030014532397652
vn -0.8628657314447272 0.35478588339367 -0.3599857031090665
vn -0.8992635575651986 -0.16329338006049238 -0.40578359511395057
vn -0.9424143175786982 -0.24280370153268754 0.23000351420076567
vn 0.025301105250703063 -0.9995436860128923 -0.016500721949459868
vn 0.7762779472187108 -0.19029460550073896 -0.6009829546494831
vn -0.1555967933559836 0.9680800478870975 0.1964959510530703
vn -0.6915682371739814 0.007999633227774517 0.7222668337950269
vn -0.07829670672148697 -0.9962580881624576 0.03659846291108488
vn -0.44518320700654124 -0.8457680740787081 0.2940888931404311
vn -0.8628657314447272 0.35478588339367 -0.3599857031090665
vn 0.8935613606965569 -0.03739838414637796 -0.4473806606608716
vn 0.8969984462867533 -0.4404992076299488 -0.036799937996386735
vn -0.05259974672004118 -0.9985951667448977 -0.0063999686497235
vn 0.9594238343345207 -0.22600561245846199 0.16860417921309592
vn -0.06270237805610966 -0.9978378086542767 0.01970074633458961
vn 0.015499564259467693 -0.9998718739953568 -0.003999887595894369
vn -0.8185227134016203 -0.03800105404154825 0.5732159170307297
vn -0.8185227134016203 -0.03800105404154825 0.5732159170307297
vn 0.9925291557958306 -0.12200358534257326 -0.0010000293861454313
vn 0.9925291557958306 -0.12200358534257326 -0.0010000293861454313
vn -0.008600146191451994 -0.9999169337271379 -0.009600163082164721
vn -0.06439739536011632 -0.2394903030312945 -0.9687607394113429
vn 0.9872499874071814 -0.15910804545208884 0.004700237965915849
vn -0.014299763804677963 -0.9996834703586269 0.020699658133959957
vn -0.11189995444626545 -0.1798999238276366 0.9772995536690551
vn -0.29919872518544544 0.9127961337424105 -0.27799881487573197
vn -0.7875247245719875 -0.06890215416756917 -0.612419220255932
vn -0.7875626942382555 -0.06889673027716706 -0.6123710012739789
vn 0.00789972456975944 -0.9999651518227259 -0.002699905900980664
vn 0.9936503553103554 -0.11250569428113844 -0.001200060799845217
vn 0.03439935777994663 -0.9975814054207724 -0.06039887203453048
vn 0.9926511388255895 -0.12100622489609901 -0.0011000566598137278
vn -0.06229951943320459 -0.2961977228762039 -0.9530926916314821
vn -0.06229951943320459 -0.2961977228762039 -0.9530926916314821
vn 0.9335279894835355 -0.21760654062671528 0.284908557834442
vn 0.9335279894835355 -0.21760654062671528 0.284908557834442
vn -0.015400049741281296 -0.9998032743736754 -0.01250004078564997
vn 0.03890166886879699 -0.9992428634362615 0.0006000257690381039
vn 0.9035692608409804 -0.4269854628666548 -0.03529880116707496
vn 0.9219913537575081 0.05829945236998633 -0.38279644388337447
vn 0.9877947203280917 -0.155699167307477 0.004399976330075663
vn -0.0799996933778973 -0.9964962085315445 0.024399906592017385
vn -0.13449741025433254 -0.2264956386636028 0.9646813838264138
vn -0.030900800749342098 0.9990259450875206 0.03150081832327345
vn -0.8904332806744704 -0.01900070967176612 0.4547169951731182
vn -0.8904332806744704 -0.01900070967176612 0.4547169951731182
vn -0.011899740670731981 0.9998781878981271 -0.010099779083078827
vn -0.9252443338868712 0.06750323952054389 -0.3733178742900909
vn -0.01719939657072817 -0.9997649488702007 -0.013199536664871666
vn -0.9399411123292833 -0.012300537952823999 -0.3411149397479696
vn 0.0018999928327532302 -0.9999961950215167 -0.001999992431021227
vn -0.9591489363665305 -0.03689803155928131 0.2804850319250629
vn -0.19669300723702637 0.9804651196777816 0.00009999644129463791
vn 0.012200245619299716 0.9999201285940177 -0.003300066567781757
vn -0.9756771044377449 0.011799722569257726 0.218894847868255
vn 0.013699845911700311 0.9998887463122189 0.005899933912724235
vn 0.013699845911700311 0.9998887463122189 0.005899933912724235
vn -0.9954176937478146 -0.012500221585221245 -0.09480168476404995
vn 0.016599370516920155 -0.999862095949928 -0.0004999810586012923
vn -0.9997943961533051 -0.005899966998225031 -0.019399892006598304
vn 0.016099520505790676 0.9998702143082794 -0.0005999821653582547
vn -0.9995312558415976 0.030000937779059038 0.0061001908245447885
vn 0.004099963746114152 0.9999911901169625 -0.0008999920787421114
vn 0.004099963746114152 0.9999911901169625 -0.0008999920787421114
vn -0.9999764558319563 0.00499988224190688 -0.004699889288766017
vn -0.4019229363726467 -0.9155522474771808 -0.01490085088416914
vn -0.9961207298187901 0.05410112326068039 0.06940144153555958
vn -0.058000693738962224 -0.998312035041894 0.0030000360516512677
vn -0.9999470686118312 0.009900466514573538 -0.0028001316754077354
vn -0.40430757741855067 0.9146171288766975 -0.003300061709866887
vn -0.9999848153462052 -0.005399917940284634 0.0010999832970670905
f 2423/2423/2423 2425/2425/2425 2484/2484/2484
f 2485/2485/2485 2426/2426/2426 2507/2507/2507
f 2507/2507/2507 2505/2505/2505 2485/2485/2485
f 2424/2424/2424 2418/2418/2418 2506/2506/2506
f 2506/2506/2506 2418/2418/2418 2494/2494/2494
f 2422/2422/2422 2483/2483/2483 2504/2504/2504
f 2272/2272/2272 2149/2149/2149 2504/2504/2504
f 2272/2272/2272 2504/2504/2504 2374/2374/2374
f 2451/2451/2451 2456/2456/2456 2358/2358/2358
f 2361/2361/2361 2404/2404/2404 2453/2453/2453
f 2358/2358/2358 2456/2456/2456 2380/2380/2380
f 2422/2422/2422 2504/2504/2504 2149/2149/2149
f 2455/2455/2455 2417/2417/2417 2382/2382/2382
f 2417/2417/2417 2455/2455/2455 2493/2493/2493
f 2383/2383/2383 2472/2472/2472 2451/2451/2451
f 2493/2493/2493 2455/2455/2455 2471/2471/2471
f 2451/2451/2451 2472/2472/2472 2456/2456/2456
f 2454/2454/2454 2405/2405/2405 2430/2430/2430
f 2429/2429/2429 2385/2385/2385 2452/2452/2452
f 2374/2374/2374 2504/2504/2504 2514/2514/2514
f 2517/2517/2517 2515/2515/2515 2507/2507/2507
f 2427/2427/2427 2402/2402/2402 2336/2336/2336
f 2516/2516/2516 2506/2506/2506 2494/2494/2494
f 2507/2507/2507 2515/2515/2515 2505/2505/2505
f 2289/2289/2289 2422/2422/2422 2149/2149/2149
f 2423/2423/2423 2216/2216/2216 2425/2425/2425
f 2216/2216/2216 2423/2423/2423 2290/2290/2290
f 2296/2296/2296 2382/2382/2382 2417/2417/2417
f 2424/2424/2424 2297/2297/2297 2418/2418/2418
f 2215/2215/2215 2297/2297/2297 2424/2424/2424
f 2217/2217/2217 2358/2358/2358 2380/2380/2380
f 2358/2358/2358 2217/2217/2217 2143/2143/2143
f 2381/2381/2381 2295/2295/2295 2218/2218/2218
f 2216/2216/2216 2290/2290/2290 2148/2148/2148
f 1996/1996/1996 2297/2297/2297 2215/2215/2215
f 2195/2195/2195 2049/2049/2049 2115/2115/2115
f 2359/2359/2359 2145/2145/2145 2196/2196/2196
f 2051/2051/2051 2194/2194/2194 2144/2144/2144
f 2195/2195/2195 2115/2115/2115 2234/2234/2234
f 2116/2116/2116 2050/2050/2050 2042/2042/2042
f 2118/2118/2118 2243/2243/2243 2233/2233/2233
f 2402/2402/2402 2195/2195/2195 2234/2234/2234
f 2360/2360/2360 2197/2197/2197 2403/2403/2403
f 2317/2317/2317 2313/2313/2313 2339/2339/2339
f 2337/2337/2337 2235/2235/2235 2316/2316/2316
f 2313/2313/2313 2317/2317/2317 2245/2245/2245
f 2169/2169/2169 2199/2199/2199 2248/2248/2248
f 2402/2402/2402 2234/2234/2234 2336/2336/2336
f 2250/2250/2250 2313/2313/2313 2245/2245/2245
f 2245/2245/2245 2317/2317/2317 2236/2236/2236
f 2169/2169/2169 2248/2248/2248 2110/2110/2110
f 2243/2243/2243 2118/2118/2118 2109/2109/2109
f 2244/2244/2244 2110/2110/2110 2248/2248/2248
f 2047/2047/2047 2111/2111/2111 2043/2043/2043
f 2043/2043/2043 2111/2111/2111 2117/2117/2117
f 2046/2046/2046 2135/2135/2135 2110/2110/2110
f 2110/2110/2110 2135/2135/2135 2169/2169/2169
f 2201/2201/2201 2170/2170/2170 2180/2180/2180
f 2171/2171/2171 2139/2139/2139 2181/2181/2181
f 2138/2138/2138 2200/2200/2200 2179/2179/2179
f 2139/2139/2139 2171/2171/2171 2136/2136/2136
f 2288/2288/2288 2338/2338/2338 2312/2312/2312
f 2427/2427/2427 2286/2286/2286 2222/2222/2222
f 2288/2288/2288 2312/2312/2312 2221/2221/2221
f 2220/2220/2220 2311/2311/2311 2249/2249/2249
f 2286/2286/2286 2427/2427/2427 2336/2336/2336
f 2202/2202/2202 2220/2220/2220 2249/2249/2249
f 2198/2198/2198 2137/2137/2137 2134/2134/2134
f 2141/2141/2141 2135/2135/2135 2046/2046/2046
f 2141/2141/2141 2203/2203/2203 2135/2135/2135
f 2220/2220/2220 2202/2202/2202 2140/2140/2140
f 2046/2046/2046 2070/2070/2070 2141/2141/2141
f 2151/2151/2151 2219/2219/2219 2142/2142/2142
f 2151/2151/2151 2142/2142/2142 2063/2063/2063
f 2219/2219/2219 2151/2151/2151 2287/2287/2287
f 2063/2063/2063 2142/2142/2142 2071/2071/2071
f 2150/2150/2150 2061/2061/2061 2285/2285/2285
f 2230/2230/2230 2108/2108/2108 2213/2213/2213
f 2229/2229/2229 2346/2346/2346 2246/2246/2246
f 2223/2223/2223 2384/2384/2384 2428/2428/2428
f 2349/2349/2349 2376/2376/2376 2165/2165/2165
f 2247/2247/2247 2349/2349/2349 2090/2090/2090
f 2246/2246/2246 2107/2107/2107 2229/2229/2229
f 2347/2347/2347 2230/2230/2230 2213/2213/2213
f 2349/2349/2349 2165/2165/2165 2090/2090/2090
f 2348/2348/2348 2274/2274/2274 2375/2375/2375
f 2274/2274/2274 2348/2348/2348 2214/2214/2214
f 2143/2143/2143 1859/1859/1859 1929/1929/1929
f 2051/2051/2051 2144/2144/2144 1928/1928/1928
f 2272/2272/2272 1941/1941/1941 2149/2149/2149
f 2218/2218/2218 2295/2295/2295 1858/1858/1858
f 2217/2217/2217 1859/1859/1859 2143/2143/2143
f 1858/1858/1858 2295/2295/2295 1995/1995/1995
f 2018/2018/2018 2062/2062/2062 1982/1982/1982
f 2045/2045/2045 2034/2034/2034 2048/2048/2048
f 2032/2032/2032 1982/1982/1982 2062/2062/2062
f 2020/2020/2020 1984/1984/1984 2010/2010/2010
f 2064/2064/2064 2072/2072/2072 2034/2034/2034
f 2008/2008/2008 1981/1981/1981 1959/1959/1959
f 2033/2033/2033 2044/2044/2044 1983/1983/1983
f 2048/2048/2048 2034/2034/2034 2072/2072/2072
f 1983/1983/1983 2044/2044/2044 2052/2052/2052
f 1939/1939/1939 2213/2213/2213 2108/2108/2108
f 2246/2246/2246 1938/1938/1938 2107/2107/2107
f 1942/1942/1942 2273/2273/2273 2212/2212/2212
f 1942/1942/1942 2212/2212/2212 1940/1940/1940
f 2053/2053/2053 1827/1827/1827 1985/1985/1985
f 2053/2053/2053 1786/1786/1786 1827/1827/1827
f 1928/1928/1928 1787/1787/1787 2051/2051/2051
f 1787/1787/1787 1928/1928/1928 1793/1793/1793
f 1929/1929/1929 1859/1859/1859 1792/1792/1792
f 1799/1799/1799 1942/1942/1942 1940/1940/1940
f 1735/1735/1735 1941/1941/1941 1798/1798/1798
f 2517/2517/2517 2522/2522/2522 2515/2515/2515
f 2286/2286/2286 2062/2062/2062 2222/2222/2222
f 2383/2383/2383 1971/1971/1971 2472/2472/2472
f 2384/2384/2384 2223/2223/2223 2015/2015/2015
f 2520/2520/2520 2373/2373/2373 2513/2513/2513
f 2373/2373/2373 2520/2520/2520 2163/2163/2163
f 2521/2521/2521 1946/1946/1946 2164/2164/2164
f 2018/2018/2018 2222/2222/2222 2062/2062/2062
f 2014/2014/2014 1971/1971/1971 2383/2383/2383
f 1978/1978/1978 1946/1946/1946 2521/2521/2521
f 2067/2067/2067 2472/2472/2472 1971/1971/1971
f 1948/1948/1948 1938/1938/1938 2089/2089/2089
f 2222/2222/2222 1870/1870/1870 1913/1913/1913
f 1960/1960/1960 1955/1955/1955 2011/2011/2011
f 1954/1954/1954 2019/2019/2019 2009/2009/2009
f 1870/1870/1870 2222/2222/2222 1892/1892/1892
f 1893/1893/1893 2019/2019/2019 1954/1954/1954
f 2089/2089/2089 1938/1938/1938 2246/2246/2246
f 1914/1914/1914 2015/2015/2015 2223/2223/2223
f 2090/2090/2090 2165/2165/2165 1945/1945/1945
f 2018/2018/2018 1892/1892/1892 2222/2222/2222
f 1806/1806/1806 1798/1798/1798 1938/1938/1938
f 1806/1806/1806 1938/1938/1938 1948/1948/1948
f 1837/1837/1837 1961/1961/1961 1828/1828/1828
f 1955/1955/1955 1960/1960/1960 1836/1836/1836
f 1828/1828/1828 1961/1961/1961 1986/1986/1986
f 1915/1915/1915 1972/1972/1972 1932/1932/1932
f 2090/2090/2090 1945/1945/1945 1947/1947/1947
f 2015/2015/2015 1914/1914/1914 1931/1931/1931
f 1971/1971/1971 2014/2014/2014 1930/1930/1930
f 1946/1946/1946 1901/1901/1901 1948/1948/1948
f 1893/1893/1893 1954/1954/1954 1883/1883/1883
f 1884/1884/1884 1955/1955/1955 1836/1836/1836
f 1948/1948/1948 1901/1901/1901 1806/1806/1806
f 1781/1781/1781 1807/1807/1807 1903/1903/1903
f 1809/1809/1809 1880/1880/1880 1869/1869/1869
f 1894/1894/1894 1838/1838/1838 1829/1829/1829
f 1780/1780/1780 1902/1902/1902 1868/1868/1868
f 1894/1894/1894 1885/1885/1885 1838/1838/1838
f 1870/1870/1870 1827/1827/1827 1808/1808/1808
f 1870/1870/1870 1892/1892/1892 1827/1827/1827
f 1779/1779/1779 1880/1880/1880 1809/1809/1809
f 1785/1785/1785 1872/1872/1872 1804/1804/1804
f 1872/1872/1872 1785/1785/1785 1868/1868/1868
f 1780/1780/1780 1868/1868/1868 1785/1785/1785
f 1941/1941/1941 1563/1563/1563 2149/2149/2149
f 1941/1941/1941 1638/1638/1638 1563/1563/1563
f 1476/1476/1476 1858/1858/1858 1995/1995/1995
f 1996/1996/1996 2215/2215/2215 1475/1475/1475
f 1792/1792/1792 1859/1859/1859 1653/1653/1653
f 1450/1450/1450 1858/1858/1858 1476/1476/1476
f 2149/2149/2149 1563/1563/1563 273/273/273
f 1653/1653/1653 1859/1859/1859 1449/1449/1449
f 2148/2148/2148 366/366/366 2216/2216/2216
f 1475/1475/1475 2215/2215/2215 365/365/365
f 366/366/366 2148/2148/2148 271/271/271
f 1735/1735/1735 1798/1798/1798 1806/1806/1806
f 1638/1638/1638 1941/1941/1941 1735/1735/1735
f 1786/1786/1786 1727/1727/1727 1808/1808/1808
f 1736/1736/1736 1780/1780/1780 1713/1713/1713
f 1753/1753/1753 1809/1809/1809 1743/1743/1743
f 1743/1743/1743 1809/1809/1809 1728/1728/1728
f 1738/1738/1738 1807/1807/1807 1781/1781/1781
f 1786/1786/1786 1808/1808/1808 1827/1827/1827
f 1743/1743/1743 1728/1728/1728 1647/1647/1647
f 1688/1688/1688 1794/1794/1794 1654/1654/1654
f 1788/1788/1788 1794/1794/1794 1688/1688/1688
f 1786/1786/1786 1687/1687/1687 1727/1727/1727
f 1646/1646/1646 1727/1727/1727 1687/1687/1687
f 1639/1639/1639 1737/1737/1737 1640/1640/1640
f 1640/1640/1640 1737/1737/1737 1714/1714/1714
f 1647/1647/1647 1661/1661/1661 1743/1743/1743
f 1714/1714/1714 1607/1607/1607 1640/1640/1640
f 1780/1780/1780 1702/1702/1702 1713/1713/1713
f 1785/1785/1785 1702/1702/1702 1780/1780/1780
f 1743/1743/1743 1661/1661/1661 1685/1685/1685
f 1703/1703/1703 1607/1607/1607 1714/1714/1714
f 1743/1743/1743 1685/1685/1685 1753/1753/1753
f 1779/1779/1779 1809/1809/1809 1753/1753/1753
f 1491/1491/1491 1653/1653/1653 1449/1449/1449
f 1309/1309/1309 5/5/5 1380/1380/1380
f 1451/1451/1451 1486/1486/1486 1493/1493/1493
f 1484/1484/1484 1436/1436/1436 1422/1422/1422
f 1316/1316/1316 1381/1381/1381 1421/1421/1421
f 1314/1314/1314 1420/1420/1420 1434/1434/1434
f 1434/1434/1434 97/97/97 1314/1314/1314
f 97/97/97 1434/1434/1434 1475/1475/1475
f 1310/1310/1310 1381/1381/1381 1316/1316/1316
f 1486/1486/1486 1451/1451/1451 1437/1437/1437
f 1450/1450/1450 1476/1476/1476 1435/1435/1435
f 1639/1639/1639 1419/1419/1419 1354/1354/1354
f 1640/1640/1640 1419/1419/1419 1639/1639/1639
f 1654/1654/1654 1483/1483/1483 1688/1688/1688
f 1646/1646/1646 1482/1482/1482 1550/1550/1550
f 1483/1483/1483 1654/1654/1654 1492/1492/1492
f 1646/1646/1646 1687/1687/1687 1482/1482/1482
f 1638/1638/1638 1355/1355/1355 1563/1563/1563
f 1332/1332/1332 1380/1380/1380 5/5/5
f 1444/1444/1444 1382/1382/1382 1414/1414/1414
f 1382/1382/1382 1444/1444/1444 1424/1424/1424
f 1485/1485/1485 1423/1423/1423 1442/1442/1442
f 1331/1331/1331 1350/1350/1350 1412/1412/1412
f 1332/1332/1332 1413/1413/1413 1380/1380/1380
f 1443/1443/1443 1412/1412/1412 1350/1350/1350
f 1443/1443/1443 1350/1350/1350 1342/1342/1342
f 1482/1482/1482 1441/1441/1441 1341/1341/1341
f 1418/1418/1418 1482/1482/1482 1341/1341/1341
f 1417/1417/1417 1340/1340/1340 47/47/47
f 243/243/243 1563/1563/1563 1355/1355/1355
f 1550/1550/1550 1482/1482/1482 1418/1418/1418
f 1661/1661/1661 1647/1647/1647 1564/1564/1564
f 1551/1551/1551 1564/1564/1564 1647/1647/1647
f 1383/1383/1383 1552/1552/1552 1415/1415/1415
f 1419/1419/1419 1640/1640/1640 1607/1607/1607
f 1383/1383/1383 1565/1565/1565 1552/1552/1552
f 1607/1607/1607 1391/1391/1391 1419/1419/1419
f 1752/1752/1752 1779/1779/1779 1721/1721/1721
f 1599/1599/1599 1703/1703/1703 1674/1674/1674
f 1703/1703/1703 1599/1599/1599 1607/1607/1607
f 1779/1779/1779 1685/1685/1685 1721/1721/1721
f 1721/1721/1721 1685/1685/1685 1636/1636/1636
f 1785/1785/1785 1740/1740/1740 1702/1702/1702
f 1740/1740/1740 1785/1785/1785 1804/1804/1804
f 1753/1753/1753 1685/1685/1685 1779/1779/1779
f 1673/1673/1673 1702/1702/1702 1740/1740/1740
f 1834/1834/1834 1740/1740/1740 1804/1804/1804
f 1565/1565/1565 11/11/11 1508/1508/1508
f 1599/1599/1599 1391/1391/1391 1607/1607/1607
f 1490/1490/1490 1391/1391/1391 1599/1599/1599
f 1507/1507/1507 1661/1661/1661 1564/1564/1564
f 1391/1391/1391 1490/1490/1490 113/113/113
f 1661/1661/1661 1507/1507/1507 1685/1685/1685
f 11/11/11 1565/1565/1565 1383/1383/1383
f 1636/1636/1636 1685/1685/1685 1507/1507/1507
f 1599/1599/1599 1676/1676/1676 1525/1525/1525
f 1490/1490/1490 1599/1599/1599 1525/1525/1525
f 1599/1599/1599 1674/1674/1674 1676/1676/1676
f 2477/2477/2477 2493/2493/2493 2471/2471/2471
f 2489/2489/2489 2492/2492/2492 2476/2476/2476
f 2526/2526/2526 2522/2522/2522 2517/2517/2517
f 2067/2067/2067 2478/2478/2478 2472/2472/2472
f 1978/1978/1978 2521/2521/2521 2094/2094/2094
f 2147/2147/2147 2193/2193/2193 2068/2068/2068
f 2494/2494/2494 2488/2488/2488 2516/2516/2516
f 2488/2488/2488 2525/2525/2525 2516/2516/2516
f 1965/1965/1965 1979/1979/1979 2016/2016/2016
f 1943/1943/1943 1953/1953/1953 1880/1880/1880
f 1869/1869/1869 1880/1880/1880 1953/1953/1953
f 1952/1952/1952 1913/1913/1913 1870/1870/1870
f 1978/1978/1978 1901/1901/1901 1946/1946/1946
f 1868/1868/1868 1902/1902/1902 1965/1965/1965
f 1991/1991/1991 1972/1972/1972 1915/1915/1915
f 1991/1991/1991 2068/2068/2068 1972/1972/1972
f 1979/1979/1979 1965/1965/1965 1902/1902/1902
f 1952/1952/1952 1990/1990/1990 1913/1913/1913
f 1952/1952/1952 2146/2146/2146 1990/1990/1990
f 2035/2035/2035 2146/2146/2146 1952/1952/1952
f 2147/2147/2147 2068/2068/2068 1991/1991/1991
f 2036/2036/2036 1953/1953/1953 1943/1943/1943
f 2016/2016/2016 1979/1979/1979 2095/2095/2095
f 2016/2016/2016 2095/2095/2095 2127/2127/2127
f 2036/2036/2036 1943/1943/1943 1956/1956/1956
f 1872/1872/1872 1868/1868/1868 1965/1965/1965
f 1880/1880/1880 1779/1779/1779 1865/1865/1865
f 1956/1956/1956 1943/1943/1943 1865/1865/1865
f 1989/1989/1989 1965/1965/1965 2017/2017/2017
f 1989/1989/1989 2017/2017/2017 2128/2128/2128
f 1924/1924/1924 1965/1965/1965 1989/1989/1989
f 1872/1872/1872 1965/1965/1965 1924/1924/1924
f 1880/1880/1880 1865/1865/1865 1943/1943/1943
f 2478/2478/2478 2192/2192/2192 2301/2301/2301
f 2510/2510/2510 2094/2094/2094 2521/2521/2521
f 2527/2527/2527 2510/2510/2510 2521/2521/2521
f 2528/2528/2528 2522/2522/2522 2526/2526/2526
f 2465/2465/2465 2525/2525/2525 2488/2488/2488
f 2266/2266/2266 2356/2356/2356 2491/2491/2491
f 2488/2488/2488 2434/2434/2434 2465/2465/2465
f 2488/2488/2488 2357/2357/2357 2434/2434/2434
f 2354/2354/2354 2415/2415/2415 2435/2435/2435
f 2467/2467/2467 2436/2436/2436 2458/2458/2458
f 2459/2459/2459 2437/2437/2437 2446/2446/2446
f 2525/2525/2525 2465/2465/2465 2499/2499/2499
f 2395/2395/2395 2444/2444/2444 2414/2414/2414
f 2416/2416/2416 2446/2446/2446 2437/2437/2437
f 2479/2479/2479 2265/2265/2265 2490/2490/2490
f 2265/2265/2265 2479/2479/2479 2302/2302/2302
f 2224/2224/2224 2237/2237/2237 2510/2510/2510
f 2094/2094/2094 2510/2510/2510 2237/2237/2237
f 2238/2238/2238 2191/2191/2191 2127/2127/2127
f 2103/2103/2103 2146/2146/2146 2035/2035/2035
f 2069/2069/2069 2106/2106/2106 2036/2036/2036
f 2478/2478/2478 2067/2067/2067 2192/2192/2192
f 2127/2127/2127 2095/2095/2095 2238/2238/2238
f 2193/2193/2193 2267/2267/2267 2303/2303/2303
f 2103/2103/2103 2263/2263/2263 2146/2146/2146
f 2147/2147/2147 2267/2267/2267 2193/2193/2193
f 2330/2330/2330 2395/2395/2395 2258/2258/2258
f 2323/2323/2323 2415/2415/2415 2354/2354/2354
f 2353/2353/2353 2279/2279/2279 2322/2322/2322
f 2264/2264/2264 2278/2278/2278 2355/2355/2355
f 2332/2332/2332 2351/2351/2351 2397/2397/2397
f 2258/2258/2258 2395/2395/2395 2320/2320/2320
f 2320/2320/2320 2395/2395/2395 2414/2414/2414
f 2260/2260/2260 2321/2321/2321 2280/2280/2280
f 2389/2389/2389 2393/2393/2393 2350/2350/2350
f 2105/2105/2105 2131/2131/2131 2176/2176/2176
f 2261/2261/2261 2281/2281/2281 2177/2177/2177
f 2104/2104/2104 2278/2278/2278 2264/2264/2264
f 2278/2278/2278 2104/2104/2104 2175/2175/2175
f 2093/2093/2093 2133/2133/2133 2106/2106/2106
f 2225/2225/2225 2191/2191/2191 2238/2238/2238
f 2128/2128/2128 2191/2191/2191 2092/2092/2092
f 1956/1956/1956 2069/2069/2069 2036/2036/2036
f 2069/2069/2069 1999/1999/1999 2106/2106/2106
f 2093/2093/2093 2106/2106/2106 1999/1999/1999
f 1999/1999/1999 2069/2069/2069 1956/1956/1956
f 1950/1950/1950 2093/2093/2093 1999/1999/1999
f 1834/1834/1834 1872/1872/1872 1924/1924/1924
f 1956/1956/1956 1865/1865/1865 1871/1871/1871
f 1865/1865/1865 1779/1779/1779 1805/1805/1805
f 1805/1805/1805 1779/1779/1779 1752/1752/1752
f 1871/1871/1871 1865/1865/1865 1805/1805/1805
f 1871/1871/1871 1900/1900/1900 1956/1956/1956
f 1804/1804/1804 1872/1872/1872 1834/1834/1834
f 1924/1924/1924 1989/1989/1989 1905/1905/1905
f 1805/1805/1805 1826/1826/1826 1871/1871/1871
f 1924/1924/1924 1905/1905/1905 1863/1863/1863
f 1834/1834/1834 1924/1924/1924 1863/1863/1863
f 1826/1826/1826 1900/1900/1900 1871/1871/1871
f 1905/1905/1905 1989/1989/1989 1944/1944/1944
f 1936/1936/1936 1956/1956/1956 1900/1900/1900
f 1973/1973/1973 1989/1989/1989 2128/2128/2128
f 1973/1973/1973 2128/2128/2128 2092/2092/2092
f 1944/1944/1944 1989/1989/1989 1973/1973/1973
f 1973/1973/1973 2092/2092/2092 2000/2000/2000
f 1973/1973/1973 2000/2000/2000 1951/1951/1951
f 1950/1950/1950 1999/1999/1999 1936/1936/1936
f 1999/1999/1999 1956/1956/1956 1936/1936/1936
f 1745/1745/1745 1752/1752/1752 1721/1721/1721
f 1740/1740/1740 1834/1834/1834 1746/1746/1746
f 1746/1746/1746 1834/1834/1834 1800/1800/1800
f 1752/1752/1752 1745/1745/1745 1805/1805/1805
f 1800/1800/1800 1834/1834/1834 1863/1863/1863
f 1690/1690/1690 1745/1745/1745 1721/1721/1721
f 1826/1826/1826 1849/1849/1849 1900/1900/1900
f 1772/1772/1772 1849/1849/1849 1826/1826/1826
f 1805/1805/1805 1772/1772/1772 1826/1826/1826
f 1772/1772/1772 1805/1805/1805 1745/1745/1745
f 1863/1863/1863 1905/1905/1905 1847/1847/1847
f 1800/1800/1800 1863/1863/1863 1847/1847/1847
f 1905/1905/1905 1857/1857/1857 1847/1847/1847
f 1944/1944/1944 1857/1857/1857 1905/1905/1905
f 1936/1936/1936 1900/1900/1900 1849/1849/1849
f 1857/1857/1857 1944/1944/1944 1876/1876/1876
f 1904/1904/1904 1951/1951/1951 1912/1912/1912
f 1876/1876/1876 1944/1944/1944 1904/1904/1904
f 1950/1950/1950 1936/1936/1936 1873/1873/1873
f 1873/1873/1873 1936/1936/1936 1864/1864/1864
f 1904/1904/1904 1944/1944/1944 1973/1973/1973
f 1951/1951/1951 1904/1904/1904 1973/1973/1973
f 1849/1849/1849 1864/1864/1864 1936/1936/1936
f 1641/1641/1641 1721/1721/1721 1636/1636/1636
f 1675/1675/1675 1673/1673/1673 1740/1740/1740
f 1675/1675/1675 1740/1740/1740 1746/1746/1746
f 1585/1585/1585 1676/1676/1676 1671/1671/1671
f 1585/1585/1585 1525/1525/1525 1676/1676/1676
f 1675/1675/1675 1746/1746/1746 1670/1670/1670
f 1641/1641/1641 1636/1636/1636 1569/1569/1569
f 1690/1690/1690 1721/1721/1721 1641/1641/1641
f 113/113/113 1490/1490/1490 14/14/14
f 1507/1507/1507 1569/1569/1569 1636/1636/1636
f 14/14/14 1490/1490/1490 1525/1525/1525
f 1363/1363/1363 14/14/14 1525/1525/1525
f 1363/1363/1363 1525/1525/1525 1585/1585/1585
f 1508/1508/1508 10/10/10 1570/1570/1570
f 1689/1689/1689 1745/1745/1745 1690/1690/1690
f 1729/1729/1729 1800/1800/1800 1817/1817/1817
f 1767/1767/1767 1772/1772/1772 1745/1745/1745
f 1800/1800/1800 1729/1729/1729 1746/1746/1746
f 1729/1729/1729 1670/1670/1670 1746/1746/1746
f 1633/1633/1633 1670/1670/1670 1729/1729/1729
f 1817/1817/1817 1800/1800/1800 1847/1847/1847
f 1650/1650/1650 1729/1729/1729 1704/1704/1704
f 1767/1767/1767 1745/1745/1745 1739/1739/1739
f 1739/1739/1739 1745/1745/1745 1689/1689/1689
f 1633/1633/1633 1729/1729/1729 1650/1650/1650
f 1729/1729/1729 1765/1765/1765 1742/1742/1742
f 1729/1729/1729 1817/1817/1817 1765/1765/1765
f 1729/1729/1729 1742/1742/1742 1704/1704/1704
f 1460/1460/1460 1585/1585/1585 1634/1634/1634
f 1585/1585/1585 1460/1460/1460 1363/1363/1363
f 1556/1556/1556 10/10/10 18/18/18
f 1634/1634/1634 1585/1585/1585 1671/1671/1671
f 10/10/10 1556/1556/1556 1570/1570/1570
f 1555/1555/1555 1652/1652/1652 1641/1641/1641
f 1555/1555/1555 1641/1641/1641 1569/1569/1569
f 1652/1652/1652 1690/1690/1690 1641/1641/1641
f 1689/1689/1689 1690/1690/1690 1652/1652/1652
f 1548/1548/1548 1634/1634/1634 1651/1651/1651
f 1555/1555/1555 1619/1619/1619 1652/1652/1652
f 1518/1518/1518 1556/1556/1556 1351/1351/1351
f 1376/1376/1376 1460/1460/1460 1548/1548/1548
f 1619/1619/1619 1555/1555/1555 1517/1517/1517
f 1652/1652/1652 1619/1619/1619 1689/1689/1689
f 1351/1351/1351 1556/1556/1556 18/18/18
f 1460/1460/1460 1634/1634/1634 1548/1548/1548
f 1855/1855/1855 1817/1817/1817 1876/1876/1876
f 1849/1849/1849 1761/1761/1761 1821/1821/1821
f 1876/1876/1876 1817/1817/1817 1857/1857/1857
f 1857/1857/1857 1817/1817/1817 1847/1847/1847
f 1767/1767/1767 1849/1849/1849 1772/1772/1772
f 1761/1761/1761 1849/1849/1849 1767/1767/1767
f 1912/1912/1912 1855/1855/1855 1904/1904/1904
f 1844/1844/1844 1873/1873/1873 1864/1864/1864
f 1864/1864/1864 1849/1849/1849 1821/1821/1821
f 1912/1912/1912 1830/1830/1830 1855/1855/1855
f 1830/1830/1830 1912/1912/1912 1843/1843/1843
f 1821/1821/1821 1844/1844/1844 1864/1864/1864
f 1904/1904/1904 1855/1855/1855 1876/1876/1876
f 1758/1758/1758 1821/1821/1821 1761/1761/1761
f 1818/1818/1818 1817/1817/1817 1855/1855/1855
f 1817/1817/1817 1818/1818/1818 1765/1765/1765
f 1758/1758/1758 1844/1844/1844 1821/1821/1821
f 1844/1844/1844 1758/1758/1758 1768/1768/1768
f 1739/1739/1739 1761/1761/1761 1767/1767/1767
f 1830/1830/1830 1818/1818/1818 1855/1855/1855
f 365/365/365 97/97/97 1475/1475/1475
f 157/157/157 1314/1314/1314 97/97/97
f 140/140/140 170/170/170 98/98/98
f 160/160/160 98/98/98 170/170/170
f 243/243/243 273/273/273 1563/1563/1563
f 83/83/83 118/118/118 73/73/73
f 81/81/81 1315/1315/1315 158/158/158
f 81/81/81 1308/1308/1308 1315/1315/1315
f 72/72/72 1308/1308/1308 81/81/81
f 84/84/84 112/112/112 119/119/119
f 159/159/159 110/110/110 82/82/82
f 117/117/117 1309/1309/1309 71/71/71
f 5/5/5 1309/1309/1309 117/117/117
f 372/372/372 272/272/272 242/242/242
f 391/391/391 169/169/169 139/139/139
f 96/96/96 473/473/473 138/138/138
f 391/391/391 139/139/139 474/474/474
f 43/43/43 3/3/3 17/17/17
f 119/119/119 112/112/112 108/108/108
f 15/15/15 1329/1329/1329 4/4/4
f 181/181/181 110/110/110 159/159/159
f 1/1/1 1329/1329/1329 15/15/15
f 106/106/106 40/40/40 117/117/117
f 106/106/106 1328/1328/1328 40/40/40
f 40/40/40 5/5/5 117/117/117
f 42/42/42 16/16/16 6/6/6
f 1330/1330/1330 2/2/2 41/41/41
f 180/180/180 49/49/49 109/109/109
f 105/105/105 1340/1340/1340 1349/1349/1349
f 105/105/105 47/47/47 1340/1340/1340
f 111/111/111 50/50/50 107/107/107
f 1327/1327/1327 104/104/104 1348/1348/1348
f 48/48/48 178/178/178 183/183/183
f 1416/1416/1416 46/46/46 185/185/185
f 182/182/182 160/160/160 170/170/170
f 182/182/182 170/170/170 194/194/194
f 241/241/241 1354/1354/1354 255/255/255
f 1415/1415/1415 184/184/184 246/246/246
f 1419/1419/1419 255/255/255 1354/1354/1354
f 401/401/401 246/246/246 364/364/364
f 183/183/183 178/178/178 346/346/346
f 246/246/246 184/184/184 364/364/364
f 391/391/391 192/192/192 169/169/169
f 347/347/347 179/179/179 392/392/392
f 392/392/392 179/179/179 193/193/193
f 410/410/410 374/374/374 241/241/241
f 410/410/410 241/241/241 255/255/255
f 363/363/363 183/183/183 346/346/346
f 401/401/401 362/362/362 245/245/245
f 401/401/401 245/245/245 246/246/246
f 245/245/245 1383/1383/1383 1415/1415/1415
f 245/245/245 1415/1415/1415 246/246/246
f 410/410/410 255/255/255 361/361/361
f 361/361/361 255/255/255 207/207/207
f 1391/1391/1391 207/207/207 1419/1419/1419
f 1419/1419/1419 207/207/207 255/255/255
f 366/366/366 271/271/271 700/700/700
f 97/97/97 365/365/365 836/836/836
f 698/698/698 272/272/272 372/372/372
f 698/698/698 372/372/372 514/514/514
f 473/473/473 96/96/96 837/837/837
f 478/478/478 401/401/401 364/364/364
f 516/516/516 373/373/373 503/503/503
f 459/459/459 401/401/401 478/478/478
f 502/502/502 374/374/374 410/410/410
f 502/502/502 410/410/410 469/469/469
f 392/392/392 511/511/511 347/347/347
f 477/477/477 363/363/363 346/346/346
f 477/477/477 346/346/346 512/512/512
f 511/511/511 392/392/392 507/507/507
f 512/512/512 587/587/587 477/477/477
f 532/532/532 502/502/502 469/469/469
f 529/529/529 478/478/478 588/588/588
f 478/478/478 529/529/529 459/459/459
f 503/503/503 537/537/537 516/516/516
f 469/469/469 443/443/443 532/532/532
f 469/469/469 410/410/410 443/443/443
f 443/443/443 410/410/410 361/361/361
f 573/573/573 466/466/466 529/529/529
f 466/466/466 459/459/459 529/529/529
f 423/423/423 459/459/459 466/466/466
f 423/423/423 401/401/401 459/459/459
f 362/362/362 401/401/401 423/423/423
f 443/443/443 539/539/539 532/532/532
f 11/11/11 245/245/245 211/211/211
f 11/11/11 1383/1383/1383 245/245/245
f 1391/1391/1391 113/113/113 207/207/207
f 362/362/362 211/211/211 245/245/245
f 306/306/306 362/362/362 375/375/375
f 211/211/211 362/362/362 306/306/306
f 207/207/207 329/329/329 361/361/361
f 329/329/329 207/207/207 113/113/113
f 390/390/390 361/361/361 329/329/329
f 1508/1508/1508 11/11/11 211/211/211
f 451/451/451 466/466/466 518/518/518
f 539/539/539 443/443/443 467/467/467
f 390/390/390 443/443/443 361/361/361
f 573/573/573 518/518/518 466/466/466
f 362/362/362 423/423/423 466/466/466
f 451/451/451 375/375/375 466/466/466
f 362/362/362 466/466/466 375/375/375
f 467/467/467 443/443/443 390/390/390
f 538/538/538 539/539/539 467/467/467
f 1025/1025/1025 473/473/473 837/837/837
f 700/700/700 1073/1073/1073 366/366/366
f 836/836/836 365/365/365 1074/1074/1074
f 1024/1024/1024 808/808/808 474/474/474
f 512/512/512 763/763/763 684/684/684
f 809/809/809 513/513/513 509/509/509
f 508/508/508 391/391/391 808/808/808
f 391/391/391 474/474/474 808/808/808
f 607/607/607 698/698/698 514/514/514
f 841/841/841 763/763/763 512/512/512
f 842/842/842 513/513/513 809/809/809
f 727/727/727 999/999/999 699/699/699
f 727/727/727 699/699/699 608/608/608
f 841/841/841 827/827/827 763/763/763
f 828/828/828 817/817/817 764/764/764
f 763/763/763 721/721/721 684/684/684
f 807/807/807 799/799/799 826/826/826
f 721/721/721 763/763/763 769/769/769
f 763/763/763 806/806/806 769/769/769
f 764/764/764 817/817/817 798/798/798
f 686/686/686 733/733/733 683/683/683
f 799/799/799 807/807/807 765/765/765
f 733/733/733 686/686/686 719/719/719
f 728/728/728 609/609/609 663/663/663
f 728/728/728 663/663/663 895/895/895
f 662/662/662 1014/1014/1014 893/893/893
f 1073/1073/1073 700/700/700 965/965/965
f 968/968/968 842/842/842 809/809/809
f 1025/1025/1025 837/837/837 1071/1071/1071
f 967/967/967 808/808/808 1024/1024/1024
f 1052/1052/1052 842/842/842 968/968/968
f 827/827/827 1050/1050/1050 1020/1020/1020
f 699/699/699 1195/1195/1195 963/963/963
f 999/999/999 1195/1195/1195 699/699/699
f 1050/1050/1050 827/827/827 841/841/841
f 836/836/836 1074/1074/1074 1070/1070/1070
f 1193/1193/1193 1175/1175/1175 1024/1024/1024
f 1173/1173/1173 1051/1051/1051 1176/1176/1176
f 1020/1020/1020 1050/1050/1050 1172/1172/1172
f 1071/1071/1071 1194/1194/1194 1025/1025/1025
f 1024/1024/1024 1175/1175/1175 967/967/967
f 1051/1051/1051 966/966/966 1176/1176/1176
f 1072/1072/1072 964/964/964 1196/1196/1196
f 999/999/999 1133/1133/1133 1195/1195/1195
f 924/924/924 962/962/962 890/890/890
f 928/928/928 829/829/829 1023/1023/1023
f 922/922/922 816/816/816 925/925/925
f 923/923/923 888/888/888 857/857/857
f 816/816/816 922/922/922 860/860/860
f 828/828/828 927/927/927 817/817/817
f 816/816/816 860/860/860 797/797/797
f 1020/1020/1020 1184/1184/1184 1095/1095/1095
f 1083/1083/1083 1061/1061/1061 1022/1022/1022
f 1067/1067/1067 960/960/960 922/922/922
f 1060/1060/1060 922/922/922 925/925/925
f 1067/1067/1067 922/922/922 1060/1060/1060
f 1061/1061/1061 926/926/926 1022/1022/1022
f 1172/1172/1172 1184/1184/1184 1020/1020/1020
f 1084/1084/1084 1069/1069/1069 1062/1062/1062
f 1021/1021/1021 1096/1096/1096 1082/1082/1082
f 796/796/796 886/886/886 823/823/823
f 823/823/823 886/886/886 990/990/990
f 858/858/858 929/929/929 885/885/885
f 890/890/890 962/962/962 931/931/931
f 886/886/886 796/796/796 859/859/859
f 929/929/929 858/858/858 889/889/889
f 991/991/991 904/904/904 824/824/824
f 886/886/886 960/960/960 990/990/990
f 887/887/887 930/930/930 961/961/961
f 952/952/952 903/903/903 992/992/992
f 953/953/953 766/766/766 804/804/804
f 905/905/905 805/805/805 825/825/825
f 954/954/954 805/805/805 905/905/905
f 1138/1138/1138 951/951/951 1095/1095/1095
f 990/990/990 960/960/960 1067/1067/1067
f 1069/1069/1069 1084/1084/1084 1098/1098/1098
f 992/992/992 1097/1097/1097 952/952/952
f 1097/1097/1097 992/992/992 1068/1068/1068
f 1131/1131/1131 994/994/994 1111/1111/1111
f 994/994/994 1131/1131/1131 1000/1000/1000
f 1001/1001/1001 728/728/728 995/995/995
f 728/728/728 895/895/895 995/995/995
f 993/993/993 891/891/891 1053/1053/1053
f 892/892/892 1011/1011/1011 976/976/976
f 1055/1055/1055 894/894/894 977/977/977
f 1109/1109/1109 993/993/993 1053/1053/1053
f 1054/1054/1054 1010/1010/1010 1110/1110/1110
f 855/855/855 1112/1112/1112 1013/1013/1013
f 1112/1112/1112 855/855/855 1132/1132/1132
f 1055/1055/1055 977/977/977 1015/1015/1015
f 1072/1072/1072 1196/1196/1196 1225/1225/1225
f 1225/1225/1225 1196/1196/1196 1248/1248/1248
f 1211/1211/1211 1074/1074/1074 1226/1226/1226
f 1212/1212/1212 1194/1194/1194 1071/1071/1071
f 1211/1211/1211 1070/1070/1070 1074/1074/1074
f 1277/1277/1277 1248/1248/1248 1276/1276/1276
f 1212/1212/1212 1234/1234/1234 1194/1194/1194
f 1225/1225/1225 1248/1248/1248 1277/1277/1277
f 1226/1226/1226 1278/1278/1278 1211/1211/1211
f 1193/1193/1193 1233/1233/1233 1175/1175/1175
f 1195/1195/1195 1275/1275/1275 1247/1247/1247
f 1139/1139/1139 1185/1185/1185 1191/1191/1191
f 1186/1186/1186 1177/1177/1177 1192/1192/1192
f 1190/1190/1190 1175/1175/1175 1233/1233/1233
f 1186/1186/1186 1174/1174/1174 1177/1177/1177
f 1284/1284/1284 1195/1195/1195 1133/1133/1133
f 1138/1138/1138 1095/1095/1095 1184/1184/1184
f 1133/1133/1133 856/856/856 1284/1284/1284
f 1278/1278/1278 1268/1268/1268 1211/1211/1211
f 1234/1234/1234 1212/1212/1212 1269/1269/1269
f 1275/1275/1275 1195/1195/1195 1284/1284/1284
f 1277/1277/1277 1283/1283/1283 1291/1291/1291
f 1277/1277/1277 1276/1276/1276 1283/1283/1283
f 1278/1278/1278 1292/1292/1292 1268/1268/1268
f 682/682/682 549/549/549 685/685/685
f 555/555/555 712/712/712 610/610/610
f 556/556/556 549/549/549 682/682/682
f 681/681/681 712/712/712 555/555/555
f 684/684/684 548/548/548 512/512/512
f 624/624/624 662/662/662 537/537/537
f 651/651/651 662/662/662 624/624/624
f 515/515/515 536/536/536 609/609/609
f 609/609/609 536/536/536 663/663/663
f 759/759/759 714/714/714 735/735/735
f 1012/1012/1012 652/652/652 854/854/854
f 734/734/734 722/722/722 758/758/758
f 757/757/757 693/693/693 713/713/713
f 693/693/693 612/612/612 713/713/713
f 662/662/662 651/651/651 1014/1014/1014
f 681/681/681 732/732/732 712/712/712
f 770/770/770 812/812/812 756/756/756
f 756/756/756 812/812/812 692/692/692
f 755/755/755 720/720/720 768/768/768
f 638/638/638 587/587/587 598/598/598
f 625/625/625 502/502/502 532/532/532
f 503/503/503 624/624/624 537/537/537
f 625/625/625 532/532/532 584/584/584
f 548/548/548 587/587/587 512/512/512
f 557/557/557 599/599/599 550/550/550
f 588/588/588 583/583/583 529/529/529
f 599/599/599 557/557/557 611/611/611
f 587/587/587 548/548/548 598/598/598
f 691/691/691 639/639/639 810/810/810
f 638/638/638 598/598/598 812/812/812
f 584/584/584 672/672/672 625/625/625
f 786/786/786 856/856/856 651/651/651
f 693/693/693 600/600/600 612/612/612
f 649/649/649 639/639/639 691/691/691
f 692/692/692 812/812/812 598/598/598
f 529/529/529 583/583/583 573/573/573
f 672/672/672 584/584/584 602/602/602
f 539/539/539 584/584/584 532/532/532
f 786/786/786 1284/1284/1284 856/856/856
f 1191/1191/1191 810/810/810 1139/1139/1139
f 810/810/810 1191/1191/1191 691/691/691
f 1190/1190/1190 1233/1233/1233 1257/1257/1257
f 767/767/767 950/950/950 811/811/811
f 811/811/811 950/950/950 1137/1137/1137
f 1257/1257/1257 690/690/690 1190/1190/1190
f 792/792/792 690/690/690 1257/1257/1257
f 1259/1259/1259 1234/1234/1234 1269/1269/1269
f 602/602/602 539/539/539 538/538/538
f 539/539/539 602/602/602 584/584/584
f 784/784/784 625/625/625 672/672/672
f 688/688/688 583/583/583 588/588/588
f 650/650/650 760/760/760 640/640/640
f 793/793/793 760/760/760 650/650/650
f 784/784/784 672/672/672 716/716/716
f 786/786/786 651/651/651 624/624/624
f 688/688/688 573/573/573 583/583/583
f 792/792/792 648/648/648 690/690/690
f 638/638/638 761/761/761 587/587/587
f 587/587/587 761/761/761 687/687/687
f 795/795/795 789/789/789 711/711/711
f 795/795/795 711/711/711 688/688/688
f 900/900/900 793/793/793 944/944/944
f 876/876/876 803/803/803 853/853/853
f 981/981/981 785/785/785 877/877/877
f 900/900/900 760/760/760 793/793/793
f 794/794/794 687/687/687 761/761/761
f 761/761/761 901/901/901 794/794/794
f 876/876/876 783/783/783 803/803/803
f 715/715/715 803/803/803 783/783/783
f 725/725/725 717/717/717 660/660/660
f 586/586/586 688/688/688 711/711/711
f 694/694/694 711/711/711 789/789/789
f 586/586/586 573/573/573 688/688/688
f 672/672/672 661/661/661 718/718/718
f 661/661/661 672/672/672 602/602/602
f 717/717/717 725/725/725 803/803/803
f 803/803/803 725/725/725 853/853/853
f 621/621/621 711/711/711 694/694/694
f 711/711/711 621/621/621 586/586/586
f 1256/1256/1256 1259/1259/1259 1269/1269/1269
f 1291/1291/1291 1293/1293/1293 1285/1285/1285
f 1293/1293/1293 1291/1291/1291 1283/1283/1283
f 1235/1235/1235 1258/1258/1258 1254/1254/1254
f 1240/1240/1240 1256/1256/1256 1269/1269/1269
f 1268/1268/1268 1292/1292/1292 1236/1236/1236
f 1236/1236/1236 1292/1292/1292 1286/1286/1286
f 1294/1294/1294 786/786/786 982/982/982
f 786/786/786 1294/1294/1294 1284/1284/1284
f 792/792/792 1257/1257/1257 1235/1235/1235
f 981/981/981 877/877/877 941/941/941
f 944/944/944 1003/1003/1003 900/900/900
f 789/789/789 846/846/846 744/744/744
f 846/846/846 789/789/789 795/795/795
f 901/901/901 843/843/843 794/794/794
f 844/844/844 902/902/902 875/875/875
f 874/874/874 899/899/899 1002/1002/1002
f 942/942/942 876/876/876 853/853/853
f 943/943/943 1235/1235/1235 1036/1036/1036
f 792/792/792 1235/1235/1235 943/943/943
f 1003/1003/1003 944/944/944 1037/1037/1037
f 1076/1076/1076 1026/1026/1026 986/986/986
f 1026/1026/1026 1076/1076/1076 1091/1091/1091
f 1161/1161/1161 1075/1075/1075 1016/1016/1016
f 1018/1018/1018 1077/1077/1077 987/987/987
f 1099/1099/1099 1090/1090/1090 1149/1149/1149
f 1150/1150/1150 1091/1091/1091 1076/1076/1076
f 1017/1017/1017 1005/1005/1005 1148/1148/1148
f 936/936/936 875/875/875 1017/1017/1017
f 939/939/939 1019/1019/1019 989/989/989
f 875/875/875 1005/1005/1005 1017/1017/1017
f 1017/1017/1017 1148/1148/1148 1159/1159/1159
f 844/844/844 875/875/875 848/848/848
f 940/940/940 1042/1042/1042 980/980/980
f 1147/1147/1147 1004/1004/1004 1035/1035/1035
f 1042/1042/1042 940/940/940 947/947/947
f 1223/1223/1223 1203/1203/1203 1163/1163/1163
f 1099/1099/1099 1149/1149/1149 1144/1144/1144
f 1222/1222/1222 1159/1159/1159 1237/1237/1237
f 1076/1076/1076 1201/1201/1201 1150/1150/1150
f 1201/1201/1201 1076/1076/1076 1162/1162/1162
f 1159/1159/1159 1148/1148/1148 1237/1237/1237
f 1223/1223/1223 1163/1163/1163 1160/1160/1160
f 1164/1164/1164 1075/1075/1075 1161/1161/1161
f 1235/1235/1235 1254/1254/1254 1242/1242/1242
f 1294/1294/1294 982/982/982 1044/1044/1044
f 1241/1241/1241 1147/1147/1147 1035/1035/1035
f 1238/1238/1238 1147/1147/1147 1241/1241/1241
f 1235/1235/1235 1242/1242/1242 1036/1036/1036
f 1243/1243/1243 1255/1255/1255 1239/1239/1239
f 847/847/847 762/762/762 845/845/845
f 726/726/726 853/853/853 725/725/725
f 745/745/745 845/845/845 762/762/762
f 949/949/949 942/942/942 815/815/815
f 744/744/744 694/694/694 789/789/789
f 853/853/853 726/726/726 942/942/942
f 726/726/726 815/815/815 942/942/942
f 660/660/660 670/670/670 725/725/725
f 670/670/670 660/660/660 618/618/618
f 661/661/661 602/602/602 619/619/619
f 538/538/538 619/619/619 602/602/602
f 586/586/586 518/518/518 573/573/573
f 540/540/540 518/518/518 586/586/586
f 603/603/603 540/540/540 586/586/586
f 621/621/621 694/694/694 603/603/603
f 574/574/574 619/619/619 538/538/538
f 603/603/603 586/586/586 621/621/621
f 694/694/694 644/644/644 603/603/603
f 744/744/744 677/677/677 694/694/694
f 680/680/680 815/815/815 726/726/726
f 668/668/668 680/680/680 726/726/726
f 694/694/694 677/677/677 644/644/644
f 670/670/670 668/668/668 726/726/726
f 726/726/726 725/725/725 670/670/670
f 678/678/678 745/745/745 762/762/762
f 678/678/678 762/762/762 676/676/676
f 244/244/244 389/389/389 329/329/329
f 329/329/329 113/113/113 244/244/244
f 244/244/244 113/113/113 14/14/14
f 306/306/306 10/10/10 211/211/211
f 1508/1508/1508 211/211/211 10/10/10
f 390/390/390 329/329/329 389/389/389
f 383/383/383 306/306/306 375/375/375
f 10/10/10 306/306/306 221/221/221
f 306/306/306 383/383/383 338/338/338
f 306/306/306 338/338/338 221/221/221
f 317/317/317 244/244/244 151/151/151
f 389/389/389 244/244/244 317/317/317
f 151/151/151 14/14/14 1363/1363/1363
f 244/244/244 14/14/14 151/151/151
f 517/517/517 574/574/574 538/538/538
f 570/570/570 574/574/574 517/517/517
f 451/451/451 383/383/383 375/375/375
f 467/467/467 390/390/390 440/440/440
f 518/518/518 540/540/540 471/471/471
f 440/440/440 538/538/538 467/467/467
f 471/471/471 451/451/451 518/518/518
f 390/390/390 389/389/389 440/440/440
f 517/517/517 538/538/538 440/440/440
f 383/383/383 451/451/451 471/471/471
f 471/471/471 540/540/540 510/510/510
f 383/383/383 471/471/471 425/425/425
f 456/456/456 471/471/471 510/510/510
f 456/456/456 425/425/425 471/471/471
f 425/425/425 338/338/338 383/383/383
f 559/559/559 540/540/540 603/603/603
f 579/579/579 559/559/559 603/603/603
f 578/578/578 619/619/619 574/574/574
f 570/570/570 578/578/578 574/574/574
f 668/668/668 670/670/670 589/589/589
f 589/589/589 670/670/670 577/577/577
f 510/510/510 540/540/540 559/559/559
f 578/578/578 671/671/671 619/619/619
f 644/644/644 579/579/579 603/603/603
f 592/592/592 579/579/579 644/644/644
f 628/628/628 680/680/680 626/626/626
f 677/677/677 592/592/592 644/644/644
f 680/680/680 668/668/668 626/626/626
f 668/668/668 589/589/589 626/626/626
f 593/593/593 678/678/678 591/591/591
f 676/676/676 591/591/591 678/678/678
f 389/389/389 317/317/317 358/358/358
f 389/389/389 358/358/358 429/429/429
f 317/317/317 177/177/177 214/214/214
f 177/177/177 1363/1363/1363 1460/1460/1460
f 317/317/317 151/151/151 177/177/177
f 151/151/151 1363/1363/1363 177/177/177
f 317/317/317 214/214/214 358/358/358
f 18/18/18 10/10/10 221/221/221
f 214/214/214 177/177/177 1460/1460/1460
f 338/338/338 330/330/330 216/216/216
f 1351/1351/1351 18/18/18 216/216/216
f 214/214/214 1460/1460/1460 1376/1376/1376
f 338/338/338 216/216/216 221/221/221
f 216/216/216 18/18/18 221/221/221
f 338/338/338 425/425/425 330/330/330
f 358/358/358 413/413/413 429/429/429
f 358/358/358 339/339/339 413/413/413
f 330/330/330 425/425/425 415/415/415
f 358/358/358 214/214/214 339/339/339
f 470/470/470 517/517/517 429/429/429
f 526/526/526 517/517/517 470/470/470
f 526/526/526 570/570/570 517/517/517
f 429/429/429 517/517/517 440/440/440
f 389/389/389 429/429/429 440/440/440
f 456/456/456 446/446/446 415/415/415
f 413/413/413 452/452/452 470/470/470
f 456/456/456 415/415/415 425/425/425
f 452/452/452 526/526/526 470/470/470
f 480/480/480 526/526/526 452/452/452
f 446/446/446 456/456/456 510/510/510
f 446/446/446 510/510/510 481/481/481
f 413/413/413 470/470/470 429/429/429
f 577/577/577 563/563/563 589/589/589
f 531/531/531 559/559/559 579/579/579
f 526/526/526 564/564/564 570/570/570
f 559/559/559 531/531/531 510/510/510
f 570/570/570 564/564/564 578/578/578
f 594/594/594 589/589/589 563/563/563
f 534/534/534 531/531/531 579/579/579
f 589/589/589 594/594/594 626/626/626
f 592/592/592 534/534/534 579/579/579
f 594/594/594 628/628/628 626/626/626
f 535/535/535 591/591/591 541/541/541
f 576/576/576 628/628/628 594/594/594
f 591/591/591 535/535/535 593/593/593
f 523/523/523 526/526/526 480/480/480
f 576/576/576 543/543/543 558/558/558
f 526/526/526 523/523/523 564/564/564
f 510/510/510 531/531/531 481/481/481
f 543/543/543 576/576/576 563/563/563
f 543/543/543 563/563/563 522/522/522
f 594/594/594 563/563/563 576/576/576
f 2460/2460/2460 2447/2447/2447 2440/2440/2440
f 2438/2438/2438 2445/2445/2445 2396/2396/2396
f 2396/2396/2396 2329/2329/2329 2438/2438/2438
f 2460/2460/2460 2440/2440/2440 2450/2450/2450
f 2387/2387/2387 2438/2438/2438 2329/2329/2329
f 2449/2449/2449 2439/2439/2439 2388/2388/2388
f 2352/2352/2352 2372/2372/2372 2391/2391/2391
f 2370/2370/2370 2394/2394/2394 2390/2390/2390
f 2369/2369/2369 2328/2328/2328 2392/2392/2392
f 2411/2411/2411 2499/2499/2499 2465/2465/2465
f 2368/2368/2368 2449/2449/2449 2388/2388/2388
f 2466/2466/2466 2457/2457/2457 2448/2448/2448
f 2466/2466/2466 2448/2448/2448 2413/2413/2413
f 2413/2413/2413 2448/2448/2448 2366/2366/2366
f 2211/2211/2211 2257/2257/2257 2178/2178/2178
f 2371/2371/2371 2331/2331/2331 2326/2326/2326
f 2330/2330/2330 2258/2258/2258 2324/2324/2324
f 2333/2333/2333 2372/2372/2372 2352/2352/2352
f 2257/2257/2257 2262/2262/2262 2178/2178/2178
f 2256/2256/2256 2325/2325/2325 2259/2259/2259
f 2176/2176/2176 2131/2131/2131 2208/2208/2208
f 2209/2209/2209 2132/2132/2132 2270/2270/2270
f 2209/2209/2209 2270/2270/2270 2367/2367/2367
f 2327/2327/2327 2255/2255/2255 2386/2386/2386
f 2413/2413/2413 2366/2366/2366 2269/2269/2269
f 2210/2210/2210 2386/2386/2386 2255/2255/2255
f 2386/2386/2386 2210/2210/2210 2365/2365/2365
f 2482/2482/2482 2500/2500/2500 2412/2412/2412
f 2298/2298/2298 2412/2412/2412 2268/2268/2268
f 2482/2482/2482 2412/2412/2412 2298/2298/2298
f 2225/2225/2225 2174/2174/2174 2191/2191/2191
f 2172/2172/2172 2270/2270/2270 2078/2078/2078
f 2162/2162/2162 2174/2174/2174 2225/2225/2225
f 2132/2132/2132 2078/2078/2078 2270/2270/2270
f 2173/2173/2173 2300/2300/2300 2271/2271/2271
f 2510/2510/2510 2161/2161/2161 2224/2224/2224
f 2481/2481/2481 2299/2299/2299 2189/2189/2189
f 2174/2174/2174 2162/2162/2162 2091/2091/2091
f 2190/2190/2190 2300/2300/2300 2173/2173/2173
f 2077/2077/2077 2133/2133/2133 2093/2093/2093
f 2096/2096/2096 2481/2481/2481 2189/2189/2189
f 2174/2174/2174 2092/2092/2092 2191/2191/2191
f 2174/2174/2174 2007/2007/2007 2060/2060/2060
f 2060/2060/2060 2092/2092/2092 2174/2174/2174
f 2007/2007/2007 2174/2174/2174 2091/2091/2091
f 2480/2480/2480 2487/2487/2487 2498/2498/2498
f 2498/2498/2498 2487/2487/2487 2496/2496/2496
f 2525/2525/2525 2499/2499/2499 2523/2523/2523
f 2524/2524/2524 2528/2528/2528 2526/2526/2526
f 2519/2519/2519 2528/2528/2528 2524/2524/2524
f 2518/2518/2518 2088/2088/2088 2510/2510/2510
f 2523/2523/2523 2499/2499/2499 2508/2508/2508
f 2508/2508/2508 2499/2499/2499 2495/2495/2495
f 2510/2510/2510 2527/2527/2527 2518/2518/2518
f 2161/2161/2161 2510/2510/2510 2088/2088/2088
f 2161/2161/2161 2088/2088/2088 2025/2025/2025
f 2486/2486/2486 2096/2096/2096 2012/2012/2012
f 2173/2173/2173 2059/2059/2059 2190/2190/2190
f 2027/2027/2027 2091/2091/2091 2162/2162/2162
f 2172/2172/2172 2002/2002/2002 2057/2057/2057
f 2190/2190/2190 2059/2059/2059 2098/2098/2098
f 2002/2002/2002 2172/2172/2172 2078/2078/2078
f 2481/2481/2481 2096/2096/2096 2486/2486/2486
f 1899/1899/1899 1980/1980/1980 1970/1970/1970
f 2027/2027/2027 1998/1998/1998 2091/2091/2091
f 1980/1980/1980 2040/2040/2040 1970/1970/1970
f 2076/2076/2076 1980/1980/1980 2001/2001/2001
f 1970/1970/1970 2040/2040/2040 1987/1987/1987
f 1980/1980/1980 2076/2076/2076 2040/2040/2040
f 2093/2093/2093 1988/1988/1988 2041/2041/2041
f 2077/2077/2077 2093/2093/2093 2041/2041/2041
f 1969/1969/1969 2091/2091/2091 1998/1998/1998
f 1969/1969/1969 2007/2007/2007 2091/2091/2091
f 1966/1966/1966 2001/2001/2001 1980/1980/1980
f 2026/2026/2026 1922/1922/1922 1957/1957/1957
f 1997/1997/1997 2026/2026/2026 1957/1957/1957
f 2057/2057/2057 1967/1967/1967 1916/1916/1916
f 1935/1935/1935 2013/2013/2013 1918/1918/1918
f 2057/2057/2057 2002/2002/2002 1967/1967/1967
f 2097/2097/2097 2058/2058/2058 2013/2013/2013
f 1921/1921/1921 2025/2025/2025 2088/2088/2088
f 1937/1937/1937 1966/1966/1966 1980/1980/1980
f 2058/2058/2058 1918/1918/1918 2013/2013/2013
f 1916/1916/1916 1967/1967/1967 1896/1896/1896
f 1937/1937/1937 1895/1895/1895 1966/1966/1966
f 1850/1850/1850 1895/1895/1895 1937/1937/1937
f 1957/1957/1957 1922/1922/1922 1882/1882/1882
f 1925/1925/1925 1882/1882/1882 1852/1852/1852
f 1957/1957/1957 1925/1925/1925 1997/1997/1997
f 1957/1957/1957 1882/1882/1882 1925/1925/1925
f 1856/1856/1856 1850/1850/1850 1937/1937/1937
f 1777/1777/1777 1850/1850/1850 1856/1856/1856
f 1856/1856/1856 1937/1937/1937 1899/1899/1899
f 1899/1899/1899 1937/1937/1937 1980/1980/1980
f 1997/1997/1997 1925/1925/1925 1968/1968/1968
f 1970/1970/1970 1919/1919/1919 1899/1899/1899
f 1919/1919/1919 1970/1970/1970 1987/1987/1987
f 2060/2060/2060 2000/2000/2000 2092/2092/2092
f 1950/1950/1950 1988/1988/1988 2093/2093/2093
f 1951/1951/1951 2000/2000/2000 1958/1958/1958
f 1958/1958/1958 2060/2060/2060 1949/1949/1949
f 1927/1927/1927 1988/1988/1988 1950/1950/1950
f 1969/1969/1969 1949/1949/1949 2007/2007/2007
f 1958/1958/1958 2000/2000/2000 2060/2060/2060
f 1949/1949/1949 2060/2060/2060 2007/2007/2007
f 1919/1919/1919 1987/1987/1987 1926/1926/1926
f 1848/1848/1848 1852/1852/1852 1763/1763/1763
f 1848/1848/1848 1925/1925/1925 1852/1852/1852
f 1890/1890/1890 1925/1925/1925 1848/1848/1848
f 1890/1890/1890 1968/1968/1968 1925/1925/1925
f 1851/1851/1851 1775/1775/1775 1856/1856/1856
f 1777/1777/1777 1856/1856/1856 1775/1775/1775
f 1851/1851/1851 1856/1856/1856 1899/1899/1899
f 1949/1949/1949 1969/1969/1969 1891/1891/1891
f 2112/2112/2112 2408/2408/2408 2486/2486/2486
f 2012/2012/2012 2112/2112/2112 2486/2486/2486
f 2511/2511/2511 2083/2083/2083 2088/2088/2088
f 2511/2511/2511 2088/2088/2088 2518/2518/2518
f 2470/2470/2470 2486/2486/2486 2408/2408/2408
f 2487/2487/2487 2469/2469/2469 2496/2496/2496
f 2524/2524/2524 2512/2512/2512 2519/2519/2519
f 2066/2066/2066 2378/2378/2378 2307/2307/2307
f 2129/2129/2129 2291/2291/2291 2021/2021/2021
f 2409/2409/2409 2292/2292/2292 2420/2420/2420
f 2065/2065/2065 2306/2306/2306 2114/2114/2114
f 2129/2129/2129 2342/2342/2342 2291/2291/2291
f 2066/2066/2066 2084/2084/2084 2378/2378/2378
f 2292/2292/2292 2409/2409/2409 2113/2113/2113
f 2291/2291/2291 2342/2342/2342 2419/2419/2419
f 2083/2083/2083 2511/2511/2511 2377/2377/2377
f 2508/2508/2508 2461/2461/2461 2473/2473/2473
f 2468/2468/2468 2462/2462/2462 2497/2497/2497
f 2461/2461/2461 2508/2508/2508 2495/2495/2495
f 2474/2474/2474 2502/2502/2502 2509/2509/2509
f 2512/2512/2512 2509/2509/2509 2502/2502/2502
f 2524/2524/2524 2509/2509/2509 2512/2512/2512
f 2341/2341/2341 2399/2399/2399 2432/2432/2432
f 2441/2441/2441 2398/2398/2398 2400/2400/2400
f 2470/2470/2470 2441/2441/2441 2400/2400/2400
f 2421/2421/2421 2443/2443/2443 2410/2410/2410
f 2441/2441/2441 2470/2470/2470 2408/2408/2408
f 2443/2443/2443 2421/2421/2421 2433/2433/2433
f 2432/2432/2432 2399/2399/2399 2442/2442/2442
f 2419/2419/2419 2342/2342/2342 2431/2431/2431
f 2511/2511/2511 2304/2304/2304 2377/2377/2377
f 2503/2503/2503 2475/2475/2475 2464/2464/2464
f 2304/2304/2304 2511/2511/2511 2501/2501/2501
f 2462/2462/2462 2401/2401/2401 2319/2319/2319
f 2401/2401/2401 2462/2462/2462 2468/2468/2468
f 2473/2473/2473 2461/2461/2461 2318/2318/2318
f 2407/2407/2407 2335/2335/2335 2464/2464/2464
f 2473/2473/2473 2318/2318/2318 2293/2293/2293
f 2473/2473/2473 2293/2293/2293 2406/2406/2406
f 2304/2304/2304 2463/2463/2463 2334/2334/2334
f 2475/2475/2475 2407/2407/2407 2464/2464/2464
f 2463/2463/2463 2304/2304/2304 2501/2501/2501
f 2308/2308/2308 2252/2252/2252 2207/2207/2207
f 2343/2343/2343 2130/2130/2130 2188/2188/2188
f 2253/2253/2253 2343/2343/2343 2188/2188/2188
f 2254/2254/2254 2309/2309/2309 2344/2344/2344
f 2340/2340/2340 2431/2431/2431 2314/2314/2314
f 2315/2315/2315 2310/2310/2310 2228/2228/2228
f 2310/2310/2310 2315/2315/2315 2345/2345/2345
f 2184/2184/2184 2315/2315/2315 2228/2228/2228
f 2431/2431/2431 2342/2342/2342 2314/2314/2314
f 2028/2028/2028 2186/2186/2186 2129/2129/2129
f 2252/2252/2252 2124/2124/2124 2207/2207/2207
f 2124/2124/2124 2252/2252/2252 2100/2100/2100
f 2185/2185/2185 2099/2099/2099 2251/2251/2251
f 2187/2187/2187 2029/2029/2029 2101/2101/2101
f 2124/2124/2124 2100/2100/2100 2054/2054/2054
f 2204/2204/2204 2123/2123/2123 2152/2152/2152
f 2167/2167/2167 2054/2054/2054 2073/2073/2073
f 2166/2166/2166 2205/2205/2205 2157/2157/2157
f 2124/2124/2124 2054/2054/2054 2167/2167/2167
f 2168/2168/2168 2159/2159/2159 2125/2125/2125
f 2154/2154/2154 2126/2126/2126 2160/2160/2160
f 2308/2308/2308 2207/2207/2207 2167/2167/2167
f 2158/2158/2158 2206/2206/2206 2153/2153/2153
f 2182/2182/2182 2226/2226/2226 2074/2074/2074
f 2308/2308/2308 2167/2167/2167 2227/2227/2227
f 2182/2182/2182 2074/2074/2074 2038/2038/2038
f 2227/2227/2227 2167/2167/2167 2073/2073/2073
f 2363/2363/2363 2307/2307/2307 2378/2378/2378
f 2156/2156/2156 2362/2362/2362 2276/2276/2276
f 2379/2379/2379 2277/2277/2277 2364/2364/2364
f 2277/2277/2277 2379/2379/2379 2241/2241/2241
f 2362/2362/2362 2242/2242/2242 2306/2306/2306
f 2242/2242/2242 2362/2362/2362 2156/2156/2156
f 2114/2114/2114 2306/2306/2306 2242/2242/2242
f 2114/2114/2114 2242/2242/2242 2156/2156/2156
f 2122/2122/2122 2284/2284/2284 2341/2341/2341
f 2341/2341/2341 2284/2284/2284 2399/2399/2399
f 2240/2240/2240 2155/2155/2155 2275/2275/2275
f 2340/2340/2340 2314/2314/2314 2183/2183/2183
f 2086/2086/2086 2282/2282/2282 2119/2119/2119
f 2398/2398/2398 2283/2283/2283 2231/2231/2231
f 2400/2400/2400 2398/2398/2398 2231/2231/2231
f 2377/2377/2377 2304/2304/2304 2239/2239/2239
f 2340/2340/2340 2183/2183/2183 2120/2120/2120
f 2037/2037/2037 2120/2120/2120 2183/2183/2183
f 2294/2294/2294 2080/2080/2080 2335/2335/2335
f 2407/2407/2407 2294/2294/2294 2335/2335/2335
f 2319/2319/2319 2401/2401/2401 2232/2232/2232
f 2081/2081/2081 2293/2293/2293 2318/2318/2318
f 2082/2082/2082 2319/2319/2319 2232/2232/2232
f 2231/2231/2231 2283/2283/2283 2085/2085/2085
f 2080/2080/2080 2305/2305/2305 2335/2335/2335
f 1917/1917/1917 2113/2113/2113 1934/1934/1934
f 1917/1917/1917 2292/2292/2292 2113/2113/2113
f 2112/2112/2112 2012/2012/2012 1933/1933/1933
f 1911/1911/1911 2291/2291/2291 1916/1916/1916
f 2083/2083/2083 1921/1921/1921 2088/2088/2088
f 1910/1910/1910 1888/1888/1888 1993/1993/1993
f 1923/1923/1923 2084/2084/2084 2066/2066/2066
f 2021/2021/2021 2028/2028/2028 2129/2129/2129
f 1976/1976/1976 2022/2022/2022 2005/2005/2005
f 2114/2114/2114 1906/1906/1906 2065/2065/2065
f 2024/2024/2024 1994/1994/1994 2006/2006/2006
f 2021/2021/2021 2291/2291/2291 1911/1911/1911
f 2003/2003/2003 1992/1992/1992 1886/1886/1886
f 1962/1962/1962 1975/1975/1975 2004/2004/2004
f 1993/1993/1993 2023/2023/2023 1910/1910/1910
f 1974/1974/1974 2028/2028/2028 2021/2021/2021
f 2065/2065/2065 1814/1814/1814 1920/1920/1920
f 1909/1909/1909 1878/1878/1878 1887/1887/1887
f 1896/1896/1896 1877/1877/1877 1911/1911/1911
f 1896/1896/1896 1911/1911/1911 1916/1916/1916
f 1816/1816/1816 1842/1842/1842 1882/1882/1882
f 1877/1877/1877 1896/1896/1896 1823/1823/1823
f 1850/1850/1850 1846/1846/1846 1895/1895/1895
f 1845/1845/1845 1823/1823/1823 1896/1896/1896
f 1879/1879/1879 1825/1825/1825 1889/1889/1889
f 1889/1889/1889 1825/1825/1825 1841/1841/1841
f 1816/1816/1816 1882/1882/1882 1922/1922/1922
f 1824/1824/1824 1964/1964/1964 1840/1840/1840
f 1814/1814/1814 2065/2065/2065 1906/1906/1906
f 2003/2003/2003 1886/1886/1886 1839/1839/1839
f 1963/1963/1963 2003/2003/2003 1839/1839/1839
f 1974/1974/1974 1823/1823/1823 1874/1874/1874
f 1964/1964/1964 1824/1824/1824 1977/1977/1977
f 1783/1783/1783 1874/1874/1874 1823/1823/1823
f 1875/1875/1875 1782/1782/1782 1796/1796/1796
f 1801/1801/1801 1907/1907/1907 1897/1897/1897
f 1907/1907/1907 1801/1801/1801 1813/1813/1813
f 1814/1814/1814 1906/1906/1906 1812/1812/1812
f 1852/1852/1852 1882/1882/1882 1842/1842/1842
f 1974/1974/1974 2037/2037/2037 2028/2028/2028
f 2055/2055/2055 2102/2102/2102 2030/2030/2030
f 2120/2120/2120 2037/2037/2037 1874/1874/1874
f 1897/1897/1897 1907/1907/1907 2155/2155/2155
f 1897/1897/1897 2155/2155/2155 2240/2240/2240
f 2075/2075/2075 2031/2031/2031 2039/2039/2039
f 2031/2031/2031 2075/2075/2075 2056/2056/2056
f 2121/2121/2121 1875/1875/1875 2087/2087/2087
f 1906/1906/1906 2114/2114/2114 2156/2156/2156
f 1898/1898/1898 2239/2239/2239 2304/2304/2304
f 1770/1770/1770 2085/2085/2085 1795/1795/1795
f 2087/2087/2087 1875/1875/1875 1796/1796/1796
f 1974/1974/1974 1874/1874/1874 2037/2037/2037
f 2082/2082/2082 2232/2232/2232 1771/1771/1771
f 2231/2231/2231 2085/2085/2085 1770/1770/1770
f 1733/1733/1733 2080/2080/2080 2294/2294/2294
f 1814/1814/1814 1812/1812/1812 1802/1802/1802
f 1719/1719/1719 1850/1850/1850 1744/1744/1744
f 1823/1823/1823 1845/1845/1845 1783/1783/1783
f 1764/1764/1764 1842/1842/1842 1816/1816/1816
f 1850/1850/1850 1719/1719/1719 1846/1846/1846
f 1783/1783/1783 1845/1845/1845 1718/1718/1718
f 1668/1668/1668 1803/1803/1803 1898/1898/1898
f 1683/1683/1683 1797/1797/1797 1784/1784/1784
f 1797/1797/1797 1683/1683/1683 1681/1681/1681
f 1718/1718/1718 1682/1682/1682 1783/1783/1783
f 1803/1803/1803 1668/1668/1668 1815/1815/1815
f 1697/1697/1697 1764/1764/1764 1669/1669/1669
f 1764/1764/1764 1816/1816/1816 1669/1669/1669
f 1744/1744/1744 1660/1660/1660 1719/1719/1719
f 1764/1764/1764 1852/1852/1852 1842/1842/1842
f 1777/1777/1777 1744/1744/1744 1850/1850/1850
f 1716/1716/1716 1660/1660/1660 1744/1744/1744
f 1716/1716/1716 1744/1744/1744 1777/1777/1777
f 1750/1750/1750 1764/1764/1764 1701/1701/1701
f 1701/1701/1701 1697/1697/1697 1642/1642/1642
f 1852/1852/1852 1764/1764/1764 1750/1750/1750
f 1621/1621/1621 1660/1660/1660 1716/1716/1716
f 1701/1701/1701 1764/1764/1764 1697/1697/1697
f 1463/1463/1463 1898/1898/1898 2304/2304/2304
f 1478/1478/1478 2081/2081/2081 1432/1432/1432
f 1478/1478/1478 1734/1734/1734 2293/2293/2293
f 2293/2293/2293 2081/2081/2081 1478/1478/1478
f 1445/1445/1445 2082/2082/2082 1771/1771/1771
f 1463/1463/1463 2304/2304/2304 2079/2079/2079
f 2082/2082/2082 1445/1445/1445 1431/1431/1431
f 1462/1462/1462 2080/2080/2080 1733/1733/1733
f 1680/1680/1680 1770/1770/1770 1795/1795/1795
f 1519/1519/1519 1770/1770/1770 1680/1680/1680
f 1770/1770/1770 1519/1519/1519 1446/1446/1446
f 1898/1898/1898 1463/1463/1463 1668/1668/1668
f 1683/1683/1683 1488/1488/1488 1681/1681/1681
f 1519/1519/1519 1680/1680/1680 1499/1499/1499
f 1593/1593/1593 1487/1487/1487 1682/1682/1682
f 1593/1593/1593 1682/1682/1682 1718/1718/1718
f 1681/1681/1681 1488/1488/1488 1500/1500/1500
f 1660/1660/1660 1594/1594/1594 1719/1719/1719
f 1697/1697/1697 1669/1669/1669 1614/1614/1614
f 1359/1359/1359 1669/1669/1669 1346/1346/1346
f 1614/1614/1614 1669/1669/1669 1359/1359/1359
f 38/38/38 1333/1333/1333 1388/1388/1388
f 1369/1369/1369 1487/1487/1487 1593/1593/1593
f 1377/1377/1377 1365/1365/1365 1594/1594/1594
f 39/39/39 1387/1387/1387 1368/1368/1368
f 1333/1333/1333 1305/1305/1305 1394/1394/1394
f 1388/1388/1388 1394/1394/1394 1455/1455/1455
f 1388/1388/1388 1455/1455/1455 1370/1370/1370
f 1306/1306/1306 1385/1385/1385 1396/1396/1396
f 1333/1333/1333 1394/1394/1394 1388/1388/1388
f 1369/1369/1369 1453/1453/1453 1487/1487/1487
f 1386/1386/1386 1456/1456/1456 1395/1395/1395
f 1385/1385/1385 1306/1306/1306 1339/1339/1339
f 1304/1304/1304 1319/1319/1319 1338/1338/1338
f 1668/1668/1668 1463/1463/1463 1345/1345/1345
f 1519/1519/1519 1499/1499/1499 1446/1446/1446
f 1300/1300/1300 1385/1385/1385 1339/1339/1339
f 1447/1447/1447 1501/1501/1501 1433/1433/1433
f 13/13/13 1399/1399/1399 1311/1311/1311
f 1298/1298/1298 1312/1312/1312 1384/1384/1384
f 1433/1433/1433 1489/1489/1489 1454/1454/1454
f 1384/1384/1384 1312/1312/1312 1400/1400/1400
f 1318/1318/1318 1297/1297/1297 1337/1337/1337
f 1432/1432/1432 1452/1452/1452 1398/1398/1398
f 1386/1386/1386 1401/1401/1401 1456/1456/1456
f 1433/1433/1433 1501/1501/1501 1489/1489/1489
f 1432/1432/1432 92/92/92 1478/1478/1478
f 1432/1432/1432 12/12/12 92/92/92
f 12/12/12 1432/1432/1432 1398/1398/1398
f 1377/1377/1377 1505/1505/1505 1295/1295/1295
f 1505/1505/1505 1377/1377/1377 1594/1594/1594
f 1505/1505/1505 1594/1594/1594 1621/1621/1621
f 1621/1621/1621 1594/1594/1594 1660/1660/1660
f 1511/1511/1511 1359/1359/1359 23/23/23
f 1359/1359/1359 1511/1511/1511 1614/1614/1614
f 1642/1642/1642 1614/1614/1614 1511/1511/1511
f 1642/1642/1642 1697/1697/1697 1614/1614/1614
f 1628/1628/1628 1701/1701/1701 1642/1642/1642
f 1628/1628/1628 1730/1730/1730 1701/1701/1701
f 1750/1750/1750 1730/1730/1730 1763/1763/1763
f 1730/1730/1730 1750/1750/1750 1701/1701/1701
f 1763/1763/1763 1852/1852/1852 1750/1750/1750
f 1699/1699/1699 1621/1621/1621 1716/1716/1716
f 1699/1699/1699 1777/1777/1777 1775/1775/1775
f 1777/1777/1777 1699/1699/1699 1716/1716/1716
f 1613/1613/1613 1621/1621/1621 1699/1699/1699
f 1613/1613/1613 1505/1505/1505 1621/1621/1621
f 1613/1613/1613 1469/1469/1469 1505/1505/1505
f 1505/1505/1505 44/44/44 1295/1295/1295
f 44/44/44 1505/1505/1505 1469/1469/1469
f 1642/1642/1642 1511/1511/1511 1628/1628/1628
f 1397/1397/1397 1628/1628/1628 1511/1511/1511
f 23/23/23 1397/1397/1397 1511/1511/1511
f 1862/1862/1862 1927/1927/1927 1873/1873/1873
f 1927/1927/1927 1950/1950/1950 1873/1873/1873
f 1861/1861/1861 1919/1919/1919 1926/1926/1926
f 1958/1958/1958 1912/1912/1912 1951/1951/1951
f 1912/1912/1912 1958/1958/1958 1908/1908/1908
f 1949/1949/1949 1908/1908/1908 1958/1958/1958
f 1860/1860/1860 1919/1919/1919 1861/1861/1861
f 1908/1908/1908 1949/1949/1949 1881/1881/1881
f 1833/1833/1833 1899/1899/1899 1860/1860/1860
f 1881/1881/1881 1949/1949/1949 1891/1891/1891
f 1881/1881/1881 1891/1891/1891 1854/1854/1854
f 1860/1860/1860 1899/1899/1899 1919/1919/1919
f 1763/1763/1763 1760/1760/1760 1848/1848/1848
f 1699/1699/1699 1775/1775/1775 1711/1711/1711
f 1820/1820/1820 1848/1848/1848 1760/1760/1760
f 1820/1820/1820 1890/1890/1890 1848/1848/1848
f 1760/1760/1760 1763/1763/1763 1730/1730/1730
f 1730/1730/1730 1723/1723/1723 1760/1760/1760
f 1775/1775/1775 1762/1762/1762 1711/1711/1711
f 1899/1899/1899 1833/1833/1833 1851/1851/1851
f 1762/1762/1762 1775/1775/1775 1851/1851/1851
f 1723/1723/1723 1789/1789/1789 1760/1760/1760
f 1851/1851/1851 1774/1774/1774 1762/1762/1762
f 1851/1851/1851 1833/1833/1833 1774/1774/1774
f 1820/1820/1820 1760/1760/1760 1789/1789/1789
f 1853/1853/1853 1890/1890/1890 1820/1820/1820
f 1628/1628/1628 1657/1657/1657 1730/1730/1730
f 1723/1723/1723 1730/1730/1730 1657/1657/1657
f 1655/1655/1655 1502/1502/1502 1613/1613/1613
f 1586/1586/1586 1657/1657/1657 1628/1628/1628
f 1655/1655/1655 1699/1699/1699 1711/1711/1711
f 1655/1655/1655 1613/1613/1613 1699/1699/1699
f 1472/1472/1472 1397/1397/1397 147/147/147
f 1397/1397/1397 1472/1472/1472 1586/1586/1586
f 44/44/44 1469/1469/1469 1502/1502/1502
f 1628/1628/1628 1397/1397/1397 1586/1586/1586
f 94/94/94 44/44/44 1502/1502/1502
f 1613/1613/1613 1502/1502/1502 1469/1469/1469
f 1822/1822/1822 1860/1860/1860 1861/1861/1861
f 1862/1862/1862 1873/1873/1873 1810/1810/1810
f 1822/1822/1822 1861/1861/1861 1811/1811/1811
f 1843/1843/1843 1912/1912/1912 1867/1867/1867
f 1844/1844/1844 1810/1810/1810 1873/1873/1873
f 1866/1866/1866 1908/1908/1908 1881/1881/1881
f 1867/1867/1867 1908/1908/1908 1866/1866/1866
f 1867/1867/1867 1912/1912/1912 1908/1908/1908
f 1854/1854/1854 1866/1866/1866 1881/1881/1881
f 1866/1866/1866 1854/1854/1854 1832/1832/1832
f 1749/1749/1749 1774/1774/1774 1833/1833/1833
f 1749/1749/1749 1833/1833/1833 1822/1822/1822
f 1822/1822/1822 1833/1833/1833 1860/1860/1860
f 1768/1768/1768 1810/1810/1810 1844/1844/1844
f 1717/1717/1717 1774/1774/1774 1749/1749/1749
f 1822/1822/1822 1766/1766/1766 1749/1749/1749
f 1831/1831/1831 1751/1751/1751 1790/1790/1790
f 1791/1791/1791 1819/1819/1819 1832/1832/1832
f 1811/1811/1811 1766/1766/1766 1822/1822/1822
f 1835/1835/1835 1832/1832/1832 1819/1819/1819
f 1832/1832/1832 1835/1835/1835 1866/1866/1866
f 1867/1867/1867 1866/1866/1866 1835/1835/1835
f 1843/1843/1843 1867/1867/1867 1835/1835/1835
f 1724/1724/1724 1769/1769/1769 1789/1789/1789
f 1789/1789/1789 1769/1769/1769 1820/1820/1820
f 1691/1691/1691 1655/1655/1655 1711/1711/1711
f 1820/1820/1820 1831/1831/1831 1853/1853/1853
f 1762/1762/1762 1695/1695/1695 1691/1691/1691
f 1789/1789/1789 1723/1723/1723 1724/1724/1724
f 1645/1645/1645 1723/1723/1723 1657/1657/1657
f 1645/1645/1645 1724/1724/1724 1723/1723/1723
f 1762/1762/1762 1691/1691/1691 1711/1711/1711
f 1769/1769/1769 1831/1831/1831 1820/1820/1820
f 1751/1751/1751 1724/1724/1724 1712/1712/1712
f 1751/1751/1751 1769/1769/1769 1724/1724/1724
f 1751/1751/1751 1831/1831/1831 1769/1769/1769
f 1695/1695/1695 1762/1762/1762 1717/1717/1717
f 1717/1717/1717 1762/1762/1762 1774/1774/1774
f 1724/1724/1724 1645/1645/1645 1667/1667/1667
f 1724/1724/1724 1667/1667/1667 1712/1712/1712
f 1472/1472/1472 1362/1362/1362 1523/1523/1523
f 1612/1612/1612 1655/1655/1655 1691/1691/1691
f 1612/1612/1612 1502/1502/1502 1655/1655/1655
f 1645/1645/1645 1657/1657/1657 1586/1586/1586
f 1461/1461/1461 1502/1502/1502 1612/1612/1612
f 1461/1461/1461 94/94/94 1502/1502/1502
f 1472/1472/1472 1645/1645/1645 1586/1586/1586
f 1645/1645/1645 1472/1472/1472 1523/1523/1523
f 52/52/52 1472/1472/1472 147/147/147
f 1362/1362/1362 1472/1472/1472 52/52/52
f 1612/1612/1612 1691/1691/1691 1620/1620/1620
f 1695/1695/1695 1620/1620/1620 1691/1691/1691
f 1608/1608/1608 1645/1645/1645 1523/1523/1523
f 1477/1477/1477 1523/1523/1523 1362/1362/1362
f 86/86/86 94/94/94 1461/1461/1461
f 1667/1667/1667 1645/1645/1645 1608/1608/1608
f 1608/1608/1608 1523/1523/1523 1477/1477/1477
f 934/934/934 1008/1008/1008 833/833/833
f 938/938/938 988/988/988 1028/1028/1028
f 1093/1093/1093 1008/1008/1008 934/934/934
f 1106/1106/1106 937/937/937 1027/1027/1027
f 937/937/937 1106/1106/1106 1094/1094/1094
f 847/847/847 935/935/935 835/835/835
f 936/936/936 848/848/848 875/875/875
f 1145/1145/1145 1141/1141/1141 1102/1102/1102
f 1146/1146/1146 1152/1152/1152 1143/1143/1143
f 1101/1101/1101 1122/1122/1122 1089/1089/1089
f 1026/1026/1026 1123/1123/1123 1158/1158/1158
f 1123/1123/1123 1026/1026/1026 1091/1091/1091
f 1008/1008/1008 1093/1093/1093 1166/1166/1166
f 1158/1158/1158 1123/1123/1123 1150/1150/1150
f 1158/1158/1158 1105/1105/1105 1026/1026/1026
f 1121/1121/1121 1100/1100/1100 1140/1140/1140
f 1151/1151/1151 1124/1124/1124 1142/1142/1142
f 1006/1006/1006 1165/1165/1165 1033/1033/1033
f 1043/1043/1043 948/948/948 975/975/975
f 1158/1158/1158 1150/1150/1150 1201/1201/1201
f 1092/1092/1092 1198/1198/1198 1215/1215/1215
f 1199/1199/1199 1157/1157/1157 1202/1202/1202
f 1198/1198/1198 1092/1092/1092 1104/1104/1104
f 1216/1216/1216 1200/1200/1200 1224/1224/1224
f 1224/1224/1224 1200/1200/1200 1204/1204/1204
f 1197/1197/1197 1103/1103/1103 1156/1156/1156
f 1232/1232/1232 1032/1032/1032 1245/1245/1245
f 1267/1267/1267 1261/1261/1261 1246/1246/1246
f 1232/1232/1232 1245/1245/1245 1260/1260/1260
f 1033/1033/1033 1165/1165/1165 1244/1244/1244
f 1244/1244/1244 1165/1165/1165 1266/1266/1266
f 1221/1221/1221 1265/1265/1265 1214/1214/1214
f 1236/1236/1236 1286/1286/1286 1265/1265/1265
f 1265/1265/1265 1221/1221/1221 1236/1236/1236
f 1166/1166/1166 1093/1093/1093 1213/1213/1213
f 1264/1264/1264 1166/1166/1166 1213/1213/1213
f 1044/1044/1044 1288/1288/1288 1294/1294/1294
f 870/870/870 975/975/975 948/948/948
f 1232/1232/1232 917/917/917 1032/1032/1032
f 918/918/918 1007/1007/1007 1034/1034/1034
f 742/742/742 1007/1007/1007 918/918/918
f 834/834/834 1009/1009/1009 748/748/748
f 743/743/743 748/748/748 1009/1009/1009
f 740/740/740 762/762/762 847/847/847
f 835/835/835 740/740/740 847/847/847
f 749/749/749 740/740/740 835/835/835
f 740/740/740 749/749/749 689/689/689
f 736/736/736 871/871/871 771/771/771
f 771/771/771 949/949/949 815/815/815
f 871/871/871 949/949/949 771/771/771
f 748/748/748 743/743/743 695/695/695
f 869/869/869 741/741/741 974/974/974
f 787/787/787 974/974/974 741/741/741
f 742/742/742 918/918/918 747/747/747
f 623/623/623 696/696/696 646/646/646
f 664/664/664 741/741/741 669/669/669
f 742/742/742 655/655/655 643/643/643
f 645/645/645 743/743/743 641/641/641
f 695/695/695 743/743/743 645/645/645
f 655/655/655 742/742/742 747/747/747
f 664/664/664 787/787/787 741/741/741
f 658/658/658 788/788/788 665/665/665
f 669/669/669 647/647/647 590/590/590
f 623/623/623 571/571/571 697/697/697
f 601/601/601 689/689/689 697/697/697
f 689/689/689 749/749/749 697/697/697
f 736/736/736 647/647/647 741/741/741
f 697/697/697 571/571/571 601/601/601
f 669/669/669 741/741/741 647/647/647
f 741/741/741 871/871/871 736/736/736
f 571/571/571 623/623/623 525/525/525
f 1267/1267/1267 1253/1253/1253 1261/1261/1261
f 973/973/973 788/788/788 1288/1288/1288
f 1287/1287/1287 1289/1289/1289 1293/1293/1293
f 1232/1232/1232 1260/1260/1260 1252/1252/1252
f 1285/1285/1285 1293/1293/1293 1289/1289/1289
f 746/746/746 917/917/917 1232/1232/1232
f 973/973/973 1288/1288/1288 1044/1044/1044
f 746/746/746 1232/1232/1232 1251/1251/1251
f 1265/1265/1265 1286/1286/1286 1262/1262/1262
f 1262/1262/1262 1286/1286/1286 1290/1290/1290
f 658/658/658 1288/1288/1288 788/788/788
f 1263/1263/1263 1253/1253/1253 1267/1267/1267
f 627/627/627 676/676/676 679/679/679
f 680/680/680 708/708/708 771/771/771
f 656/656/656 736/736/736 708/708/708
f 736/736/736 771/771/771 708/708/708
f 679/679/679 689/689/689 620/620/620
f 676/676/676 762/762/762 740/740/740
f 676/676/676 740/740/740 679/679/679
f 815/815/815 680/680/680 771/771/771
f 679/679/679 740/740/740 689/689/689
f 627/627/627 679/679/679 620/620/620
f 551/551/551 601/601/601 571/571/571
f 620/620/620 601/601/601 551/551/551
f 551/551/551 571/571/571 479/479/479
f 453/453/453 571/571/571 525/525/525
f 479/479/479 571/571/571 453/453/453
f 620/620/620 689/689/689 601/601/601
f 580/580/580 590/590/590 647/647/647
f 580/580/580 487/487/487 590/590/590
f 736/736/736 656/656/656 647/647/647
f 656/656/656 580/580/580 647/647/647
f 235/235/235 198/198/198 1366/1366/1366
f 66/66/66 1333/1333/1333 38/38/38
f 143/143/143 132/132/132 37/37/37
f 173/173/173 33/33/33 199/199/199
f 142/142/142 35/35/35 174/174/174
f 201/201/201 34/34/34 1367/1367/1367
f 131/131/131 68/68/68 36/36/36
f 1305/1305/1305 1333/1333/1333 69/69/69
f 32/32/32 1301/1301/1301 22/22/22
f 146/146/146 126/126/126 133/133/133
f 30/30/30 67/67/67 124/124/124
f 1317/1317/1317 1302/1302/1302 19/19/19
f 145/145/145 78/78/78 125/125/125
f 21/21/21 1307/1307/1307 31/31/31
f 124/124/124 67/67/67 130/130/130
f 1299/1299/1299 1320/1320/1320 20/20/20
f 67/67/67 30/30/30 1303/1303/1303
f 1296/1296/1296 30/30/30 124/124/124
f 176/176/176 166/166/166 144/144/144
f 263/263/263 1347/1347/1347 274/274/274
f 236/236/236 1365/1365/1365 1377/1377/1377
f 261/261/261 1359/1359/1359 1346/1346/1346
f 166/166/166 189/189/189 168/168/168
f 189/189/189 166/166/166 176/176/176
f 188/188/188 175/175/175 202/202/202
f 369/369/369 408/408/408 235/235/235
f 235/235/235 408/408/408 198/198/198
f 167/167/167 186/186/186 320/320/320
f 384/384/384 262/262/262 378/378/378
f 379/379/379 264/264/264 275/275/275
f 402/402/402 200/200/200 407/407/407
f 321/321/321 200/200/200 402/402/402
f 321/321/321 187/187/187 200/200/200
f 56/56/56 78/78/78 145/145/145
f 13/13/13 1311/1311/1311 77/77/77
f 165/165/165 54/54/54 141/141/141
f 55/55/55 164/164/164 13/13/13
f 92/92/92 12/12/12 163/163/163
f 55/55/55 13/13/13 77/77/77
f 1312/1312/1312 1298/1298/1298 123/123/123
f 1312/1312/1312 123/123/123 76/76/76
f 166/166/166 116/116/116 93/93/93
f 116/116/116 166/166/166 168/168/168
f 212/212/212 276/276/276 1345/1345/1345
f 212/212/212 1345/1345/1345 1463/1463/1463
f 167/167/167 320/320/320 115/115/115
f 486/486/486 91/91/91 114/114/114
f 1462/1462/1462 1733/1733/1733 867/867/867
f 213/213/213 381/381/381 277/277/277
f 1734/1734/1734 1478/1478/1478 868/868/868
f 348/348/348 237/237/237 191/191/191
f 348/348/348 370/370/370 237/237/237
f 236/236/236 1295/1295/1295 190/190/190
f 236/236/236 1377/1377/1377 1295/1295/1295
f 1359/1359/1359 270/270/270 23/23/23
f 387/387/387 270/270/270 384/384/384
f 384/384/384 270/270/270 265/265/265
f 270/270/270 1359/1359/1359 265/265/265
f 407/407/407 505/505/505 402/402/402
f 521/521/521 380/380/380 494/494/494
f 505/505/505 407/407/407 499/499/499
f 482/482/482 500/500/500 369/369/369
f 454/454/454 483/483/483 370/370/370
f 378/378/378 441/441/441 384/384/384
f 519/519/519 441/441/441 378/378/378
f 369/369/369 500/500/500 408/408/408
f 381/381/381 633/633/633 495/495/495
f 442/442/442 520/520/520 530/530/530
f 454/454/454 553/553/553 483/483/483
f 500/500/500 552/552/552 544/544/544
f 500/500/500 482/482/482 552/552/552
f 434/434/434 370/370/370 348/348/348
f 525/525/525 454/454/454 434/434/434
f 370/370/370 434/434/434 454/454/454
f 454/454/454 525/525/525 553/553/553
f 387/387/387 384/384/384 444/444/444
f 384/384/384 441/441/441 444/444/444
f 445/445/445 442/442/442 530/530/530
f 533/533/533 445/445/445 530/530/530
f 633/633/633 381/381/381 213/213/213
f 710/710/710 632/632/632 212/212/212
f 485/485/485 403/403/403 504/504/504
f 403/403/403 485/485/485 320/320/320
f 115/115/115 320/320/320 485/485/485
f 933/933/933 1462/1462/1462 867/867/867
f 212/212/212 1463/1463/1463 710/710/710
f 486/486/486 873/873/873 91/91/91
f 872/872/872 868/868/868 1478/1478/1478
f 92/92/92 872/872/872 1478/1478/1478
f 709/709/709 1462/1462/1462 933/933/933
f 23/23/23 270/270/270 197/197/197
f 197/197/197 270/270/270 340/340/340
f 302/302/302 197/197/197 340/340/340
f 340/340/340 270/270/270 387/387/387
f 1397/1397/1397 23/23/23 197/197/197
f 44/44/44 190/190/190 1295/1295/1295
f 386/386/386 348/348/348 286/286/286
f 286/286/286 348/348/348 191/191/191
f 487/487/487 445/445/445 533/533/533
f 418/418/418 445/445/445 487/487/487
f 417/417/417 302/302/302 340/340/340
f 434/434/434 348/348/348 386/386/386
f 417/417/417 387/387/387 444/444/444
f 525/525/525 434/434/434 453/453/453
f 417/417/417 340/340/340 387/387/387
f 453/453/453 434/434/434 386/386/386
f 605/605/605 552/552/552 645/645/645
f 623/623/623 646/646/646 553/553/553
f 605/605/605 645/645/645 641/641/641
f 669/669/669 585/585/585 664/664/664
f 664/664/664 585/585/585 629/629/629
f 596/596/596 546/546/546 604/604/604
f 521/521/521 667/667/667 631/631/631
f 629/629/629 585/585/585 530/530/530
f 636/636/636 565/565/565 595/595/595
f 546/546/546 596/596/596 566/566/566
f 606/606/606 637/637/637 597/597/597
f 605/605/605 544/544/544 552/552/552
f 629/629/629 530/530/530 520/520/520
f 521/521/521 791/791/791 667/667/667
f 553/553/553 525/525/525 623/623/623
f 585/585/585 669/669/669 590/590/590
f 545/545/545 561/561/561 674/674/674
f 544/544/544 615/615/615 500/500/500
f 494/494/494 791/791/791 521/521/521
f 703/703/703 560/560/560 565/565/565
f 737/737/737 565/565/565 636/636/636
f 703/703/703 565/565/565 737/737/737
f 547/547/547 567/567/567 562/562/562
f 674/674/674 561/561/561 702/702/702
f 501/501/501 617/617/617 506/506/506
f 675/675/675 615/615/615 544/544/544
f 659/659/659 666/666/666 750/750/750
f 750/750/750 666/666/666 790/790/790
f 653/653/653 746/746/746 781/781/781
f 658/658/658 665/665/665 630/630/630
f 667/667/667 657/657/657 631/631/631
f 654/654/654 782/782/782 642/642/642
f 723/723/723 839/839/839 752/752/752
f 642/642/642 782/782/782 1130/1130/1130
f 637/637/637 606/606/606 724/724/724
f 724/724/724 754/754/754 739/739/739
f 723/723/723 605/605/605 1129/1129/1129
f 724/724/724 739/739/739 637/637/637
f 605/605/605 641/641/641 1129/1129/1129
f 865/865/865 485/485/485 831/831/831
f 485/485/485 504/504/504 613/613/613
f 873/873/873 486/486/486 866/866/866
f 506/506/506 617/617/617 614/614/614
f 831/831/831 485/485/485 613/613/613
f 635/635/635 707/707/707 496/496/496
f 791/791/791 494/494/494 705/705/705
f 777/777/777 675/675/675 730/730/730
f 753/753/753 731/731/731 738/738/738
f 675/675/675 777/777/777 615/615/615
f 839/839/839 730/730/730 752/752/752
f 738/738/738 731/731/731 704/704/704
f 673/673/673 701/701/701 729/729/729
f 777/777/777 730/730/730 839/839/839
f 772/772/772 615/615/615 777/777/777
f 780/780/780 822/822/822 802/802/802
f 780/780/780 802/802/802 776/776/776
f 705/705/705 916/916/916 791/791/791
f 706/706/706 985/985/985 863/863/863
f 985/985/985 634/634/634 998/998/998
f 634/634/634 985/985/985 706/706/706
f 773/773/773 818/818/818 616/616/616
f 832/832/832 617/617/617 819/819/819
f 617/617/617 832/832/832 614/614/614
f 710/710/710 997/997/997 632/632/632
f 916/916/916 705/705/705 861/861/861
f 775/775/775 801/801/801 814/814/814
f 1189/1189/1189 781/781/781 746/746/746
f 1189/1189/1189 746/746/746 1249/1249/1249
f 1249/1249/1249 746/746/746 1251/1251/1251
f 946/946/946 1288/1288/1288 751/751/751
f 1288/1288/1288 658/658/658 751/751/751
f 839/839/839 723/723/723 1129/1129/1129
f 945/945/945 790/790/790 1079/1079/1079
f 750/750/750 790/790/790 945/945/945
f 1039/1039/1039 839/839/839 1129/1129/1129
f 1130/1130/1130 782/782/782 1187/1187/1187
f 1080/1080/1080 791/791/791 916/916/916
f 882/882/882 838/838/838 1040/1040/1040
f 1250/1250/1250 1253/1253/1253 1263/1263/1263
f 1288/1288/1288 946/946/946 1281/1281/1281
f 1282/1282/1282 1289/1289/1289 1287/1287/1287
f 909/909/909 820/820/820 906/906/906
f 779/779/779 884/884/884 821/821/821
f 851/851/851 820/820/820 909/909/909
f 911/911/911 959/959/959 898/898/898
f 800/800/800 820/820/820 851/851/851
f 883/883/883 778/778/778 840/840/840
f 821/821/821 884/884/884 908/908/908
f 850/850/850 897/897/897 919/919/919
f 910/910/910 896/896/896 849/849/849
f 898/898/898 959/959/959 921/921/921
f 1030/1030/1030 907/907/907 882/882/882
f 1029/1029/1029 909/909/909 906/906/906
f 956/956/956 909/909/909 1063/1063/1063
f 1030/1030/1030 882/882/882 1040/1040/1040
f 1114/1114/1114 1031/1031/1031 1041/1041/1041
f 1031/1031/1031 1114/1114/1114 1065/1065/1065
f 909/909/909 1029/1029/1029 1063/1063/1063
f 1038/1038/1038 1128/1128/1128 1113/1113/1113
f 818/818/818 773/773/773 913/913/913
f 958/958/958 852/852/852 920/920/920
f 878/878/878 851/851/851 955/955/955
f 800/800/800 851/851/851 878/878/878
f 1046/1046/1046 912/912/912 880/880/880
f 774/774/774 813/813/813 914/914/914
f 879/879/879 957/957/957 1064/1064/1064
f 1045/1045/1045 879/879/879 1064/1064/1064
f 881/881/881 814/814/814 801/801/801
f 814/814/814 881/881/881 915/915/915
f 1115/1115/1115 1047/1047/1047 1066/1066/1066
f 1056/1056/1056 1113/1113/1113 1167/1167/1167
f 1047/1047/1047 1115/1115/1115 1059/1059/1059
f 912/912/912 1046/1046/1046 1058/1058/1058
f 978/978/978 1080/1080/1080 916/916/916
f 1078/1078/1078 983/983/983 1118/1118/1118
f 1125/1125/1125 984/984/984 996/996/996
f 1126/1126/1126 945/945/945 1120/1120/1120
f 1125/1125/1125 1119/1119/1119 984/984/984
f 945/945/945 1079/1079/1079 1120/1120/1120
f 864/864/864 1081/1081/1081 979/979/979
f 1078/1078/1078 862/862/862 983/983/983
f 978/978/978 916/916/916 861/861/861
f 818/818/818 913/913/913 969/969/969
f 972/972/972 832/832/832 819/819/819
f 865/865/865 1085/1085/1085 1107/1107/1107
f 1086/1086/1086 830/830/830 970/970/970
f 969/969/969 913/913/913 1057/1057/1057
f 997/997/997 710/710/710 1116/1116/1116
f 831/831/831 1085/1085/1085 865/865/865
f 868/868/868 872/872/872 1048/1048/1048
f 933/933/933 867/867/867 1049/1049/1049
f 1108/1108/1108 1136/1136/1136 866/866/866
f 1116/1116/1116 710/710/710 932/932/932
f 866/866/866 1136/1136/1136 873/873/873
f 1134/1134/1134 1048/1048/1048 872/872/872
f 1116/1116/1116 1127/1127/1127 997/997/997
f 933/933/933 1049/1049/1049 1117/1117/1117
f 1155/1155/1155 1117/1117/1117 1049/1049/1049
f 1179/1179/1179 1087/1087/1087 1169/1169/1169
f 1178/1178/1178 1107/1107/1107 1085/1085/1085
f 1088/1088/1088 971/971/971 1170/1170/1170
f 1134/1134/1134 1209/1209/1209 1048/1048/1048
f 1057/1057/1057 1168/1168/1168 969/969/969
f 1209/1209/1209 1154/1154/1154 1048/1048/1048
f 1182/1182/1182 1130/1130/1130 1187/1187/1187
f 1227/1227/1227 1281/1281/1281 1127/1127/1127
f 1189/1189/1189 1205/1205/1205 1178/1178/1178
f 1171/1171/1171 1183/1183/1183 1180/1180/1180
f 1181/1181/1181 1113/1113/1113 1128/1128/1128
f 1180/1180/1180 1183/1183/1183 1188/1188/1188
f 1281/1281/1281 946/946/946 1127/1127/1127
f 1167/1167/1167 1113/1113/1113 1181/1181/1181
f 1249/1249/1249 1205/1205/1205 1189/1189/1189
f 1231/1231/1231 1206/1206/1206 1250/1250/1250
f 1263/1263/1263 1231/1231/1231 1250/1250/1250
f 1270/1270/1270 1230/1230/1230 1290/1290/1290
f 1262/1262/1262 1290/1290/1290 1230/1230/1230
f 1227/1227/1227 1279/1279/1279 1281/1281/1281
f 1272/1272/1272 1280/1280/1280 1274/1274/1274
f 1280/1280/1280 1272/1272/1272 1289/1289/1289
f 1280/1280/1280 1289/1289/1289 1282/1282/1282
f 1206/1206/1206 1231/1231/1231 1135/1135/1135
f 1108/1108/1108 1207/1207/1207 1136/1136/1136
f 1274/1274/1274 1228/1228/1228 1272/1272/1272
f 1219/1219/1219 1272/1272/1272 1228/1228/1228
f 1209/1209/1209 1134/1134/1134 1230/1230/1230
f 1230/1230/1230 1270/1270/1270 1209/1209/1209
f 1227/1227/1227 1273/1273/1273 1279/1279/1279
f 1107/1107/1107 1178/1178/1178 1205/1205/1205
f 1227/1227/1227 1127/1127/1127 1116/1116/1116
f 1271/1271/1271 1218/1218/1218 1210/1210/1210
f 1155/1155/1155 1229/1229/1229 1117/1117/1117
f 1153/1153/1153 1208/1208/1208 1217/1217/1217
f 1229/1229/1229 1155/1155/1155 1220/1220/1220
f 533/533/533 585/585/585 590/590/590
f 590/590/590 487/487/487 533/533/533
f 585/585/585 533/533/533 530/530/530
f 127/127/127 197/197/197 302/302/302
f 285/285/285 190/190/190 44/44/44
f 127/127/127 1397/1397/1397 197/197/197
f 94/94/94 285/285/285 44/44/44
f 286/286/286 95/95/95 324/324/324
f 147/147/147 127/127/127 327/327/327
f 147/147/147 1397/1397/1397 127/127/127
f 327/327/327 127/127/127 302/302/302
f 327/327/327 302/302/302 393/393/393
f 324/324/324 386/386/386 286/286/286
f 453/453/453 386/386/386 424/424/424
f 302/302/302 417/417/417 393/393/393
f 424/424/424 386/386/386 324/324/324
f 428/428/428 394/394/394 418/418/418
f 622/622/622 708/708/708 680/680/680
f 572/572/572 627/627/627 620/620/620
f 622/622/622 680/680/680 628/628/628
f 591/591/591 627/627/627 582/582/582
f 627/627/627 591/591/591 676/676/676
f 572/572/572 582/582/582 627/627/627
f 492/492/492 568/568/568 551/551/551
f 656/656/656 622/622/622 581/581/581
f 656/656/656 581/581/581 569/569/569
f 568/568/568 620/620/620 551/551/551
f 708/708/708 622/622/622 656/656/656
f 572/572/572 620/620/620 568/568/568
f 487/487/487 580/580/580 497/497/497
f 487/487/487 428/428/428 418/418/418
f 528/528/528 497/497/497 580/580/580
f 428/428/428 487/487/487 497/497/497
f 424/424/424 479/479/479 453/453/453
f 528/528/528 460/460/460 497/497/497
f 424/424/424 492/492/492 479/479/479
f 580/580/580 569/569/569 528/528/528
f 428/428/428 497/497/497 460/460/460
f 580/580/580 656/656/656 569/569/569
f 492/492/492 551/551/551 479/479/479
f 324/324/324 95/95/95 305/305/305
f 356/356/356 324/324/324 305/305/305
f 424/424/424 324/324/324 356/356/356
f 367/367/367 327/327/327 393/393/393
f 397/397/397 424/424/424 356/356/356
f 147/147/147 327/327/327 292/292/292
f 52/52/52 147/147/147 292/292/292
f 367/367/367 292/292/292 327/327/327
f 53/53/53 52/52/52 234/234/234
f 234/234/234 52/52/52 292/292/292
f 331/331/331 292/292/292 367/367/367
f 53/53/53 1362/1362/1362 52/52/52
f 234/234/234 292/292/292 331/331/331
f 87/87/87 305/305/305 95/95/95
f 368/368/368 420/420/420 332/332/332
f 305/305/305 397/397/397 356/356/356
f 581/581/581 622/622/622 575/575/575
f 524/524/524 572/572/572 489/489/489
f 541/541/541 572/572/572 524/524/524
f 628/628/628 575/575/575 622/622/622
f 575/575/575 491/491/491 581/581/581
f 572/572/572 541/541/541 582/582/582
f 582/582/582 541/541/541 591/591/591
f 576/576/576 575/575/575 628/628/628
f 568/568/568 489/489/489 572/572/572
f 575/575/575 576/576/576 554/554/554
f 554/554/554 542/542/542 575/575/575
f 491/491/491 575/575/575 527/527/527
f 558/558/558 554/554/554 576/576/576
f 527/527/527 575/575/575 542/542/542
f 491/491/491 569/569/569 581/581/581
f 463/463/463 569/569/569 491/491/491
f 489/489/489 492/492/492 461/461/461
f 569/569/569 463/463/463 528/528/528
f 568/568/568 492/492/492 489/489/489
f 463/463/463 431/431/431 528/528/528
f 431/431/431 428/428/428 460/460/460
f 368/368/368 394/394/394 431/431/431
f 424/424/424 461/461/461 492/492/492
f 428/428/428 431/431/431 394/394/394
f 431/431/431 460/460/460 528/528/528
f 431/431/431 463/463/463 420/420/420
f 420/420/420 368/368/368 431/431/431
f 424/424/424 397/397/397 461/461/461
f 461/461/461 436/436/436 489/489/489
f 397/397/397 436/436/436 461/461/461
f 1650/1650/1650 1704/1704/1704 1631/1631/1631
f 1631/1631/1631 1704/1704/1704 1694/1694/1694
f 1715/1715/1715 1742/1742/1742 1765/1765/1765
f 1715/1715/1715 1765/1765/1765 1748/1748/1748
f 1704/1704/1704 1742/1742/1742 1715/1715/1715
f 1704/1704/1704 1715/1715/1715 1694/1694/1694
f 1739/1739/1739 1741/1741/1741 1761/1761/1761
f 1739/1739/1739 1689/1689/1689 1684/1684/1684
f 1693/1693/1693 1684/1684/1684 1649/1649/1649
f 1741/1741/1741 1739/1739/1739 1693/1693/1693
f 1693/1693/1693 1739/1739/1739 1684/1684/1684
f 1741/1741/1741 1758/1758/1758 1761/1761/1761
f 1748/1748/1748 1818/1818/1818 1759/1759/1759
f 1776/1776/1776 1843/1843/1843 1778/1778/1778
f 1759/1759/1759 1818/1818/1818 1776/1776/1776
f 1776/1776/1776 1830/1830/1830 1843/1843/1843
f 1776/1776/1776 1818/1818/1818 1830/1830/1830
f 1741/1741/1741 1710/1710/1710 1758/1758/1758
f 1818/1818/1818 1748/1748/1748 1765/1765/1765
f 1548/1548/1548 1547/1547/1547 1376/1376/1376
f 1684/1684/1684 1689/1689/1689 1619/1619/1619
f 1378/1378/1378 1376/1376/1376 1547/1547/1547
f 45/45/45 1376/1376/1376 1378/1378/1378
f 1547/1547/1547 1651/1651/1651 1632/1632/1632
f 1651/1651/1651 1547/1547/1547 1548/1548/1548
f 1649/1649/1649 1684/1684/1684 1604/1604/1604
f 1504/1504/1504 1351/1351/1351 155/155/155
f 1503/1503/1503 1619/1619/1619 1517/1517/1517
f 1504/1504/1504 1518/1518/1518 1351/1351/1351
f 1684/1684/1684 1619/1619/1619 1604/1604/1604
f 1604/1604/1604 1619/1619/1619 1503/1503/1503
f 1720/1720/1720 1715/1715/1715 1748/1748/1748
f 1603/1603/1603 1693/1693/1693 1649/1649/1649
f 1720/1720/1720 1694/1694/1694 1715/1715/1715
f 1662/1662/1662 1694/1694/1694 1720/1720/1720
f 1662/1662/1662 1624/1624/1624 1694/1694/1694
f 1696/1696/1696 1741/1741/1741 1693/1693/1693
f 1631/1631/1631 1694/1694/1694 1624/1624/1624
f 1720/1720/1720 1748/1748/1748 1759/1759/1759
f 1747/1747/1747 1759/1759/1759 1776/1776/1776
f 1778/1778/1778 1747/1747/1747 1776/1776/1776
f 1759/1759/1759 1747/1747/1747 1706/1706/1706
f 1707/1707/1707 1758/1758/1758 1710/1710/1710
f 1758/1758/1758 1707/1707/1707 1768/1768/1768
f 1710/1710/1710 1741/1741/1741 1696/1696/1696
f 1759/1759/1759 1706/1706/1706 1720/1720/1720
f 1693/1693/1693 1603/1603/1603 1630/1630/1630
f 1693/1693/1693 1630/1630/1630 1696/1696/1696
f 1692/1692/1692 1747/1747/1747 1700/1700/1700
f 1692/1692/1692 1706/1706/1706 1747/1747/1747
f 1720/1720/1720 1706/1706/1706 1662/1662/1662
f 1378/1378/1378 1547/1547/1547 1326/1326/1326
f 1326/1326/1326 45/45/45 1378/1378/1378
f 1428/1428/1428 1604/1604/1604 1503/1503/1503
f 1649/1649/1649 1604/1604/1604 1603/1603/1603
f 1326/1326/1326 1547/1547/1547 1516/1516/1516
f 1516/1516/1516 1547/1547/1547 1632/1632/1632
f 1429/1429/1429 1504/1504/1504 70/70/70
f 70/70/70 1504/1504/1504 155/155/155
f 1515/1515/1515 1631/1631/1631 1624/1624/1624
f 1470/1470/1470 1604/1604/1604 1428/1428/1428
f 1604/1604/1604 1470/1470/1470 1603/1603/1603
f 1379/1379/1379 1326/1326/1326 1516/1516/1516
f 155/155/155 1351/1351/1351 216/216/216
f 208/208/208 256/256/256 45/45/45
f 314/314/314 256/256/256 208/208/208
f 256/256/256 314/314/314 357/357/357
f 155/155/155 216/216/216 330/330/330
f 214/214/214 1375/1375/1375 256/256/256
f 342/342/342 155/155/155 330/330/330
f 256/256/256 357/357/357 339/339/339
f 1376/1376/1376 45/45/45 256/256/256
f 256/256/256 339/339/339 214/214/214
f 388/388/388 415/415/415 446/446/446
f 342/342/342 415/415/415 388/388/388
f 342/342/342 330/330/330 415/415/415
f 413/413/413 449/449/449 452/452/452
f 339/339/339 357/357/357 413/413/413
f 406/406/406 449/449/449 413/413/413
f 406/406/406 413/413/413 357/357/357
f 449/449/449 480/480/480 452/452/452
f 449/449/449 406/406/406 435/435/435
f 450/450/450 446/446/446 481/481/481
f 523/523/523 449/449/449 464/464/464
f 450/450/450 481/481/481 531/531/531
f 522/522/522 484/484/484 543/543/543
f 449/449/449 523/523/523 480/480/480
f 465/465/465 484/484/484 522/522/522
f 484/484/484 493/493/493 543/543/543
f 543/543/543 498/498/498 558/558/558
f 498/498/498 543/543/543 493/493/493
f 450/450/450 534/534/534 475/475/475
f 534/534/534 450/450/450 531/531/531
f 476/476/476 535/535/535 541/541/541
f 464/464/464 449/449/449 435/435/435
f 388/388/388 446/446/446 412/412/412
f 412/412/412 446/446/446 450/450/450
f 355/355/355 357/357/357 291/291/291
f 1326/1326/1326 291/291/291 208/208/208
f 155/155/155 342/342/342 288/288/288
f 288/288/288 70/70/70 155/155/155
f 288/288/288 342/342/342 343/343/343
f 208/208/208 45/45/45 1326/1326/1326
f 291/291/291 314/314/314 208/208/208
f 291/291/291 357/357/357 314/314/314
f 222/222/222 70/70/70 288/288/288
f 298/298/298 291/291/291 206/206/206
f 206/206/206 291/291/291 90/90/90
f 291/291/291 1326/1326/1326 90/90/90
f 90/90/90 1326/1326/1326 1379/1379/1379
f 355/355/355 291/291/291 298/298/298
f 355/355/355 298/298/298 341/341/341
f 343/343/343 342/342/342 388/388/388
f 357/357/357 355/355/355 406/406/406
f 406/406/406 355/355/355 435/435/435
f 343/343/343 388/388/388 412/412/412
f 435/435/435 437/437/437 464/464/464
f 435/435/435 355/355/355 405/405/405
f 437/437/437 435/435/435 405/405/405
f 475/475/475 421/421/421 450/450/450
f 447/447/447 498/498/498 493/493/493
f 484/484/484 447/447/447 493/493/493
f 422/422/422 476/476/476 433/433/433
f 484/484/484 465/465/465 438/438/438
f 412/412/412 450/450/450 404/404/404
f 404/404/404 450/450/450 421/421/421
f 447/447/447 484/484/484 438/438/438
f 409/409/409 447/447/447 438/438/438
f 409/409/409 438/438/438 377/377/377
f 416/416/416 447/447/447 409/409/409
f 355/355/355 341/341/341 405/405/405
f 405/405/405 376/376/376 437/437/437
f 376/376/376 405/405/405 341/341/341
f 433/433/433 400/400/400 422/422/422
f 412/412/412 404/404/404 343/343/343
f 1778/1778/1778 1843/1843/1843 1835/1835/1835
f 1755/1755/1755 1819/1819/1819 1791/1791/1791
f 1768/1768/1768 1756/1756/1756 1810/1810/1810
f 1757/1757/1757 1766/1766/1766 1811/1811/1811
f 1766/1766/1766 1722/1722/1722 1749/1749/1749
f 1766/1766/1766 1757/1757/1757 1722/1722/1722
f 1755/1755/1755 1773/1773/1773 1835/1835/1835
f 1778/1778/1778 1835/1835/1835 1773/1773/1773
f 1819/1819/1819 1755/1755/1755 1835/1835/1835
f 1712/1712/1712 1731/1731/1731 1751/1751/1751
f 1656/1656/1656 1695/1695/1695 1717/1717/1717
f 1712/1712/1712 1667/1667/1667 1686/1686/1686
f 1722/1722/1722 1717/1717/1717 1749/1749/1749
f 1666/1666/1666 1717/1717/1717 1722/1722/1722
f 1666/1666/1666 1656/1656/1656 1717/1717/1717
f 1705/1705/1705 1731/1731/1731 1686/1686/1686
f 1754/1754/1754 1751/1751/1751 1731/1731/1731
f 1731/1731/1731 1712/1712/1712 1686/1686/1686
f 1751/1751/1751 1754/1754/1754 1790/1790/1790
f 1549/1549/1549 1612/1612/1612 1620/1620/1620
f 1608/1608/1608 1618/1618/1618 1667/1667/1667
f 1618/1618/1618 1608/1608/1608 1578/1578/1578
f 1686/1686/1686 1667/1667/1667 1618/1618/1618
f 1656/1656/1656 1620/1620/1620 1695/1695/1695
f 1578/1578/1578 1477/1477/1477 1313/1313/1313
f 1362/1362/1362 1313/1313/1313 1477/1477/1477
f 1461/1461/1461 1549/1549/1549 1403/1403/1403
f 1578/1578/1578 1608/1608/1608 1477/1477/1477
f 1403/1403/1403 86/86/86 1461/1461/1461
f 1549/1549/1549 1461/1461/1461 1612/1612/1612
f 1467/1467/1467 1403/1403/1403 1549/1549/1549
f 1620/1620/1620 1467/1467/1467 1549/1549/1549
f 1598/1598/1598 1620/1620/1620 1656/1656/1656
f 79/79/79 1403/1403/1403 1467/1467/1467
f 1467/1467/1467 1620/1620/1620 1598/1598/1598
f 1726/1726/1726 1773/1773/1773 1755/1755/1755
f 1754/1754/1754 1731/1731/1731 1725/1725/1725
f 1725/1725/1725 1731/1731/1731 1705/1705/1705
f 1773/1773/1773 1726/1726/1726 1732/1732/1732
f 1778/1778/1778 1732/1732/1732 1747/1747/1747
f 1768/1768/1768 1707/1707/1707 1756/1756/1756
f 1778/1778/1778 1773/1773/1773 1732/1732/1732
f 1708/1708/1708 1756/1756/1756 1707/1707/1707
f 1757/1757/1757 1709/1709/1709 1722/1722/1722
f 1587/1587/1587 1618/1618/1618 1578/1578/1578
f 79/79/79 1467/1467/1467 102/102/102
f 1686/1686/1686 1618/1618/1618 1587/1587/1587
f 1686/1686/1686 1648/1648/1648 1705/1705/1705
f 1313/1313/1313 1371/1371/1371 1578/1578/1578
f 1627/1627/1627 1656/1656/1656 1666/1666/1666
f 1648/1648/1648 1686/1686/1686 1587/1587/1587
f 1598/1598/1598 1656/1656/1656 1627/1627/1627
f 1371/1371/1371 1587/1587/1587 1578/1578/1578
f 1709/1709/1709 1679/1679/1679 1722/1722/1722
f 1679/1679/1679 1666/1666/1666 1722/1722/1722
f 1623/1623/1623 1705/1705/1705 1648/1648/1648
f 1705/1705/1705 1623/1623/1623 1658/1658/1658
f 1658/1658/1658 1677/1677/1677 1725/1725/1725
f 1705/1705/1705 1658/1658/1658 1725/1725/1725
f 1678/1678/1678 1732/1732/1732 1726/1726/1726
f 1747/1747/1747 1732/1732/1732 1700/1700/1700
f 1364/1364/1364 1467/1467/1467 1536/1536/1536
f 1411/1411/1411 1527/1527/1527 1587/1587/1587
f 1648/1648/1648 1527/1527/1527 1623/1623/1623
f 1648/1648/1648 1587/1587/1587 1527/1527/1527
f 1411/1411/1411 1587/1587/1587 1371/1371/1371
f 1536/1536/1536 1467/1467/1467 1598/1598/1598
f 1364/1364/1364 102/102/102 1467/1467/1467
f 1536/1536/1536 1598/1598/1598 1627/1627/1627
f 79/79/79 86/86/86 1403/1403/1403
f 87/87/87 259/259/259 305/305/305
f 215/215/215 53/53/53 234/234/234
f 259/259/259 87/87/87 80/80/80
f 53/53/53 215/215/215 1362/1362/1362
f 1362/1362/1362 215/215/215 1313/1313/1313
f 337/337/337 305/305/305 259/259/259
f 397/397/397 305/305/305 337/337/337
f 215/215/215 331/331/331 353/353/353
f 331/331/331 215/215/215 234/234/234
f 322/322/322 215/215/215 353/353/353
f 396/396/396 323/323/323 354/354/354
f 468/468/468 541/541/541 524/524/524
f 541/541/541 468/468/468 476/476/476
f 542/542/542 498/498/498 488/488/488
f 498/498/498 542/542/542 554/554/554
f 558/558/558 498/498/498 554/554/554
f 542/542/542 472/472/472 527/527/527
f 436/436/436 439/439/439 489/489/489
f 489/489/489 439/439/439 524/524/524
f 439/439/439 468/468/468 524/524/524
f 472/472/472 542/542/542 488/488/488
f 448/448/448 491/491/491 472/472/472
f 527/527/527 472/472/472 491/491/491
f 462/462/462 457/457/457 419/419/419
f 332/332/332 420/420/420 354/354/354
f 354/354/354 420/420/420 396/396/396
f 420/420/420 458/458/458 396/396/396
f 396/396/396 458/458/458 427/427/427
f 448/448/448 458/458/458 491/491/491
f 436/436/436 397/397/397 411/411/411
f 448/448/448 427/427/427 458/458/458
f 411/411/411 397/397/397 337/337/337
f 457/457/457 462/462/462 490/490/490
f 436/436/436 395/395/395 439/439/439
f 395/395/395 436/436/436 411/411/411
f 398/398/398 430/430/430 439/439/439
f 439/439/439 430/430/430 468/468/468
f 395/395/395 398/398/398 439/439/439
f 447/447/447 455/455/455 498/498/498
f 430/430/430 476/476/476 468/468/468
f 433/433/433 476/476/476 430/430/430
f 432/432/432 488/488/488 455/455/455
f 472/472/472 488/488/488 432/432/432
f 426/426/426 472/472/472 432/432/432
f 488/488/488 498/498/498 455/455/455
f 210/210/210 322/322/322 334/334/334
f 210/210/210 215/215/215 322/322/322
f 280/280/280 349/349/349 337/337/337
f 280/280/280 259/259/259 80/80/80
f 210/210/210 1313/1313/1313 215/215/215
f 337/337/337 259/259/259 280/280/280
f 280/280/280 80/80/80 103/103/103
f 1313/1313/1313 210/210/210 1371/1371/1371
f 396/396/396 382/382/382 335/335/335
f 349/349/349 395/395/395 411/411/411
f 426/426/426 427/427/427 448/448/448
f 396/396/396 427/427/427 382/382/382
f 349/349/349 411/411/411 337/337/337
f 323/323/323 396/396/396 335/335/335
f 382/382/382 427/427/427 426/426/426
f 426/426/426 448/448/448 472/472/472
f 400/400/400 430/430/430 398/398/398
f 414/414/414 455/455/455 416/416/416
f 414/414/414 432/432/432 455/455/455
f 432/432/432 414/414/414 399/399/399
f 385/385/385 432/432/432 399/399/399
f 400/400/400 433/433/433 430/430/430
f 447/447/447 416/416/416 455/455/455
f 432/432/432 385/385/385 426/426/426
f 103/103/103 247/247/247 280/280/280
f 1411/1411/1411 210/210/210 85/85/85
f 283/283/283 85/85/85 210/210/210
f 283/283/283 210/210/210 334/334/334
f 1371/1371/1371 210/210/210 1411/1411/1411
f 382/382/382 336/336/336 335/335/335
f 349/349/349 328/328/328 395/395/395
f 284/284/284 335/335/335 336/336/336
f 385/385/385 382/382/382 426/426/426
f 280/280/280 247/247/247 349/349/349
f 349/349/349 247/247/247 328/328/328
f 1615/1615/1615 1662/1662/1662 1663/1663/1663
f 1624/1624/1624 1662/1662/1662 1615/1615/1615
f 1515/1515/1515 1624/1624/1624 1615/1615/1615
f 1542/1542/1542 1630/1630/1630 1603/1603/1603
f 1542/1542/1542 1603/1603/1603 1470/1470/1470
f 1663/1663/1663 1662/1662/1662 1706/1706/1706
f 1659/1659/1659 1707/1707/1707 1710/1710/1710
f 1659/1659/1659 1710/1710/1710 1637/1637/1637
f 1630/1630/1630 1637/1637/1637 1696/1696/1696
f 1696/1696/1696 1637/1637/1637 1710/1710/1710
f 1663/1663/1663 1706/1706/1706 1692/1692/1692
f 1542/1542/1542 1470/1470/1470 1352/1352/1352
f 1615/1615/1615 1663/1663/1663 1622/1622/1622
f 1588/1588/1588 1630/1630/1630 1542/1542/1542
f 1521/1521/1521 1515/1515/1515 1615/1615/1615
f 1379/1379/1379 1516/1516/1516 1343/1343/1343
f 1516/1516/1516 1522/1522/1522 1343/1343/1343
f 1521/1521/1521 1615/1615/1615 1622/1622/1622
f 1625/1625/1625 1635/1635/1635 1692/1692/1692
f 1635/1635/1635 1663/1663/1663 1692/1692/1692
f 1692/1692/1692 1672/1672/1672 1625/1625/1625
f 1588/1588/1588 1637/1637/1637 1630/1630/1630
f 1700/1700/1700 1672/1672/1672 1692/1692/1692
f 1622/1622/1622 1663/1663/1663 1635/1635/1635
f 1700/1700/1700 1732/1732/1732 1698/1698/1698
f 1665/1665/1665 1629/1629/1629 1679/1679/1679
f 1709/1709/1709 1665/1665/1665 1679/1679/1679
f 1659/1659/1659 1664/1664/1664 1707/1707/1707
f 1664/1664/1664 1708/1708/1708 1707/1707/1707
f 1698/1698/1698 1732/1732/1732 1678/1678/1678
f 1536/1536/1536 1627/1627/1627 1595/1595/1595
f 1629/1629/1629 1666/1666/1666 1679/1679/1679
f 1666/1666/1666 1595/1595/1595 1627/1627/1627
f 1629/1629/1629 1595/1595/1595 1666/1666/1666
f 1526/1526/1526 1410/1410/1410 1322/1322/1322
f 1602/1602/1602 1664/1664/1664 1659/1659/1659
f 1644/1644/1644 1672/1672/1672 1678/1678/1678
f 1665/1665/1665 1597/1597/1597 1629/1629/1629
f 1698/1698/1698 1672/1672/1672 1700/1700/1700
f 1678/1678/1678 1672/1672/1672 1698/1698/1698
f 1602/1602/1602 1596/1596/1596 1664/1664/1664
f 1527/1527/1527 1321/1321/1321 7/7/7
f 1658/1658/1658 1577/1577/1577 1643/1643/1643
f 1577/1577/1577 1623/1623/1623 1527/1527/1527
f 1643/1643/1643 1677/1677/1677 1658/1658/1658
f 1577/1577/1577 1527/1527/1527 1474/1474/1474
f 1527/1527/1527 7/7/7 1474/1474/1474
f 1402/1402/1402 1364/1364/1364 1536/1536/1536
f 1402/1402/1402 1536/1536/1536 1595/1595/1595
f 1623/1623/1623 1577/1577/1577 1658/1658/1658
f 359/359/359 343/343/343 404/404/404
f 343/343/343 359/359/359 313/313/313
f 422/422/422 400/400/400 351/351/351
f 350/350/350 359/359/359 421/421/421
f 421/421/421 359/359/359 404/404/404
f 313/313/313 222/222/222 288/288/288
f 65/65/65 1429/1429/1429 70/70/70
f 222/222/222 65/65/65 70/70/70
f 313/313/313 288/288/288 343/343/343
f 1471/1471/1471 1429/1429/1429 65/65/65
f 260/260/260 298/298/298 150/150/150
f 90/90/90 1343/1343/1343 206/206/206
f 1353/1353/1353 1471/1471/1471 65/65/65
f 150/150/150 298/298/298 206/206/206
f 148/148/148 222/222/222 313/313/313
f 90/90/90 1379/1379/1379 1343/1343/1343
f 222/222/222 148/148/148 65/65/65
f 206/206/206 1343/1343/1343 150/150/150
f 341/341/341 260/260/260 294/294/294
f 260/260/260 341/341/341 298/298/298
f 326/326/326 409/409/409 377/377/377
f 313/313/313 359/359/359 289/289/289
f 294/294/294 376/376/376 341/341/341
f 294/294/294 325/325/325 376/376/376
f 360/360/360 416/416/416 371/371/371
f 350/350/350 289/289/289 359/359/359
f 371/371/371 416/416/416 409/409/409
f 400/400/400 345/345/345 351/351/351
f 371/371/371 409/409/409 326/326/326
f 1411/1411/1411 85/85/85 1321/1321/1321
f 85/85/85 283/283/283 149/149/149
f 1321/1321/1321 85/85/85 149/149/149
f 247/247/247 103/103/103 89/89/89
f 88/88/88 102/102/102 1364/1364/1364
f 328/328/328 247/247/247 290/290/290
f 398/398/398 345/345/345 400/400/400
f 345/345/345 398/398/398 344/344/344
f 344/344/344 328/328/328 290/290/290
f 395/395/395 344/344/344 398/398/398
f 395/395/395 328/328/328 344/344/344
f 382/382/382 385/385/385 336/336/336
f 129/129/129 247/247/247 89/89/89
f 129/129/129 290/290/290 247/247/247
f 7/7/7 283/283/283 161/161/161
f 1321/1321/1321 149/149/149 7/7/7
f 283/283/283 7/7/7 149/149/149
f 312/312/312 162/162/162 284/284/284
f 416/416/416 360/360/360 414/414/414
f 336/336/336 352/352/352 312/312/312
f 312/312/312 284/284/284 336/336/336
f 352/352/352 399/399/399 360/360/360
f 414/414/414 360/360/360 399/399/399
f 352/352/352 385/385/385 399/399/399
f 352/352/352 336/336/336 385/385/385
f 1605/1605/1605 1622/1622/1622 1635/1635/1635
f 1625/1625/1625 1605/1605/1605 1635/1635/1635
f 1637/1637/1637 1602/1602/1602 1659/1659/1659
f 1588/1588/1588 1542/1542/1542 1494/1494/1494
f 1602/1602/1602 1637/1637/1637 1584/1584/1584
f 1584/1584/1584 1637/1637/1637 1588/1588/1588
f 1584/1584/1584 1588/1588/1588 1494/1494/1494
f 1605/1605/1605 1521/1521/1521 1622/1622/1622
f 1352/1352/1352 1494/1494/1494 1542/1542/1542
f 1343/1343/1343 1522/1522/1522 1430/1430/1430
f 29/29/29 1343/1343/1343 1430/1430/1430
f 1510/1510/1510 1558/1558/1558 1524/1524/1524
f 1571/1571/1571 1524/1524/1524 1558/1558/1558
f 1562/1562/1562 1521/1521/1521 1605/1605/1605
f 1584/1584/1584 1571/1571/1571 1602/1602/1602
f 1610/1610/1610 1605/1605/1605 1625/1625/1625
f 1610/1610/1610 1562/1562/1562 1605/1605/1605
f 1571/1571/1571 1584/1584/1584 1524/1524/1524
f 1606/1606/1606 1562/1562/1562 1610/1610/1610
f 1562/1562/1562 1606/1606/1606 1568/1568/1568
f 1524/1524/1524 1584/1584/1584 1494/1494/1494
f 1390/1390/1390 29/29/29 1430/1430/1430
f 1521/1521/1521 1562/1562/1562 1389/1389/1389
f 1522/1522/1522 1390/1390/1390 1430/1430/1430
f 1360/1360/1360 1494/1494/1494 1352/1352/1352
f 1494/1494/1494 1360/1360/1360 1473/1473/1473
f 29/29/29 1390/1390/1390 51/51/51
f 1473/1473/1473 1372/1372/1372 1510/1510/1510
f 1372/1372/1372 1473/1473/1473 1360/1360/1360
f 1473/1473/1473 1510/1510/1510 1524/1524/1524
f 1524/1524/1524 1494/1494/1494 1473/1473/1473
f 1404/1404/1404 1510/1510/1510 1372/1372/1372
f 1562/1562/1562 1438/1438/1438 1389/1389/1389
f 1438/1438/1438 1562/1562/1562 1568/1568/1568
f 1498/1498/1498 1479/1479/1479 1560/1560/1560
f 1438/1438/1438 1568/1568/1568 1561/1561/1561
f 1561/1561/1561 1480/1480/1480 1438/1438/1438
f 1335/1335/1335 1479/1479/1479 1498/1498/1498
f 1479/1479/1479 1335/1335/1335 1324/1324/1324
f 1325/1325/1325 1439/1439/1439 1481/1481/1481
f 1405/1405/1405 1374/1374/1374 62/62/62
f 1334/1334/1334 1495/1495/1495 1407/1407/1407
f 51/51/51 1440/1440/1440 74/74/74
f 51/51/51 1390/1390/1390 1440/1440/1440
f 1606/1606/1606 1561/1561/1561 1568/1568/1568
f 1601/1601/1601 1561/1561/1561 1606/1606/1606
f 1557/1557/1557 1532/1532/1532 1573/1573/1573
f 1558/1558/1558 1575/1575/1575 1571/1571/1571
f 1497/1497/1497 1544/1544/1544 1534/1534/1534
f 1408/1408/1408 1496/1496/1496 1533/1533/1533
f 1406/1406/1406 1532/1532/1532 1509/1509/1509
f 1498/1498/1498 1560/1560/1560 1543/1543/1543
f 1532/1532/1532 1557/1557/1557 1509/1509/1509
f 1546/1546/1546 1629/1629/1629 1597/1597/1597
f 1546/1546/1546 1402/1402/1402 1595/1595/1595
f 1672/1672/1672 1626/1626/1626 1625/1625/1625
f 1546/1546/1546 1595/1595/1595 1629/1629/1629
f 1577/1577/1577 1616/1616/1616 1643/1643/1643
f 1617/1617/1617 1672/1672/1672 1644/1644/1644
f 1626/1626/1626 1672/1672/1672 1617/1617/1617
f 1625/1625/1625 1611/1611/1611 1610/1610/1610
f 1611/1611/1611 1625/1625/1625 1626/1626/1626
f 1566/1566/1566 1596/1596/1596 1602/1602/1602
f 1520/1520/1520 1597/1597/1597 1567/1567/1567
f 1566/1566/1566 1602/1602/1602 1571/1571/1571
f 1617/1617/1617 1611/1611/1611 1626/1626/1626
f 1611/1611/1611 1617/1617/1617 1592/1592/1592
f 1575/1575/1575 1566/1566/1566 1571/1571/1571
f 1520/1520/1520 1567/1567/1567 1514/1514/1514
f 1606/1606/1606 1610/1610/1610 1609/1609/1609
f 1576/1576/1576 1554/1554/1554 1567/1567/1567
f 1514/1514/1514 1567/1567/1567 1554/1554/1554
f 1609/1609/1609 1610/1610/1610 1611/1611/1611
f 1611/1611/1611 1590/1590/1590 1609/1609/1609
f 1590/1590/1590 1611/1611/1611 1592/1592/1592
f 1582/1582/1582 1601/1601/1601 1609/1609/1609
f 1545/1545/1545 1541/1541/1541 1535/1535/1535
f 1535/1535/1535 1541/1541/1541 1531/1531/1531
f 1601/1601/1601 1606/1606/1606 1609/1609/1609
f 1579/1579/1579 1559/1559/1559 1600/1600/1600
f 1580/1580/1580 1543/1543/1543 1560/1560/1560
f 1543/1543/1543 1580/1580/1580 1539/1539/1539
f 1532/1532/1532 1528/1528/1528 1573/1573/1573
f 1459/1459/1459 1466/1466/1466 1540/1540/1540
f 1466/1466/1466 1530/1530/1530 1540/1540/1540
f 1513/1513/1513 1574/1574/1574 1529/1529/1529
f 1465/1465/1465 1513/1513/1513 1529/1529/1529
f 1590/1590/1590 1582/1582/1582 1609/1609/1609
f 1572/1572/1572 1512/1512/1512 1553/1553/1553
f 1591/1591/1591 1474/1474/1474 1506/1506/1506
f 1474/1474/1474 1591/1591/1591 1577/1577/1577
f 1597/1597/1597 1520/1520/1520 1546/1546/1546
f 1591/1591/1591 1616/1616/1616 1577/1577/1577
f 1514/1514/1514 1468/1468/1468 1520/1520/1520
f 1468/1468/1468 1546/1546/1546 1520/1520/1520
f 1546/1546/1546 1468/1468/1468 1402/1402/1402
f 1344/1344/1344 1474/1474/1474 7/7/7
f 1514/1514/1514 1393/1393/1393 1468/1468/1468
f 1468/1468/1468 8/8/8 1402/1402/1402
f 1393/1393/1393 8/8/8 1468/1468/1468
f 1344/1344/1344 1506/1506/1506 1474/1474/1474
f 1344/1344/1344 1448/1448/1448 1506/1506/1506
f 1448/1448/1448 1537/1537/1537 1506/1506/1506
f 1537/1537/1537 1591/1591/1591 1506/1506/1506
f 1425/1425/1425 1539/1539/1539 1580/1580/1580
f 1581/1581/1581 1589/1589/1589 1537/1537/1537
f 1465/1465/1465 1392/1392/1392 1513/1513/1513
f 1537/1537/1537 1448/1448/1448 1426/1426/1426
f 1457/1457/1457 1539/1539/1539 1425/1425/1425
f 1589/1589/1589 1591/1591/1591 1537/1537/1537
f 1427/1427/1427 1583/1583/1583 1538/1538/1538
f 24/24/24 1448/1448/1448 1344/1344/1344
f 27/27/27 8/8/8 1393/1393/1393
f 1392/1392/1392 1465/1465/1465 59/59/59
f 1448/1448/1448 24/24/24 1426/1426/1426
f 1356/1356/1356 1464/1464/1464 1458/1458/1458
f 25/25/25 1392/1392/1392 59/59/59
f 1357/1357/1357 1457/1457/1457 1425/1425/1425
f 1356/1356/1356 57/57/57 1464/1464/1464
f 148/148/148 1353/1353/1353 65/65/65
f 313/313/313 289/289/289 218/218/218
f 326/326/326 333/333/333 371/371/371
f 29/29/29 260/260/260 150/150/150
f 289/289/289 350/350/350 310/310/310
f 203/203/203 294/294/294 260/260/260
f 1343/1343/1343 29/29/29 150/150/150
f 148/148/148 313/313/313 218/218/218
f 260/260/260 29/29/29 203/203/203
f 258/258/258 290/290/290 129/129/129
f 1364/1364/1364 1402/1402/1402 88/88/88
f 88/88/88 1402/1402/1402 128/128/128
f 352/352/352 333/333/333 319/319/319
f 345/345/345 299/299/299 311/311/311
f 360/360/360 371/371/371 333/333/333
f 333/333/333 352/352/352 360/360/360
f 345/345/345 311/311/311 351/351/351
f 299/299/299 344/344/344 258/258/258
f 345/345/345 344/344/344 299/299/299
f 312/312/312 293/293/293 162/162/162
f 312/312/312 352/352/352 293/293/293
f 258/258/258 344/344/344 290/290/290
f 293/293/293 352/352/352 319/319/319
f 1361/1361/1361 1353/1353/1353 148/148/148
f 217/217/217 203/203/203 51/51/51
f 203/203/203 29/29/29 51/51/51
f 64/64/64 1361/1361/1361 148/148/148
f 63/63/63 209/209/209 205/205/205
f 209/209/209 63/63/63 64/64/64
f 209/209/209 148/148/148 218/218/218
f 64/64/64 148/148/148 209/209/209
f 294/294/294 203/203/203 217/217/217
f 300/300/300 294/294/294 217/217/217
f 254/254/254 300/300/300 217/217/217
f 294/294/294 300/300/300 325/325/325
f 333/333/333 326/326/326 318/318/318
f 310/310/310 281/281/281 289/289/289
f 218/218/218 281/281/281 209/209/209
f 318/318/318 326/326/326 301/301/301
f 289/289/289 281/281/281 218/218/218
f 311/311/311 287/287/287 282/282/282
f 309/309/309 318/318/318 301/301/301
f 254/254/254 307/307/307 300/300/300
f 205/205/205 209/209/209 281/281/281
f 269/269/269 287/287/287 279/279/279
f 205/205/205 281/281/281 268/268/268
f 269/269/269 282/282/282 287/287/287
f 217/217/217 51/51/51 74/74/74
f 1373/1373/1373 1361/1361/1361 63/63/63
f 63/63/63 1361/1361/1361 64/64/64
f 74/74/74 254/254/254 217/217/217
f 204/204/204 223/223/223 136/136/136
f 122/122/122 254/254/254 74/74/74
f 1336/1336/1336 1409/1409/1409 134/134/134
f 1335/1335/1335 249/249/249 1324/1324/1324
f 252/252/252 1336/1336/1336 134/134/134
f 1323/1323/1323 248/248/248 121/121/121
f 1439/1439/1439 120/120/120 75/75/75
f 136/136/136 62/62/62 204/204/204
f 62/62/62 136/136/136 1405/1405/1405
f 1325/1325/1325 120/120/120 1439/1439/1439
f 239/239/239 137/137/137 225/225/225
f 223/223/223 204/204/204 266/266/266
f 254/254/254 122/122/122 250/250/250
f 253/253/253 135/135/135 238/238/238
f 250/250/250 307/307/307 254/254/254
f 318/318/318 309/309/309 316/316/316
f 231/231/231 224/224/224 267/267/267
f 315/315/315 308/308/308 251/251/251
f 297/297/297 253/253/253 238/238/238
f 295/295/295 315/315/315 251/251/251
f 231/231/231 267/267/267 278/278/278
f 240/240/240 226/226/226 233/233/233
f 303/303/303 318/318/318 304/304/304
f 319/319/319 333/333/333 303/303/303
f 303/303/303 333/333/333 318/318/318
f 279/279/279 230/230/230 196/196/196
f 196/196/196 230/230/230 156/156/156
f 230/230/230 258/258/258 156/156/156
f 230/230/230 279/279/279 287/287/287
f 230/230/230 299/299/299 258/258/258
f 287/287/287 299/299/299 230/230/230
f 287/287/287 311/311/311 299/299/299
f 9/9/9 156/156/156 129/129/129
f 161/161/161 1344/1344/1344 7/7/7
f 161/161/161 171/171/171 1344/1344/1344
f 128/128/128 1402/1402/1402 8/8/8
f 156/156/156 28/28/28 196/196/196
f 24/24/24 1344/1344/1344 171/171/171
f 28/28/28 156/156/156 9/9/9
f 257/257/257 293/293/293 303/303/303
f 162/162/162 257/257/257 172/172/172
f 257/257/257 162/162/162 293/293/293
f 293/293/293 319/319/319 303/303/303
f 156/156/156 258/258/258 129/129/129
f 232/232/232 61/61/61 228/228/228
f 24/24/24 171/171/171 219/219/219
f 1357/1357/1357 1425/1425/1425 152/152/152
f 1357/1357/1357 152/152/152 99/99/99
f 1426/1426/1426 24/24/24 153/153/153
f 153/153/153 24/24/24 219/219/219
f 60/60/60 231/231/231 195/195/195
f 58/58/58 1358/1358/1358 100/100/100
f 101/101/101 228/228/228 61/61/61
f 60/60/60 195/195/195 26/26/26
f 195/195/195 231/231/231 278/278/278
f 316/316/316 304/304/304 318/318/318
f 296/296/296 304/304/304 316/316/316
f 297/297/297 238/238/238 227/227/227
f 240/240/240 233/233/233 229/229/229
f 99/99/99 152/152/152 297/297/297
f 220/220/220 296/296/296 154/154/154
f 220/220/220 172/172/172 257/257/257
f 303/303/303 220/220/220 257/257/257
f 99/99/99 297/297/297 227/227/227
f 220/220/220 303/303/303 304/304/304
f 296/296/296 220/220/220 304/304/304
